"customer_id","recency_days","frequency","total_monetary"
17592,713,2,3190.88
372,1193,3,3012.48
3251,65,4,2764.39
14135,736,3,2746.05
17547,198,1,2680.64
6322,1024,4,2599.01
3640,522,2,2563.41
503,1200,5,2555.75
9912,206,3,2553.41
13621,677,2,2487.41
14495,294,1,2405.95
5752,63,6,2394.05
13894,62,5,2386.11
11283,251,3,2385.33
11172,231,4,2317.76
10342,131,3,2225.35
17016,35,5,2219.31
16232,117,6,2208.57
8123,476,4,2189.77
9573,92,6,2184.9
2223,220,2,2131.82
12502,220,2,2130.68
16148,1037,3,2100.63
16565,368,4,2084.11
10266,312,2,2083.81
8355,176,4,2082.19
4647,826,2,2065.72
6242,283,4,2011.49
4900,1367,4,2000.93
4584,311,2,1982.86
4302,649,3,1959.98
7032,1217,2,1957.69
6422,492,4,1937.37
11879,1041,2,1936.84
19684,1080,3,1932.35
18881,607,2,1922.52
3769,149,4,1895.5
14819,616,5,1879.01
15858,254,3,1866.46
13725,696,1,1864.84
8857,419,3,1854.87
9842,388,2,1849.36
13437,1209,2,1843.31
18426,364,2,1842.65
12576,260,4,1814.47
4406,485,3,1800.83
6166,51,6,1795.76
18562,69,7,1783.07
12997,158,4,1772.02
8845,516,3,1737.88
6814,145,7,1730.34
13282,75,7,1718.26
15435,32,5,1715.16
16797,383,6,1710.91
16241,149,6,1702.64
4414,313,3,1690.55
6425,219,6,1687.29
2986,571,5,1670.98
1625,410,1,1667.97
12438,733,4,1666.74
18646,1654,3,1656.13
8521,512,5,1654.47
13701,729,4,1649.67
13628,1311,2,1645.45
12832,226,4,1640.65
13389,1437,3,1629.94
117,30,5,1628.61
14195,771,3,1623.28
10493,50,7,1615.84
19786,78,6,1601.05
17246,80,5,1599.95
17151,1525,4,1598.69
5498,450,4,1593.67
13513,1,6,1591.95
15108,393,5,1585.64
6510,1500,2,1583.33
14088,586,6,1581.25
2923,224,4,1578.05
10895,436,5,1577.24
14638,1153,1,1575.98
830,1594,3,1561.37
14540,28,6,1557.16
8687,94,6,1555.5
18696,372,6,1553.98
12117,810,3,1553.58
4077,91,3,1533.45
19783,255,3,1531.63
10502,74,4,1528.97
109,139,1,1518.16
5091,131,3,1516.42
18092,60,3,1505.86
12402,1426,2,1505.12
7815,534,3,1497.1
1406,243,5,1493.75
1286,684,1,1484.96
12974,1047,5,1476.92
12646,51,4,1463.58
16524,1356,2,1460.9
5450,169,6,1460.11
12993,147,5,1456.99
1189,1057,3,1456.0
14657,990,2,1455.5
15647,1078,4,1455.5
3442,1554,1,1452.37
5592,82,3,1451.44
4656,500,5,1447.21
12930,1588,4,1445.31
8374,288,6,1444.43
9673,371,6,1443.53
2769,7,4,1437.47
8431,314,6,1433.7
19568,144,4,1432.92
17527,1024,2,1430.31
5199,35,5,1427.69
18335,196,4,1425.29
19929,335,5,1425.13
18880,1405,2,1424.62
19643,27,4,1423.92
17042,142,6,1423.73
847,6,5,1423.46
9538,690,8,1417.23
7117,1,3,1413.37
10725,297,2,1411.88
15522,484,5,1411.11
9575,1165,5,1408.83
7064,641,3,1403.91
11621,872,3,1401.04
19494,605,7,1399.0
9735,1065,2,1396.26
6851,368,3,1395.01
6068,1125,4,1394.5
6828,836,4,1393.1
5329,840,3,1392.45
8385,524,4,1386.37
12392,97,5,1385.16
634,109,2,1382.04
14672,262,3,1381.29
13047,259,3,1379.58
3678,149,5,1378.33
7795,912,1,1376.17
18539,199,5,1363.18
7536,420,2,1360.86
1459,302,4,1354.84
18727,1505,1,1352.61
7977,72,5,1348.87
12912,308,3,1347.97
8689,135,8,1344.22
13632,478,4,1341.97
6543,516,6,1338.35
18551,601,3,1336.66
16138,478,4,1336.64
1018,923,5,1331.47
8714,1323,4,1330.88
13854,1436,4,1330.76
5220,422,3,1329.66
19275,51,7,1328.12
2974,3,5,1325.64
12905,626,5,1324.32
3783,137,5,1315.55
455,287,6,1315.51
5258,1255,5,1309.03
1551,198,3,1308.97
9018,477,2,1308.4
11557,981,4,1306.34
14279,391,4,1300.47
10547,883,5,1299.03
9006,127,5,1295.61
17692,214,1,1293.76
13483,59,6,1293.53
4959,177,4,1292.44
6901,113,6,1291.19
13130,722,1,1285.0
11236,202,4,1284.92
12508,375,6,1282.4
816,518,3,1281.82
2078,899,3,1280.55
2980,518,3,1280.55
15475,416,6,1279.62
1997,393,5,1277.07
395,350,5,1276.08
2574,690,5,1275.26
6852,307,3,1274.11
12210,199,2,1272.43
18919,143,5,1269.3
16159,81,6,1268.15
1165,1123,3,1267.83
18805,744,4,1267.07
2609,322,1,1266.59
18436,1451,5,1266.42
14168,368,4,1265.69
17281,636,4,1265.43
2812,669,3,1265.23
1102,306,3,1259.65
5041,917,5,1254.25
6430,1526,3,1253.17
7012,487,3,1251.37
15130,719,4,1251.34
14898,653,4,1250.61
10734,1598,3,1249.47
4191,359,9,1249.39
17254,371,5,1248.92
4534,62,3,1248.4
18524,3,4,1246.62
3840,321,4,1245.37
14440,524,4,1242.93
6931,733,2,1241.71
4213,388,4,1241.61
19553,806,1,1240.95
3411,235,5,1240.86
9617,87,1,1237.93
15729,530,6,1235.15
4791,385,3,1234.46
3522,15,3,1234.3
11446,173,3,1233.45
10804,419,3,1233.19
10926,61,4,1232.3
12313,2023,1,1232.29
6563,573,6,1228.41
11176,1156,3,1225.17
16432,84,3,1224.21
2561,18,3,1223.5
9718,905,3,1222.8
16095,464,4,1222.58
2971,19,5,1222.16
2710,1284,3,1221.6
7230,46,4,1219.94
19674,1488,3,1219.91
16274,623,3,1213.65
13968,331,5,1212.9
9854,88,3,1211.92
17347,143,3,1208.88
7041,1451,1,1208.79
17381,1724,2,1208.69
12139,725,3,1208.12
15245,184,3,1206.27
11780,1522,2,1203.47
18783,77,5,1202.38
10043,305,3,1198.27
11649,52,3,1197.09
11920,171,4,1196.13
1398,45,4,1195.02
7018,564,5,1191.35
4162,352,6,1189.25
16697,857,3,1186.65
13731,605,4,1186.52
16487,874,4,1185.93
6448,594,2,1185.65
8861,76,5,1185.23
13345,1777,2,1183.75
10555,35,1,1182.04
5132,231,3,1181.76
17979,443,3,1179.47
17289,125,3,1179.39
10845,383,8,1177.65
2291,107,3,1177.52
6063,459,4,1176.14
3806,464,5,1176.13
294,1020,2,1175.8
3177,239,4,1175.11
5317,75,2,1174.22
9675,1036,2,1172.27
17243,386,3,1171.57
13350,1170,2,1171.38
13716,611,3,1169.98
2965,935,2,1166.15
19743,111,4,1165.57
12213,57,3,1164.78
14616,134,7,1164.38
6951,583,2,1163.46
15029,433,4,1160.64
16635,672,4,1158.05
7761,1242,5,1154.43
4292,694,2,1153.89
16469,1066,5,1153.45
1088,85,3,1152.82
10463,837,2,1151.25
13722,413,4,1149.88
7011,340,3,1146.69
7167,13,3,1145.99
14131,259,5,1144.72
9760,1256,2,1143.78
17384,1473,2,1143.02
18515,148,4,1142.03
12565,273,5,1141.92
18664,98,3,1139.39
4167,48,5,1139.24
7197,695,5,1137.21
17083,90,6,1133.39
18257,1232,2,1133.0
15195,1818,2,1132.71
9723,195,3,1131.72
12854,265,3,1131.62
7003,322,6,1131.03
18382,187,5,1131.0
13561,1490,5,1130.65
741,42,3,1129.97
8322,25,2,1126.84
988,206,3,1126.83
3082,1011,4,1124.96
6704,651,5,1124.13
19111,778,4,1123.6
253,72,3,1123.22
2865,604,3,1123.2
12448,1824,1,1122.22
15977,227,4,1120.71
15677,846,2,1120.18
6051,400,4,1119.04
4730,158,4,1118.99
16940,222,6,1118.77
10751,145,3,1118.04
5429,101,3,1118.04
6803,396,2,1117.76
7474,258,3,1114.53
7325,1230,2,1112.24
402,329,3,1109.08
6220,79,5,1108.47
18965,50,6,1104.11
8427,1,2,1103.53
8545,150,4,1101.96
11864,202,4,1101.54
10473,392,3,1101.35
4146,62,1,1101.3
7870,87,2,1099.94
7245,19,4,1095.51
8490,878,4,1094.08
5305,171,2,1093.81
8936,760,4,1093.74
8918,729,5,1092.84
14911,149,4,1092.59
19827,1375,3,1090.99
16467,593,3,1090.84
15849,388,4,1090.82
3075,240,3,1090.59
9454,2029,1,1089.48
6892,111,4,1089.25
19222,207,3,1088.27
9182,70,6,1087.19
10536,1585,1,1086.4
19364,61,3,1086.18
4983,1017,6,1084.36
2953,541,3,1084.22
13176,996,3,1083.35
11493,253,4,1081.83
6733,326,2,1081.6
12004,680,6,1080.41
19100,891,3,1079.26
9523,429,3,1078.92
7007,29,5,1077.57
1865,371,4,1076.29
7776,228,4,1075.23
8050,801,5,1074.81
15517,504,2,1074.2
9817,707,2,1073.94
11685,11,5,1070.9
7591,107,7,1070.4
3835,628,2,1069.94
12197,453,4,1069.86
8673,639,2,1069.81
17829,500,5,1068.27
9086,811,5,1067.62
14856,774,4,1067.17
13314,485,3,1065.03
4450,482,5,1063.93
1772,27,6,1063.82
6133,703,2,1063.61
4749,864,3,1062.95
7625,104,5,1062.47
11254,285,6,1062.15
12082,32,4,1061.15
4328,227,4,1060.0
612,550,5,1058.41
11625,726,3,1056.61
1126,628,4,1056.22
9101,51,5,1055.32
15214,2077,1,1055.12
5634,178,4,1054.57
327,209,6,1054.39
16126,231,4,1054.3
7649,827,3,1051.2
12528,1086,2,1051.16
6293,794,3,1050.74
3139,586,3,1050.34
10294,3,6,1049.81
18876,1148,1,1049.68
9284,239,5,1049.26
40,190,5,1047.96
13738,323,5,1047.52
6003,1324,2,1047.26
17005,1303,1,1046.68
9449,453,3,1046.35
8979,153,3,1045.64
14917,1004,4,1045.54
3525,219,5,1045.49
14227,213,3,1044.74
7595,750,6,1043.92
12072,1825,3,1043.6
7110,551,3,1043.58
19311,632,4,1043.53
5402,84,5,1043.49
5946,883,3,1043.39
12341,616,3,1042.98
3415,357,2,1041.79
14665,109,4,1041.33
7115,1750,2,1041.19
971,654,4,1040.06
1168,247,2,1039.97
5584,875,3,1038.09
15895,1217,4,1037.88
10365,198,4,1037.77
7232,1324,2,1036.93
2244,689,3,1035.98
1633,402,3,1035.65
15039,838,2,1034.22
12969,76,3,1034.1
6144,12,4,1033.99
13124,196,2,1033.81
16047,583,2,1033.15
19415,210,4,1033.04
17068,547,5,1032.63
19555,176,3,1032.27
14115,594,2,1031.53
11960,1169,2,1031.12
18610,1913,2,1030.13
15940,221,7,1029.77
15349,1105,4,1029.46
6013,236,2,1028.03
10606,232,5,1027.1
9600,212,4,1026.48
13504,274,2,1025.87
13222,610,2,1025.1
12171,391,3,1024.29
5164,876,3,1024.22
3530,1145,3,1024.18
13218,92,5,1024.16
3179,416,3,1023.57
12839,778,1,1023.55
3360,540,4,1021.78
19398,862,3,1021.65
5865,853,6,1020.92
16946,182,2,1020.62
17117,784,3,1019.8
9542,847,4,1019.54
10928,39,7,1019.53
14439,25,4,1019.35
17948,398,3,1019.21
19982,278,2,1019.15
6375,900,2,1018.92
9413,862,3,1018.8
2226,245,6,1017.37
17639,660,3,1017.27
10829,316,6,1015.65
11842,1056,3,1014.91
6005,1182,2,1012.23
14283,10,4,1011.87
15316,360,2,1011.63
10722,1042,1,1009.92
3373,615,3,1009.78
6678,296,5,1009.62
7335,97,4,1008.75
12862,467,3,1008.72
19160,823,4,1008.36
12369,74,3,1008.25
16160,616,2,1007.99
14400,564,2,1003.39
4334,69,4,1003.0
5292,60,3,1002.65
11347,514,2,1001.22
12296,759,1,1000.74
3763,286,4,1000.7
19450,1404,1,999.18
16246,131,4,999.16
10031,464,2,998.7
12090,225,3,997.41
7834,302,4,996.38
6421,548,2,996.06
498,17,5,996.04
15833,10,3,995.76
11265,281,2,994.51
18334,175,3,993.79
11861,1611,1,992.3
2510,237,2,992.2
9848,924,4,992.0
15757,1245,3,990.97
745,16,3,989.98
2571,8,4,988.89
4403,217,5,988.85
6332,73,2,987.11
18957,957,3,985.66
8684,100,5,985.62
15731,182,2,985.5
17978,1228,3,983.62
9287,209,5,983.61
13751,109,7,983.46
14177,1234,2,983.37
6152,71,2,983.33
19690,129,5,981.31
13747,639,4,981.24
3609,323,5,980.94
10871,154,5,980.01
4933,255,5,979.95
2133,1124,3,979.85
19427,395,6,979.47
11606,301,2,978.35
16286,705,3,977.65
4413,270,3,975.65
16421,532,3,975.04
11144,184,6,974.85
11628,856,3,974.03
13108,45,3,973.83
19341,128,5,973.5
11228,1434,2,972.36
13210,1600,1,971.75
12876,704,6,970.58
4735,137,3,968.71
79,509,3,968.37
5922,1983,2,967.75
644,430,5,966.76
8647,768,4,966.62
18448,968,5,966.33
5668,458,3,965.75
3989,431,5,965.33
10139,971,6,964.76
18385,827,1,964.34
793,341,2,964.02
8791,284,3,963.6
2819,338,4,963.55
9169,1876,2,963.03
5813,1599,3,962.59
3779,228,4,962.47
261,1579,2,962.45
10565,674,1,962.18
16967,319,4,961.42
16985,604,3,960.84
15059,503,3,960.72
8560,514,2,960.34
8960,109,5,960.18
12511,266,7,959.82
11965,188,2,959.48
8373,1400,3,959.41
289,642,2,959.12
17572,346,3,959.06
3754,518,3,958.49
6627,690,2,958.06
7648,1119,4,957.99
13014,579,4,957.94
10973,1449,1,957.21
19785,342,6,956.74
13999,823,2,956.06
14301,76,3,955.4
19151,303,4,954.82
17055,353,5,954.79
17832,327,4,954.65
3116,25,6,953.89
18,380,4,953.55
1816,551,4,953.33
12647,2,5,952.73
4332,1315,1,952.26
4086,187,2,952.13
9109,0,4,951.97
14747,750,2,951.6
16968,588,3,949.84
13987,548,5,949.47
4515,314,3,948.35
14383,167,3,948.28
3641,1090,3,947.7
7756,1562,2,947.48
17615,384,4,947.32
15060,965,2,947.09
1427,680,3,946.43
16845,385,2,946.19
6017,122,5,946.06
18372,40,4,944.91
6824,49,4,944.67
1469,230,3,944.37
13230,420,2,944.24
16114,19,6,943.48
4549,411,6,942.93
18180,273,5,942.39
4447,425,2,941.47
15843,640,2,941.36
6216,609,2,939.88
5768,293,5,939.06
12958,804,2,937.96
16116,800,2,937.83
15951,559,2,937.81
13895,624,1,937.22
10904,203,5,936.79
6859,522,4,936.66
2306,49,5,935.62
9835,618,3,935.29
3501,160,6,933.92
13020,1695,1,933.88
17588,142,4,932.59
5674,473,3,931.74
14893,831,3,931.7
16772,124,3,931.32
13050,375,3,930.92
14145,468,4,930.32
265,256,4,930.08
8114,354,4,929.86
5333,294,1,928.65
17193,731,2,928.48
11796,148,2,927.72
18818,366,5,926.65
15446,235,6,926.02
818,1075,2,925.6
17696,199,3,925.59
9493,568,2,925.59
5963,59,6,924.77
2638,59,3,924.71
5133,344,6,923.88
18392,214,3,922.62
9963,24,4,922.55
13246,890,1,922.38
1460,414,4,922.21
15128,66,4,921.69
18933,253,5,921.58
11876,728,3,921.49
17278,702,5,920.6
14549,566,4,920.42
16949,258,4,920.39
18012,592,2,919.73
13671,1237,1,917.19
769,876,2,916.18
11502,255,5,916.13
17304,656,4,915.13
14698,331,3,914.54
2121,141,6,913.92
10689,26,4,913.44
2749,126,5,913.04
1937,241,3,912.55
3600,223,4,912.23
7444,474,3,911.03
2629,301,6,910.94
14221,347,2,910.84
9471,186,4,910.7
17845,711,4,909.72
16174,192,4,909.56
19535,1110,4,908.92
14869,663,3,907.82
9335,10,4,907.68
14271,1722,1,907.15
9624,972,2,906.64
15088,744,2,906.34
8240,829,1,906.02
13328,783,1,905.75
6792,198,4,905.54
15502,821,5,905.4
314,196,3,904.43
14043,353,4,904.33
7963,85,5,903.99
17929,892,1,903.9
18471,685,3,903.9
16863,446,4,903.84
14783,333,3,903.67
10220,758,4,903.45
15795,446,2,903.22
1344,591,4,902.61
3391,184,4,901.53
4109,33,4,901.19
3586,696,3,900.03
17222,4,4,899.91
15597,867,2,899.57
15784,833,4,899.57
11747,120,7,899.49
6025,709,4,898.97
8031,502,4,898.83
2960,1252,3,897.39
14634,1030,3,897.36
2807,272,4,896.95
5716,26,3,896.75
7825,332,4,896.37
17141,343,5,896.25
19771,792,3,896.22
14732,131,4,894.72
6537,481,4,894.27
10770,295,2,893.99
10392,1034,4,893.46
9133,572,2,893.05
3098,415,4,892.17
996,986,3,891.81
18741,459,7,891.75
6687,387,1,891.58
10081,1057,4,891.56
16262,768,5,890.53
4100,226,3,890.45
19401,1812,2,890.28
6201,3,2,890.26
18138,497,5,889.73
17242,123,3,889.33
3930,255,4,888.73
11618,1672,1,888.19
16184,255,2,887.8
15414,892,5,886.95
3871,382,2,886.95
1106,657,4,886.86
8953,293,3,886.72
4388,594,3,886.51
17551,512,4,886.2
5998,853,4,884.99
16598,162,3,884.66
4800,119,5,884.36
14662,452,3,884.3
2645,20,3,884.07
18107,663,3,883.55
11185,383,5,883.33
14315,291,6,882.68
2345,22,6,882.04
11576,577,2,881.27
7420,31,3,881.27
16464,230,4,880.99
2624,1617,2,880.69
17705,343,5,880.19
15444,773,4,880.03
7682,198,2,879.82
7606,362,3,879.67
7507,1261,4,878.33
8399,334,4,877.97
198,414,1,877.96
12624,787,4,877.91
14847,276,3,877.72
17052,315,6,877.51
16603,600,3,877.18
8952,792,3,876.54
6417,831,3,876.5
17759,526,3,875.69
14960,234,6,875.54
17903,489,2,875.39
11044,2,3,875.28
2428,303,4,874.64
11126,311,5,873.34
19487,987,2,872.75
12491,403,4,871.93
9494,793,3,871.9
14874,403,3,871.51
13842,218,2,870.94
10270,242,3,870.92
15493,1508,1,870.81
15106,90,4,870.74
15756,62,6,870.59
382,430,2,869.78
4493,450,6,869.59
13199,1140,2,869.59
316,330,3,869.53
6509,284,5,869.29
2265,874,2,869.15
9492,421,5,868.73
14107,325,3,868.45
12780,536,3,868.09
11511,679,2,867.98
8568,1013,3,867.96
2992,342,3,867.85
4354,756,6,867.73
17932,44,4,866.84
6865,93,8,866.75
7920,542,3,866.59
515,364,3,866.28
2040,378,5,866.19
10372,155,6,866.15
4399,1010,1,865.6
17,599,3,865.54
11253,9,5,864.79
13356,93,2,864.75
482,654,3,864.43
6437,154,5,864.3
19882,280,3,864.04
4001,1558,1,863.99
12124,0,4,863.06
8216,328,2,863.05
161,1038,2,862.84
1872,534,4,862.19
15835,709,4,861.9
4141,399,3,861.83
18129,382,6,860.91
9450,142,2,860.82
487,467,2,860.56
13170,793,3,860.33
10409,89,4,860.14
11048,49,3,859.8
12129,505,4,859.34
334,125,5,859.27
4950,439,4,859.12
2081,166,5,859.06
9002,225,4,858.97
8598,87,5,858.56
17037,1101,2,858.28
2519,481,3,857.27
19219,1038,3,857.1
16782,97,4,856.55
7163,64,3,856.38
17283,217,3,856.3
3369,198,4,856.23
4772,920,4,855.59
8154,364,3,855.56
14591,520,3,855.56
6932,274,5,855.35
12866,430,3,853.77
2142,162,6,853.54
2903,382,2,853.29
795,1102,2,853.08
17084,1168,2,851.32
18573,351,3,850.91
16239,251,4,850.32
806,527,3,850.27
17097,39,5,849.37
13602,491,3,849.23
8227,26,3,849.04
14376,105,4,848.71
17492,289,3,848.18
19534,317,3,848.11
4032,122,3,847.83
18421,578,5,847.27
14509,877,2,847.26
11895,187,5,847.04
5572,188,1,847.03
5374,257,2,846.36
475,22,4,846.36
3647,754,3,845.94
16809,49,5,845.65
18156,222,3,845.35
2934,379,4,845.23
18022,407,6,844.93
10917,1363,4,844.83
4840,880,2,843.26
11001,1336,2,843.23
4210,841,2,843.22
9530,629,4,842.89
14269,1235,2,842.76
5570,180,7,841.93
14326,532,3,841.59
2284,126,2,840.85
5683,175,1,840.64
18632,78,4,840.55
18399,982,2,840.54
19581,708,4,839.79
1602,367,3,839.18
5927,333,2,838.57
4472,44,3,838.52
15750,1548,3,838.35
2752,1492,4,837.86
14421,770,3,837.54
13368,516,5,837.17
1302,658,2,837.01
10843,36,5,836.89
7013,441,4,836.23
16505,1822,1,836.07
16441,603,1,835.69
3320,379,3,834.66
3050,716,2,834.23
7149,109,6,833.98
6445,127,3,833.88
2481,383,3,833.63
14412,513,4,833.26
14962,296,2,833.19
5294,256,4,832.23
653,1030,4,831.51
8894,567,3,831.47
3849,584,4,830.7
16069,186,4,830.33
18325,312,2,829.68
16310,836,3,829.63
3615,38,5,829.56
2492,427,2,829.43
3264,886,3,829.43
2671,289,3,829.09
13008,502,2,829.06
1122,490,2,828.99
16369,1241,2,828.91
7560,891,4,828.89
6906,526,4,828.85
16240,862,2,828.29
12904,293,4,828.22
906,268,5,827.95
5901,352,2,827.87
14660,202,3,827.83
13121,170,4,827.77
1454,255,4,827.46
8972,427,2,827.34
19909,1070,2,827.32
15993,380,3,826.66
9000,1192,3,826.63
16553,148,3,826.22
8099,434,4,825.75
17375,255,2,825.74
12613,965,4,825.27
4480,642,5,824.98
18813,886,3,824.89
1724,1303,3,824.71
18864,337,3,824.7
5858,56,4,824.66
9749,259,3,824.45
17286,544,3,823.81
7791,781,1,823.58
9241,51,5,823.21
4362,442,4,822.52
7313,218,5,821.1
13835,1857,2,820.87
17209,513,5,820.71
17728,562,4,820.62
8877,549,6,820.53
3733,147,4,820.48
16448,323,3,820.23
11508,387,3,819.42
11243,693,2,819.33
9181,426,3,819.06
10853,135,3,818.7
3326,153,4,818.29
17469,58,5,818.09
1376,535,2,817.82
17518,1931,2,817.29
19243,1132,1,816.48
16398,340,5,816.43
12956,40,3,816.39
1408,249,3,816.28
6629,530,6,816.27
10880,41,5,816.25
3951,757,2,815.61
3777,657,2,815.46
9982,539,4,815.08
16633,994,3,814.76
2604,158,5,814.24
441,1958,1,813.98
8252,212,4,813.92
14659,397,3,813.91
19625,394,4,813.25
12788,799,4,813.07
16699,1019,5,813.0
9685,1394,1,812.99
4934,1042,2,812.19
6455,160,5,812.15
14752,43,6,811.74
9632,240,4,811.05
15571,392,4,810.88
18355,267,3,810.77
5382,769,3,810.56
11456,596,5,810.34
12571,720,3,809.03
3394,1170,4,808.62
2079,42,3,808.53
1752,1430,4,807.93
18940,836,4,807.81
4726,12,5,806.55
9340,127,7,806.54
12419,260,4,806.34
15117,53,3,806.25
12743,490,3,805.99
5896,75,2,805.93
17612,486,3,805.72
17408,618,3,805.49
17631,441,3,805.27
8425,1239,1,805.03
18535,745,2,804.7
8416,1077,4,804.15
8473,161,3,803.96
6234,688,4,803.79
5391,244,2,803.71
10792,38,3,803.4
12717,164,5,802.76
7118,452,4,802.72
1079,658,1,802.62
18717,762,3,802.04
16785,300,2,801.67
1651,84,4,801.31
1785,1032,3,801.12
18134,1240,2,800.95
362,350,4,800.15
5505,318,3,800.1
12407,133,2,799.86
3033,707,3,799.81
5772,593,4,799.73
18380,1105,2,799.18
866,21,4,798.98
12326,658,5,798.7
18923,5,3,798.63
16588,801,4,798.23
11235,59,2,798.14
5971,505,3,798.0
7148,853,2,797.19
4631,1442,2,797.17
6324,182,3,796.94
1608,286,1,796.83
1464,203,4,796.61
13465,362,4,796.59
15215,450,6,796.25
11553,33,3,796.21
8875,766,4,795.94
8626,407,2,795.93
573,412,2,795.77
1819,488,4,795.76
8449,1117,1,795.47
9292,38,4,795.45
13811,175,4,794.8
7165,71,4,794.75
12679,178,3,794.71
2410,756,5,793.82
18195,280,2,793.49
12446,637,5,793.39
239,260,2,793.28
2018,243,2,793.08
13965,50,2,792.76
7526,262,2,792.38
8574,1543,1,792.27
982,2102,1,792.09
10727,368,4,792.07
10359,267,3,791.48
7990,610,1,791.24
1477,64,5,790.75
4563,145,4,790.72
10807,454,2,790.52
16401,555,2,790.32
4855,1425,2,788.99
7264,110,2,788.73
9338,576,4,788.62
14344,1265,1,788.21
15333,1426,3,788.08
19337,839,6,787.75
1808,3,3,787.7
4508,545,5,786.87
4059,84,3,786.69
18120,1107,3,786.51
7259,1910,1,786.47
915,345,4,786.19
14756,327,3,785.81
10884,5,3,784.52
9877,1989,3,784.47
19096,73,3,782.81
19026,1248,2,782.69
7830,819,2,782.59
7982,563,3,782.52
5647,412,5,782.19
8376,755,3,781.52
1486,290,2,780.6
3235,1411,3,780.43
5280,1697,3,780.25
5115,795,3,780.05
14090,216,3,779.84
12334,10,1,779.6
1426,378,2,779.32
5230,251,3,779.22
9827,114,4,779.19
3578,265,3,778.73
17798,1007,3,778.59
1890,1854,3,777.83
12778,1387,3,777.47
13642,615,5,777.31
1217,1132,3,776.31
343,1004,3,776.3
13098,2035,1,776.03
9381,37,5,775.97
19150,9,3,775.97
2780,754,4,775.79
12109,214,4,775.4
1140,298,3,775.1
9515,207,3,774.85
16335,372,5,774.74
13780,892,2,774.3
4149,1772,1,773.79
16092,136,3,773.65
18194,163,5,773.57
2169,54,4,773.54
1328,683,3,773.46
15335,242,3,773.37
802,86,5,772.52
3124,589,3,772.46
14299,449,4,772.26
3823,1675,1,771.94
2475,624,3,771.91
16558,861,4,771.71
4432,1209,2,771.69
11609,655,6,770.73
9329,435,2,770.63
5010,77,2,770.44
1151,205,6,769.94
3443,811,2,769.94
9214,433,3,769.19
1891,302,2,768.72
4235,87,4,768.68
7496,210,3,768.58
10874,367,5,768.09
9053,747,5,768.0
7914,235,6,767.98
16377,263,4,767.94
16139,401,2,767.26
17628,971,4,766.09
16420,206,2,765.73
4630,713,1,765.68
17026,319,3,764.98
18477,1997,1,764.73
11728,446,2,764.2
2557,410,4,764.16
10157,814,3,763.77
6093,1556,1,763.76
6365,1083,2,762.79
3708,1306,2,762.48
9118,16,6,762.41
2516,55,3,762.32
4079,671,4,762.04
14880,1179,3,761.85
7951,24,3,761.7
18626,607,2,761.6
3703,743,4,761.43
2719,85,6,761.35
16880,332,3,761.0
7130,318,4,761.0
566,634,3,760.36
13667,1783,2,760.22
8629,334,3,760.05
13679,327,2,759.95
9623,845,5,759.41
13908,336,3,759.28
15401,895,3,759.26
5078,50,5,759.07
17224,1611,3,758.87
11587,32,3,758.82
13622,5,4,758.49
17790,628,4,758.49
15142,231,4,757.85
3027,461,2,757.69
8514,118,4,757.59
12685,146,4,756.63
19876,429,4,756.14
7030,437,2,756.12
1973,7,5,756.09
14615,57,5,755.61
4343,477,6,755.47
8992,1401,2,755.34
18794,292,2,755.12
4842,77,3,754.99
17793,93,2,754.61
606,748,2,754.54
17593,1059,3,754.16
13577,1921,2,753.89
12664,1065,2,753.59
5925,15,3,753.57
1007,8,4,753.39
8679,1085,5,752.91
5175,167,4,752.64
14604,541,3,752.22
13097,1729,2,751.71
18983,60,6,751.55
13158,532,4,750.88
8494,85,4,750.82
17535,122,3,750.79
99,35,4,750.79
6292,888,3,750.73
19751,81,3,750.55
12579,1053,3,750.39
12669,283,3,750.27
11671,1364,2,750.15
9642,277,2,750.04
18147,56,5,750.01
10050,8,3,749.51
6616,506,4,748.97
10575,108,4,748.22
16803,1888,1,748.1
14153,940,1,747.76
5117,871,4,747.73
4809,505,3,747.65
12607,777,3,747.2
15585,315,4,747.15
13302,222,6,746.88
6043,531,3,746.83
91,72,5,746.69
7086,350,5,746.52
19564,1746,2,746.48
8518,603,2,746.26
3071,1364,2,746.13
8554,42,2,745.24
16862,1586,1,744.08
17092,73,4,742.8
415,820,5,742.73
14530,157,2,742.62
7243,62,2,742.38
4226,614,2,742.13
4179,556,4,742.12
10847,196,3,741.93
7637,551,3,741.91
15371,17,3,741.86
9015,70,2,741.63
14382,33,4,741.61
11678,117,2,741.6
15728,655,5,740.82
1257,223,3,740.7
15898,268,3,740.56
2993,1219,3,740.38
8066,500,3,740.31
8691,646,3,740.29
6790,592,4,740.15
18829,1461,3,740.11
757,153,2,739.93
15304,83,2,739.71
19293,712,3,739.49
3490,430,4,739.41
8014,1756,3,739.01
19993,1220,3,738.87
14354,345,3,737.81
10728,428,3,737.76
10784,214,2,737.6
4448,827,1,737.5
18735,225,3,737.06
6587,30,2,736.99
12939,186,4,736.73
17233,29,5,736.62
11792,928,2,736.38
510,1328,3,734.48
1177,418,3,734.38
17442,164,3,734.24
12827,178,3,734.21
17965,14,7,733.63
18581,465,1,733.56
1901,595,4,733.51
337,1860,1,733.48
17786,1269,2,733.37
19512,234,4,733.16
5654,171,2,732.94
3955,233,3,732.87
5322,267,6,732.42
3223,847,2,731.64
18712,52,3,731.56
18958,287,3,731.53
18960,170,5,731.45
8519,258,3,731.39
18561,1122,5,730.86
13634,46,4,730.85
14224,786,5,730.78
7841,835,2,730.45
12815,451,3,730.25
8379,236,4,730.2
16581,901,2,730.03
16996,1121,3,729.58
12358,135,5,729.52
15921,13,5,729.4
8148,105,3,729.28
262,2,1,728.79
12874,386,1,728.15
2096,1247,2,728.1
19118,1574,1,728.08
19077,563,3,727.98
1384,355,6,727.91
4478,916,4,727.76
6413,191,2,727.54
17435,127,5,727.3
18248,855,4,726.97
3383,405,5,726.78
236,226,3,726.59
18823,417,2,726.03
13670,598,4,725.98
237,198,4,725.33
4866,332,5,725.11
6311,215,5,724.61
19049,409,3,724.23
2900,655,3,724.01
8079,240,4,723.52
11734,315,5,723.44
1548,416,3,723.2
9199,967,4,723.03
11529,318,5,722.9
16800,961,1,722.39
1682,313,5,722.3
4936,65,2,722.29
7322,1223,4,722.23
5778,554,4,722.19
13933,570,2,722.07
8970,1124,4,721.89
17164,448,4,721.73
5029,231,3,721.65
18917,661,3,721.58
9884,338,4,721.5
12521,486,2,721.35
12725,617,4,721.21
18093,1750,2,721.18
829,286,2,721.0
13080,1074,2,720.85
15956,157,4,719.9
587,255,3,719.43
9535,333,3,719.3
2997,399,5,719.04
4248,95,2,718.88
1595,490,2,718.83
181,949,3,718.29
16909,381,2,718.17
7469,1347,2,718.16
9587,2027,2,717.53
7266,674,5,717.46
6181,105,4,717.42
14324,982,3,716.89
9780,719,3,716.87
147,512,3,716.15
14219,819,3,716.1
4994,155,5,715.21
12306,223,3,714.67
3723,688,4,714.32
7435,5,5,714.12
13932,1120,4,713.66
12645,143,2,713.63
10136,536,3,712.57
318,494,3,712.45
16570,1068,3,712.44
13237,96,4,712.33
685,628,5,712.21
3953,1215,6,712.21
18850,284,2,712.02
15472,1628,2,711.78
5837,25,2,711.67
14112,977,5,711.63
16413,965,1,711.46
19914,42,4,710.94
12363,776,3,710.87
16501,647,3,710.73
19871,1404,2,710.67
10245,463,3,710.52
15733,42,3,710.1
6396,178,3,709.54
4314,1085,1,709.45
1780,5,4,709.4
1809,768,4,709.22
7217,819,1,708.95
8349,48,3,708.91
14722,1347,3,708.65
101,234,4,708.55
16053,436,6,708.35
17536,283,4,708.29
9510,630,2,708.29
14903,1154,3,708.11
13989,700,3,708.05
19711,670,5,708.02
12168,587,1,707.97
43,60,3,707.88
12285,963,4,707.79
18488,552,2,707.7
8112,1415,1,707.63
8469,756,5,707.63
7588,1080,2,707.32
49,575,3,707.29
14721,25,4,707.2
7939,270,3,706.76
856,796,2,706.7
4882,448,3,706.57
18938,395,2,706.57
4829,672,2,706.4
3300,70,5,706.08
2207,427,4,706.05
10788,407,2,705.81
8940,426,3,705.67
17103,457,3,705.61
4779,85,3,705.14
505,680,4,705.02
17127,117,3,704.9
1779,798,2,704.87
10424,1953,2,704.61
16563,420,2,704.31
5699,1681,2,704.29
3070,350,3,704.11
3165,813,3,703.92
266,680,4,703.65
4401,1182,2,703.53
9337,105,5,703.44
10743,279,2,703.4
10202,1194,4,703.2
2467,367,4,703.03
4636,279,4,702.98
12199,1164,3,702.66
13067,1206,1,702.36
8345,275,5,702.09
2001,426,4,702.04
8955,859,1,702.0
13396,924,1,702.0
17992,295,2,701.98
12453,1429,2,701.92
10378,407,2,701.84
3214,735,3,701.63
17373,133,2,701.52
19772,27,2,701.44
18188,157,4,700.92
13346,503,2,700.88
15259,139,3,700.84
15622,507,3,700.65
17004,271,4,700.53
8038,642,3,700.23
14348,140,4,700.11
8645,30,2,700.08
16341,945,4,699.95
2429,47,4,699.64
19249,24,2,699.62
16632,381,2,699.2
14228,52,6,699.15
8185,734,3,698.51
16299,27,4,697.94
8822,725,3,697.9
4641,397,5,697.31
15124,1309,3,697.29
13126,280,4,696.71
5279,320,3,696.59
17008,38,4,696.3
13278,14,4,695.76
5148,41,5,695.65
12844,220,4,695.1
5481,982,4,694.32
3882,322,4,694.1
16624,243,6,694.04
5104,349,2,693.89
9824,338,3,693.87
13528,1641,1,693.86
2562,437,5,693.78
4682,253,2,693.68
75,78,1,693.58
19348,811,3,693.48
18069,50,4,693.14
841,225,3,692.85
13303,51,3,692.75
16222,300,2,692.65
10420,1696,2,692.63
637,106,2,692.49
19813,104,4,692.41
3651,708,2,691.66
12572,583,3,691.45
13283,251,2,690.77
5779,552,3,690.65
11994,1872,1,690.63
18789,386,4,689.89
7237,334,2,689.32
5166,641,4,689.12
15681,14,3,689.06
19215,794,4,688.65
11772,1331,2,688.52
791,643,7,688.33
4386,137,3,688.3
19597,13,3,688.24
5731,269,3,688.0
17252,1576,1,687.55
19817,45,3,687.02
3244,311,3,686.82
7956,94,3,686.57
8145,738,3,686.56
9132,462,3,686.49
10504,387,3,686.25
12218,944,4,686.24
19127,1955,2,685.53
7050,1049,3,685.3
3424,908,3,684.84
9719,143,4,684.7
550,2094,1,684.68
9946,5,6,684.58
5178,938,4,684.39
12111,1020,2,683.94
10475,230,4,683.79
16237,81,5,683.52
17390,1177,3,683.32
2672,926,3,683.28
6768,1182,3,683.12
6977,98,3,682.86
9205,426,4,682.74
12899,631,3,682.71
7917,529,2,682.07
18815,274,5,682.04
19162,38,1,682.02
10042,894,2,681.97
4990,1384,2,681.96
2800,193,5,681.73
4491,6,5,681.72
19372,925,4,681.66
18692,471,3,681.38
1303,68,2,681.29
10426,487,3,681.21
10957,342,3,680.91
399,944,2,680.86
5987,1674,2,680.81
19152,851,3,680.69
14076,363,3,680.54
6519,182,3,680.3
11679,607,2,680.12
4101,202,4,679.94
4940,1622,3,679.92
10903,57,7,679.88
393,840,3,679.75
3912,267,4,679.74
11589,723,4,679.59
14689,579,5,678.74
12364,929,3,678.53
9094,1253,2,678.44
19873,191,4,678.43
7071,1066,1,678.16
19241,1164,2,678.1
15294,299,3,677.82
7679,35,3,677.82
16877,77,4,677.49
9614,45,3,677.44
3998,13,4,677.39
1833,305,4,677.2
18288,328,3,676.88
17775,891,4,676.61
3845,1605,1,675.89
13157,896,2,675.58
7505,306,2,675.21
6024,16,1,675.18
15988,391,3,675.13
19577,929,2,674.86
5686,37,3,674.76
19419,253,2,674.56
11302,681,4,674.47
15562,1272,2,674.42
11261,654,2,674.38
4320,148,4,674.17
7892,738,2,674.14
9950,644,4,674.12
8235,1504,3,673.76
10070,1299,2,673.73
2560,650,5,673.69
13683,117,3,673.63
2387,40,4,673.61
17954,867,4,673.51
1959,471,3,673.43
5769,65,2,673.2
14263,163,3,673.13
1632,219,3,672.59
6075,293,3,672.52
16605,29,4,672.49
9892,483,4,672.3
18424,114,4,672.22
16127,127,2,671.82
14816,25,6,671.65
10691,1078,3,671.44
17809,103,5,671.41
14642,490,4,671.32
14798,16,4,671.29
12588,1189,2,671.21
15492,159,4,671.11
17069,497,2,670.84
15941,712,3,670.75
7296,1212,3,670.74
5887,1950,2,670.51
16768,65,7,670.24
4524,169,3,670.15
18995,277,2,670.13
17734,837,3,669.67
2844,311,2,669.67
17923,650,3,669.44
1998,794,4,668.93
3423,13,3,668.87
10774,277,4,668.81
6558,513,4,668.59
10802,415,5,668.38
9396,868,2,668.35
15845,313,3,668.28
18027,899,3,667.84
15776,355,2,667.76
13753,948,3,667.72
15914,584,3,667.59
14740,477,3,666.95
7783,239,3,666.83
14140,218,4,666.69
14559,377,3,666.68
11515,631,3,666.3
7387,181,5,665.98
19113,1771,1,665.63
18357,226,5,665.59
10350,227,3,665.57
8377,1169,4,665.35
15136,712,5,665.29
4525,734,2,665.05
8309,467,2,665.03
19795,666,2,664.78
12819,586,4,664.72
5363,441,3,664.35
12328,66,7,664.21
15116,683,3,663.92
1539,1647,3,663.68
2528,1054,1,663.68
8637,388,3,663.63
2854,2113,1,663.5
7954,395,1,663.42
14699,86,3,663.37
13809,206,4,663.22
18799,343,4,663.17
4152,589,4,663.06
8479,620,2,662.89
9844,1575,2,662.88
19766,911,1,662.78
16388,267,1,662.61
12753,436,2,662.51
5630,390,3,662.49
3046,229,2,662.49
9064,434,2,662.38
16749,590,5,662.32
1562,500,1,662.25
14600,442,4,662.05
2135,455,5,661.98
7456,1314,1,661.8
19646,321,3,661.62
6708,345,3,661.61
11003,140,4,661.54
8471,261,3,661.26
3791,174,4,661.1
16391,87,3,660.59
13300,469,5,660.16
18168,952,3,659.71
2937,734,2,659.7
10228,204,3,659.45
2011,141,2,659.35
18600,257,5,659.34
1004,1913,2,659.27
3013,195,5,658.9
10549,1142,4,658.73
2845,839,2,658.44
3301,441,4,658.31
1688,684,4,658.22
4184,120,3,658.18
2791,812,3,658.1
5107,1074,3,658.08
11644,593,5,658.06
2354,178,3,657.95
13159,1857,1,657.92
16977,232,4,657.73
16522,585,4,657.64
13638,293,4,657.55
3805,56,3,657.46
8669,485,6,657.24
17264,606,3,657.16
3140,147,2,657.11
16855,957,3,656.83
4922,1172,1,656.73
15360,87,3,656.49
18287,1542,2,656.48
3960,1073,2,656.47
17367,30,4,656.46
15022,18,2,655.75
4512,868,2,654.93
4612,37,3,654.88
1050,1692,2,654.74
15267,1521,3,654.54
5595,438,1,654.42
13039,144,5,654.4
18361,419,4,654.33
3397,745,2,654.03
8068,1382,2,653.99
4135,897,2,653.81
1010,415,2,653.58
8491,456,3,653.36
12689,1081,2,653.29
13250,216,1,653.02
8807,1169,3,652.69
19043,530,2,652.65
10251,1137,3,652.61
10836,70,5,652.02
7644,392,3,652.01
12299,147,2,651.76
13292,303,6,651.6
11916,726,2,651.29
14137,754,3,651.19
9993,445,4,651.19
2180,315,3,650.92
13036,126,3,650.91
19425,61,3,650.86
5118,679,3,650.74
18158,881,2,650.64
15897,724,3,650.47
13457,1163,2,650.01
19800,1362,2,649.78
11145,778,4,649.74
3988,54,2,649.72
738,1270,2,649.71
13009,650,4,649.65
15344,472,3,649.62
11229,900,2,649.61
18531,1311,2,649.23
632,1758,3,648.89
5981,869,3,648.67
9646,1,4,648.35
13502,116,4,648.34
13821,112,4,648.16
18150,384,2,648.15
483,63,4,647.73
16958,365,4,647.61
10162,313,3,647.43
345,33,2,647.28
3699,951,2,647.22
18832,1261,3,647.16
15693,1828,1,646.88
4890,139,4,646.74
4205,310,2,646.72
1842,1421,3,646.51
11827,1431,1,646.41
15050,1097,1,646.32
2060,736,2,646.13
2869,419,2,646.03
10608,572,3,645.98
6885,1000,4,645.86
9740,56,6,645.53
8347,290,2,645.46
9922,659,2,645.43
17204,43,3,645.39
5227,1173,1,645.29
4405,464,3,645.29
14080,1205,3,645.22
11653,164,4,645.15
15160,420,4,644.76
2802,950,1,644.12
13929,953,1,644.08
17484,418,5,644.01
5807,470,3,643.84
18265,100,1,643.65
3060,464,3,643.61
2846,1489,2,643.46
4796,1643,3,643.42
6440,1065,3,643.12
16543,1837,1,642.85
18144,94,3,642.72
5690,40,4,642.65
5121,678,4,642.57
12360,1499,3,642.53
13713,884,2,642.47
16868,830,2,642.24
13154,14,3,642.05
4856,39,4,642.03
7375,144,2,641.98
12256,906,3,641.88
8444,752,2,641.65
11153,61,4,641.45
10267,30,2,641.09
10247,666,3,640.93
13588,90,2,640.87
2517,1133,1,640.84
284,528,2,640.77
7645,141,2,640.76
13953,1140,3,640.55
9301,486,5,640.0
4790,122,4,639.9
1661,703,2,639.74
10975,1158,2,639.6
13427,870,3,639.6
18504,72,5,639.54
13610,169,3,639.39
4290,470,1,639.35
4640,229,4,639.07
11607,1009,2,638.65
9539,413,4,638.25
6176,174,4,638.03
1523,473,2,637.57
15334,22,2,637.29
10013,588,2,636.98
2468,230,2,636.55
5703,644,4,636.02
6382,391,5,636.01
398,401,3,635.8
14884,423,4,635.11
2914,1136,2,635.08
2716,1028,4,635.03
18136,92,4,635.0
12310,900,4,634.89
11681,530,6,634.79
9113,281,2,634.76
680,905,2,634.74
12894,53,4,634.73
4270,268,2,634.53
12692,224,3,634.25
18754,675,4,634.24
1796,909,2,634.22
3677,98,4,634.02
12303,43,3,633.99
16046,354,2,633.79
18494,384,5,633.65
12666,184,4,633.55
4795,10,6,633.46
3789,1275,1,633.36
13934,45,4,633.33
173,1238,4,633.23
5518,163,4,633.17
989,662,3,633.16
4452,418,3,633.08
8751,243,3,632.66
9643,545,2,632.59
16760,514,3,632.38
6780,789,5,632.25
14169,1140,2,632.25
19868,485,4,632.07
3263,783,4,632.03
5085,42,2,631.95
430,629,3,631.71
13208,1019,4,631.59
16560,739,2,631.47
3982,594,4,631.1
12881,498,5,630.92
9681,1513,2,630.2
4629,101,5,630.03
1109,340,3,629.97
18393,139,5,629.9
10406,86,5,629.87
5160,101,3,629.86
11885,282,3,629.83
18769,323,4,629.49
10345,1578,2,629.41
10196,55,4,629.28
7743,1623,2,629.23
19413,1885,2,628.91
17930,749,3,628.74
611,1000,1,628.69
69,165,2,628.5
3413,581,5,628.34
19759,309,3,628.24
18332,2048,1,628.12
4740,148,3,627.94
6804,919,3,627.76
3549,980,4,627.6
15419,1708,2,627.46
15505,1210,2,627.43
14464,472,3,627.28
18155,474,3,627.24
14438,413,3,627.02
7036,1056,2,626.49
16663,120,3,626.13
15437,1385,3,625.72
14812,1312,3,625.49
10644,210,2,625.33
11756,606,3,625.29
18356,185,4,625.28
8187,1883,1,625.11
9757,19,4,624.84
4650,197,3,624.79
11843,65,3,624.72
1730,1827,1,624.66
6428,376,4,624.47
1467,361,4,624.28
14293,392,4,624.27
14311,1466,2,624.12
18952,736,1,624.1
18059,1166,4,623.92
13476,63,4,623.78
14037,131,3,623.77
9423,769,1,623.72
13503,174,3,623.68
17473,839,4,623.6
16724,283,3,623.5
7252,963,1,623.35
14350,1066,1,623.17
3690,377,3,623.13
619,628,2,622.93
17727,271,3,622.22
10414,99,4,622.18
12822,47,3,621.93
694,153,1,621.84
12638,758,4,621.75
4552,169,3,621.74
17323,408,3,621.66
2705,270,2,621.62
19942,501,4,621.49
15825,892,4,621.45
4315,337,1,621.33
11822,971,2,621.16
3042,288,2,621.04
14805,159,2,621.03
11781,631,5,620.98
9077,145,5,620.7
14565,500,3,620.64
14702,283,3,620.64
17904,99,3,620.36
18021,726,2,619.51
13215,1249,2,619.28
2750,490,2,619.21
2764,592,2,619.16
8266,626,2,619.16
3793,0,5,619.14
16604,224,3,618.95
6405,1411,1,618.92
1952,35,5,618.9
17456,187,5,618.71
5308,782,2,618.66
838,33,3,618.52
7792,154,3,618.0
508,10,2,617.91
11400,548,3,617.82
14047,139,3,617.76
18446,43,2,617.64
591,213,4,617.54
11242,516,4,617.53
336,12,3,617.33
11638,1190,3,617.28
12959,1144,1,617.21
5759,1431,3,616.99
6330,156,3,616.86
19659,754,2,616.82
19650,1537,3,616.64
814,1471,2,616.54
12628,475,2,616.28
10628,208,2,616.13
19097,26,3,616.12
15310,1462,4,615.93
19734,562,3,615.88
14253,310,2,615.79
16959,51,2,615.77
3476,362,5,615.74
7162,1258,3,615.54
1195,867,2,615.46
4782,478,3,615.35
16582,927,1,615.32
1484,422,3,615.13
5067,320,3,615.02
8499,30,4,614.84
6150,5,1,614.45
17425,32,2,614.4
16786,29,5,614.38
8051,688,3,614.36
6662,619,2,614.31
2253,6,2,614.19
9210,722,2,614.08
14539,930,3,614.04
185,335,3,614.02
3109,566,5,613.61
8498,425,5,613.51
13757,986,3,613.12
1895,272,5,612.86
15273,340,3,612.43
11006,199,3,612.24
12203,888,3,612.21
17494,1272,1,612.18
19223,369,4,612.17
9812,1545,2,612.13
18852,289,4,612.02
2150,111,6,611.96
3329,136,3,611.69
8919,525,4,611.5
13371,405,3,611.33
9399,1410,4,611.2
10552,1801,1,611.11
6366,1477,3,610.66
10240,132,5,610.27
8763,394,1,610.26
3419,404,2,610.25
19289,1761,1,609.85
13880,181,2,609.76
5456,548,2,609.76
7660,3,4,609.7
8616,388,5,609.68
15291,16,5,609.65
6630,485,4,609.6
6724,1243,3,609.6
11240,379,3,609.58
10061,767,2,609.44
8677,41,3,609.41
11584,267,3,609.34
9541,748,4,609.26
18882,297,3,609.14
10631,823,3,609.09
11150,85,3,608.96
18201,106,5,608.86
948,1297,2,608.81
1210,341,2,608.48
3171,773,2,608.43
6090,247,4,608.1
6032,42,3,607.87
16005,688,4,607.49
6997,868,3,607.43
16689,304,2,606.97
10197,312,7,606.81
1409,558,2,606.76
7662,324,5,606.65
9683,1809,1,606.63
10665,419,3,606.63
3440,275,3,606.53
10242,1196,1,606.47
14776,672,1,606.39
723,257,4,606.31
19355,273,2,606.22
5318,33,3,605.9
16980,1286,2,605.84
7344,602,3,605.65
1200,1010,2,605.62
18678,1073,3,605.6
19543,445,4,605.27
9615,587,3,605.21
7001,292,3,605.12
1360,474,4,605.04
463,509,2,605.02
18555,160,3,605.02
16463,1177,4,604.97
6210,667,3,604.9
16887,1355,2,604.56
4638,566,2,604.48
9470,126,6,604.26
11779,8,2,604.16
8662,4,4,604.08
18178,160,3,603.96
1936,135,4,603.92
10295,576,2,603.8
2208,163,5,603.63
10052,331,2,603.57
6122,851,2,603.5
2059,925,3,603.24
2049,684,3,603.21
5076,340,4,603.02
4344,628,2,602.79
13307,4,4,602.68
9024,46,4,602.42
13544,1011,3,602.32
9661,502,3,602.05
2987,766,3,602.05
15018,90,4,601.91
1298,93,6,601.84
10401,147,3,601.79
2213,718,1,601.77
991,1632,2,601.72
6409,632,3,601.59
19396,75,4,601.55
16982,531,4,601.35
18710,917,3,601.18
13581,444,2,601.03
12227,27,3,600.89
2707,9,4,600.48
17040,288,3,600.44
1087,407,2,600.41
13592,1286,2,600.05
3129,159,3,599.97
12209,481,3,599.9
4111,1925,2,599.43
2683,492,3,599.39
6685,520,2,599.17
15538,77,2,598.99
6996,674,3,598.82
16238,795,3,598.79
9527,1010,2,598.39
8511,94,3,598.29
1660,322,2,598.21
17368,52,2,597.97
1563,711,6,597.87
10169,696,4,597.76
17143,1449,1,597.7
16905,531,2,597.68
18676,1055,3,597.53
1732,1807,1,597.26
1727,1327,4,597.16
5044,839,5,596.82
19838,52,4,596.53
19586,90,4,596.47
13976,537,4,596.44
472,532,3,596.4
3706,30,4,596.29
776,710,2,596.23
578,169,2,596.15
6505,1110,3,596.03
17074,305,2,596.03
8505,765,5,595.96
11355,853,2,595.85
11080,229,3,595.81
6393,919,3,595.5
19212,1721,2,595.42
10299,764,3,595.26
6632,788,3,595.21
1561,55,5,595.17
9403,1565,3,595.08
18695,1379,2,594.71
6282,254,3,594.57
7068,334,2,594.42
19683,411,3,594.02
3834,881,3,593.79
10002,631,5,593.75
5224,195,3,593.5
10291,1892,2,593.44
16108,1483,2,593.32
10222,45,6,593.22
19606,1297,1,592.9
1186,137,2,592.69
14020,66,2,592.47
1419,1115,1,592.34
15473,82,2,592.12
3599,1114,3,592.11
13490,52,3,591.94
19056,247,4,591.81
7993,6,4,591.74
19709,1042,3,591.65
4431,1477,4,591.24
9264,150,3,591.14
2149,122,3,590.97
15180,308,1,590.97
19298,200,3,590.84
14206,779,3,590.77
19591,360,2,590.6
3787,1004,2,589.85
13654,1567,3,589.73
19526,1309,2,589.69
1631,965,2,589.53
9751,734,2,589.45
6750,58,2,589.21
8843,316,5,588.96
14353,592,1,588.85
13343,568,2,588.84
18765,429,5,588.79
18125,254,4,588.74
19272,1100,3,588.69
6843,408,3,588.54
1304,944,4,588.49
2942,595,3,588.47
19641,498,4,588.45
2916,177,3,588.41
10572,798,3,588.24
14124,125,1,588.2
9016,1,4,587.99
16152,335,1,587.75
17876,513,2,587.7
7486,59,5,587.67
18563,1830,1,587.51
6350,778,3,587.42
12196,955,3,587.4
10130,880,2,587.17
19363,161,3,587.15
6105,486,2,587.02
5173,324,4,586.95
2393,805,4,586.92
2224,1473,3,586.68
16177,1071,1,586.59
14799,543,2,586.53
18743,520,4,586.43
3630,536,2,586.4
18751,70,3,586.27
19611,634,4,586.21
4839,937,3,586.0
17487,793,2,585.91
13046,356,5,585.74
8974,575,3,585.22
15087,817,3,585.18
7639,487,3,584.85
11040,29,3,584.84
8746,414,4,584.77
6856,558,6,584.68
10045,444,2,584.54
14620,1561,3,584.54
7342,238,1,584.4
17405,875,2,584.17
8248,778,2,583.88
12287,695,3,583.54
172,464,2,583.43
7434,1129,4,583.36
8977,170,5,583.27
13693,1346,2,583.26
3204,95,4,583.18
19782,166,3,583.16
1755,1531,3,583.04
14715,405,4,582.96
11844,44,4,582.89
19726,655,2,582.82
8443,436,2,582.72
432,59,4,582.7
7991,575,5,582.62
16208,923,4,582.62
6044,614,2,582.54
14470,211,4,582.22
19905,166,2,582.03
17433,70,4,582.02
15942,625,2,581.54
12992,926,1,581.51
7675,173,3,581.49
7320,1571,3,581.32
1061,1536,4,581.25
17796,1108,3,581.21
13433,225,1,581.11
8172,333,2,581.08
8048,274,2,581.0
15490,584,4,580.75
11345,627,2,580.56
6427,174,2,580.52
15484,610,3,580.4
19436,999,1,579.72
15153,1645,2,579.62
5667,485,2,579.6
11297,810,1,579.47
15558,770,2,579.45
898,215,3,579.24
16858,540,3,579.16
11113,929,3,578.85
19998,372,4,578.64
2564,50,2,578.61
5409,564,3,578.5
6583,471,3,578.4
3208,559,3,578.26
8108,141,2,578.18
9270,426,3,578.17
16595,1180,3,577.6
9839,427,3,577.42
13374,538,2,577.36
5234,157,5,577.21
8082,335,4,577.02
7552,1469,2,576.81
3099,437,3,576.8
18583,1471,1,576.68
3325,598,4,576.58
8901,617,3,576.58
1629,838,1,576.38
6217,295,3,576.28
15982,607,2,576.22
2963,819,2,576.18
7070,726,3,576.16
16762,537,3,576.07
19478,893,3,576.02
5447,112,4,575.84
141,164,5,575.79
19681,1394,1,575.57
8197,1455,3,575.49
19744,147,5,575.38
16517,85,3,575.19
6841,532,3,575.13
11831,196,2,575.03
11387,1679,2,574.91
5015,113,3,574.9
15507,1064,3,574.76
609,173,3,574.7
5782,1175,1,574.44
17544,240,2,573.92
17071,134,3,573.8
17784,746,1,573.76
3142,477,4,573.51
17926,1084,3,573.42
12802,1121,4,573.19
19890,1567,4,573.11
14608,1096,2,573.1
8771,51,4,573.03
7585,64,4,572.96
1570,214,3,572.9
5083,860,1,572.82
17943,208,3,572.78
3441,289,4,572.71
499,1365,3,572.69
12843,413,2,572.69
11133,902,1,572.55
1134,1998,1,572.33
7861,399,4,572.3
7888,173,3,572.29
17192,1366,2,572.24
13830,276,2,572.23
2417,1185,1,572.23
8116,568,2,572.08
12702,545,2,572.06
1105,251,5,571.84
923,1172,3,571.8
12676,51,3,571.73
14171,544,3,571.7
1142,205,4,571.41
12475,230,4,571.03
4571,1533,2,570.99
14984,1140,3,570.96
17795,1014,3,570.81
542,1165,2,570.75
638,1013,4,570.71
19557,65,2,570.53
3449,1348,2,570.52
8036,891,3,570.29
5726,1804,1,570.06
12654,29,5,570.06
6130,48,2,569.85
5564,577,1,569.84
5912,293,4,569.74
19963,593,4,569.72
9331,1220,1,569.61
3802,363,4,569.49
2141,147,2,569.42
12114,971,2,569.23
6320,803,2,569.17
6489,281,3,569.17
12147,299,4,569.12
12010,743,5,568.87
17750,686,2,568.81
19678,333,3,568.67
7671,351,3,568.33
9529,1225,2,568.28
14152,86,3,568.24
3543,963,4,568.02
18343,254,7,567.92
15657,583,4,567.86
10313,72,4,567.79
10145,396,2,567.65
2122,531,2,567.56
2850,1081,3,567.35
7188,873,3,567.1
2746,1497,3,567.01
12716,893,2,566.88
5320,827,2,566.82
10663,510,3,566.81
8269,229,2,566.14
16606,285,2,566.09
11569,314,4,565.81
13260,23,3,565.8
9505,21,3,565.65
14988,685,1,565.52
9074,102,1,565.42
11231,1546,3,565.4
7858,1158,3,565.37
2230,1262,2,565.36
11481,243,4,565.35
7790,261,2,564.82
14210,1390,2,564.59
7865,286,2,564.45
12120,90,3,564.42
7483,273,3,564.36
10898,172,3,564.31
6757,1110,4,564.27
2240,87,3,564.24
6714,654,3,564.07
19228,787,2,563.77
6849,710,4,563.73
9959,1183,3,563.73
1762,1036,3,563.72
6511,1537,4,563.58
4847,1321,2,563.51
6819,887,4,563.41
16554,423,6,563.34
16822,537,3,563.34
12116,123,2,563.27
730,860,2,563.06
8382,1114,2,562.82
1481,207,5,562.77
5163,1116,2,562.75
1416,1012,1,562.68
1517,49,2,562.42
95,265,2,562.18
4675,955,3,562.09
1226,947,3,561.89
2370,231,2,561.87
2489,200,4,561.85
4632,275,3,561.69
4063,239,3,561.68
9166,1123,1,561.67
2445,1036,2,561.65
13873,379,3,561.64
4794,64,3,561.41
14328,1830,1,561.16
15739,786,1,561.16
15570,926,3,560.81
12424,57,4,560.78
17472,188,2,560.63
8456,611,2,560.48
933,376,4,560.21
14323,476,4,560.19
15198,1500,2,560.07
6312,646,4,559.97
3839,623,2,559.84
17565,299,2,559.71
14817,1125,3,559.46
2346,347,3,559.33
17380,1530,2,559.26
19204,72,4,559.25
6356,143,2,559.25
14063,368,3,559.24
8090,970,2,559.14
1196,459,4,559.02
5968,300,3,559.01
17189,1016,3,559.01
18549,20,5,558.91
4700,81,3,558.91
19021,343,4,558.71
16339,6,5,558.66
17583,892,1,558.57
11915,105,5,558.38
12593,492,2,558.27
12415,10,2,558.07
3923,1261,2,557.88
18268,1704,2,557.86
8652,463,3,557.66
11561,176,3,557.54
11787,672,2,557.53
16576,1223,2,557.52
7077,170,1,557.42
1495,1459,2,557.23
6118,961,1,557.19
3676,1038,3,557.16
1679,114,4,556.91
19475,691,2,556.66
13552,10,3,556.38
15196,582,4,556.34
13402,1133,3,556.14
7964,743,3,555.99
254,404,5,555.93
16360,502,2,555.76
4770,234,2,555.49
15576,400,4,554.81
7864,36,3,554.8
16882,347,1,554.64
6342,512,3,554.56
858,872,2,554.31
17039,833,2,553.98
1903,257,4,553.79
6392,130,1,553.65
9324,177,5,553.62
16963,420,3,553.61
15613,69,2,553.15
17393,171,2,552.75
15586,422,3,552.39
7700,598,1,552.29
11570,64,3,552.28
17363,174,3,552.24
18729,140,2,552.18
16716,129,3,552.07
19832,93,5,551.49
17659,1226,4,550.96
4986,940,1,550.64
8506,251,3,550.35
18396,165,4,550.2
557,230,3,550.15
10214,206,3,549.89
7973,281,5,549.7
9759,44,3,549.63
13919,190,4,549.61
6473,541,4,549.55
14868,1787,1,549.55
14801,208,1,549.53
2084,77,3,549.52
3447,954,1,549.32
1065,830,5,549.29
18853,233,3,549.08
12,453,2,549.03
5838,1068,2,548.97
16416,1137,3,548.95
1314,884,2,548.77
7312,358,1,548.53
9774,290,2,548.4
2553,1382,3,548.1
5460,157,3,547.97
17450,377,2,547.77
4541,452,5,547.15
3178,462,5,546.91
5864,660,3,546.59
17387,674,4,546.59
12450,337,3,546.56
13865,385,3,546.41
11758,111,2,546.29
6182,656,3,546.14
7619,40,3,545.49
14663,246,3,545.38
1381,249,4,545.34
9209,560,4,545.27
12140,56,4,545.19
13867,1120,1,545.18
5544,205,4,545.03
8059,263,3,545.03
6333,272,3,544.72
4793,180,1,544.54
14075,76,3,544.52
14424,131,3,544.47
10806,591,3,544.32
14437,277,3,544.28
7983,21,5,544.18
17810,597,3,544.0
8697,1830,1,543.89
15766,960,4,543.6
13644,409,3,543.6
5427,1277,1,543.59
908,372,2,543.1
12577,99,4,542.86
2152,280,4,542.72
7221,543,2,542.7
11535,121,2,542.28
11665,982,4,542.21
13988,103,3,542.13
11309,618,3,542.12
10673,483,2,541.93
18801,138,4,541.92
14837,303,3,541.84
15995,358,3,541.76
18926,14,3,541.61
174,451,3,541.38
16010,439,2,541.34
4965,493,3,541.21
18916,1649,1,541.09
16928,54,2,541.0
16962,1435,1,541.0
10583,1252,2,540.89
11325,638,4,540.83
11848,101,3,540.81
18969,61,3,540.64
15137,145,4,540.6
5486,57,5,540.56
13792,802,3,540.54
15937,22,2,540.31
17200,758,3,540.21
4941,1650,2,540.19
15884,216,3,540.1
3821,232,3,540.08
2578,486,3,539.99
9957,81,2,539.9
13778,917,2,539.81
10126,56,3,539.78
8493,453,2,539.42
10671,866,5,539.26
11404,1405,3,539.08
11555,357,5,539.06
874,667,1,539.06
11941,16,5,538.91
12603,1051,3,538.85
4429,1203,1,538.8
2094,55,3,538.75
15396,756,2,538.5
16897,94,4,538.25
820,419,3,538.12
17800,485,3,538.09
10972,635,2,538.09
4867,186,4,538.07
12519,704,4,537.85
3510,150,3,537.77
16214,933,2,537.75
16511,367,3,537.75
5250,187,3,537.71
16325,308,2,537.68
2255,324,2,537.6
8497,412,2,537.44
10134,451,4,537.38
5215,829,3,536.88
5662,239,3,536.52
6101,221,3,536.01
17952,25,4,535.65
1801,1126,1,535.32
810,29,4,535.17
16351,1208,3,535.1
14823,754,2,535.09
13871,294,2,535.06
8009,1178,1,535.03
554,368,1,534.98
17945,563,4,534.87
919,536,2,534.57
12025,297,4,534.52
14089,651,1,534.39
4873,1007,2,534.12
2585,510,3,534.05
13980,1405,2,533.95
14363,504,5,533.91
19731,122,3,533.85
12232,345,5,533.69
15457,1518,1,533.25
8288,935,1,533.17
3353,683,2,533.09
7829,645,3,533.03
9961,1268,3,532.98
11574,371,3,532.86
13964,315,4,532.73
5377,291,3,532.67
6679,1025,2,532.6
6681,468,3,532.39
17505,1262,3,532.21
19159,419,2,532.01
5945,943,3,531.97
5401,378,5,531.78
6984,393,3,531.77
19390,1134,1,531.67
18624,650,3,531.46
15453,1631,2,531.37
13305,956,3,531.35
5501,1675,2,531.26
1810,198,5,531.2
17299,1097,2,531.19
5693,710,2,531.15
6002,76,4,531.13
2039,565,3,531.02
15300,1612,2,530.97
2148,642,2,530.92
5200,14,3,530.91
8987,1047,3,530.69
10399,191,2,530.64
11342,33,4,530.52
2723,332,3,530.29
15668,1460,3,530.25
3761,1727,1,529.98
16706,101,5,529.91
16852,638,3,529.79
19195,324,2,529.59
16773,22,6,529.58
16993,258,3,529.52
11868,419,5,529.52
8195,621,1,529.52
17817,253,1,529.43
18035,115,4,529.3
2925,397,2,529.21
6753,915,3,529.17
10278,316,4,529.04
10696,519,3,528.98
8307,499,3,528.93
8088,614,1,528.64
4218,1262,2,528.46
1919,294,3,528.3
3448,1425,3,528.18
15377,499,4,527.98
9478,935,4,527.94
10403,368,4,527.87
15319,1963,2,527.82
3810,684,3,527.72
12237,668,3,527.68
5359,1547,2,527.64
6463,338,2,527.62
17410,308,4,527.56
6968,748,4,527.48
369,865,3,527.44
7633,244,3,527.37
17199,566,2,527.36
18051,265,4,527.29
9796,23,3,527.25
19194,662,1,527.12
1247,176,4,526.95
2596,323,4,526.78
16700,201,2,526.76
4574,673,4,526.72
4011,499,3,526.41
2531,680,4,526.3
10200,1621,1,526.21
8510,1875,1,526.21
10626,1076,2,526.1
698,841,2,526.08
3876,272,2,525.97
2008,521,2,525.61
3741,852,1,525.48
12058,492,4,525.46
14562,93,5,525.16
15618,731,3,524.98
4822,190,4,524.92
1149,37,2,524.91
8466,402,2,524.82
12054,252,2,524.77
11904,40,3,524.69
5213,125,4,524.28
8480,1416,1,524.1
18786,148,2,523.98
18810,623,4,523.85
7457,47,3,523.35
16665,1088,4,523.34
9795,379,2,523.24
8881,539,3,522.97
10389,482,3,522.94
16504,622,3,522.76
15086,451,4,522.58
19492,14,4,522.38
4601,638,3,522.18
4963,133,6,522.02
11453,188,2,521.9
11873,252,2,521.63
4052,188,4,521.5
8860,424,4,521.34
7029,809,4,521.2
2945,92,6,521.16
9038,1577,2,521.13
5794,150,1,521.06
9576,1625,2,521.0
1229,492,3,520.88
7967,443,2,520.86
9203,925,1,520.84
17276,414,5,520.82
11376,566,3,520.68
2296,679,3,520.61
2344,146,2,520.55
6958,984,2,520.55
12888,753,2,520.37
13161,354,3,520.19
9227,1329,2,519.82
1835,310,3,519.8
1480,839,5,519.68
3892,468,4,519.66
17181,105,3,519.66
16459,1990,1,519.63
9405,395,4,519.59
13361,86,3,519.55
9852,113,4,519.54
614,1391,3,519.51
15659,255,3,519.49
7092,1564,3,519.31
4547,5,2,519.21
14718,40,4,519.1
1880,146,3,518.93
19927,296,3,518.85
16493,180,3,518.84
8772,50,5,518.84
19240,698,2,518.62
16648,238,4,518.59
7691,0,3,518.54
9507,339,3,518.42
17802,394,2,518.3
5741,45,3,518.12
10852,1415,3,518.09
16867,28,5,517.98
13288,1709,2,517.93
11341,773,3,517.89
1628,1336,2,517.68
18999,112,3,517.47
12859,1036,2,517.45
11023,187,5,517.43
209,556,2,517.27
6338,1246,3,517.24
15703,1265,2,516.76
8367,1274,2,516.75
12557,44,4,516.6
10539,246,1,516.55
6402,529,1,516.51
14836,928,4,516.51
16087,1029,2,516.48
8593,1151,3,516.43
597,228,1,516.4
17293,1262,2,516.37
3371,257,4,516.21
15992,1272,2,516.11
17636,68,2,516.09
2605,699,2,516.09
4901,239,2,516.08
10711,308,2,516.0
5235,165,3,515.88
613,2021,1,515.82
3079,221,3,515.81
19489,439,1,515.77
1227,381,3,515.75
16568,22,4,515.74
2116,240,2,515.72
16618,365,3,515.67
716,79,1,515.63
19497,473,1,515.49
2419,20,2,515.45
15987,352,3,515.41
19197,64,4,515.37
14797,612,2,515.11
6019,63,2,515.02
15185,37,2,514.78
5960,312,3,514.74
4623,1245,3,514.39
4231,485,2,514.17
18375,531,3,513.97
5732,14,3,513.79
14452,1912,1,513.71
1502,663,2,513.68
10173,128,5,513.62
2692,60,2,513.23
469,385,2,513.22
2105,607,4,513.19
6661,448,2,512.98
6743,242,4,512.74
5410,43,1,512.71
20,160,4,512.71
1185,1374,5,512.54
3546,26,3,512.48
4831,7,2,512.19
7895,682,2,512.12
571,803,4,512.1
1647,955,5,512.03
13244,1159,2,511.99
3480,1160,2,511.95
14365,870,4,511.9
2029,382,2,511.86
11990,578,5,511.84
19760,1530,1,511.74
9412,288,5,511.6
5475,885,3,511.54
8670,235,2,511.5
17841,337,3,511.47
16343,555,2,511.44
6580,238,2,511.28
9908,695,2,511.26
16165,199,4,511.05
16264,895,2,510.67
12105,311,2,510.65
6045,207,2,510.6
15759,102,3,510.45
14031,341,2,510.32
2906,156,4,510.22
12040,408,3,510.09
1587,634,3,510.02
16994,1297,2,509.88
15660,1,1,509.67
524,364,3,509.52
6787,577,2,509.49
5247,1928,1,509.37
11134,212,5,509.35
17587,490,3,509.34
8029,633,3,509.11
11738,127,5,509.08
3014,763,3,509.02
9300,245,2,509.02
18098,844,2,508.95
1489,1209,2,508.95
17485,404,3,508.79
2622,400,2,508.69
12540,1341,1,508.37
2004,698,3,508.32
3181,1036,2,508.32
18621,1192,2,508.3
15051,1509,1,508.23
7653,547,3,508.12
17920,627,3,507.99
10064,798,3,507.92
6435,457,2,507.46
2219,69,4,507.41
15519,1688,3,507.4
10681,328,5,507.34
4317,540,3,507.1
19928,111,4,507.04
8694,916,4,506.93
835,863,3,506.48
4619,429,2,506.48
1348,15,4,506.47
11919,383,4,506.39
4751,201,2,506.19
17730,861,5,506.19
17379,220,4,506.09
12100,122,3,505.98
19708,130,3,505.89
17434,395,2,505.82
12656,39,1,505.6
5977,1078,3,505.35
6251,574,4,505.11
4852,1564,1,505.05
5744,1574,1,505.0
1553,21,4,504.81
16442,1560,1,504.77
18033,40,3,504.75
16334,728,2,504.73
7801,2039,1,504.73
6770,1116,2,504.69
5273,1128,1,504.4
6827,412,2,504.34
2919,1457,3,504.3
4546,203,2,504.3
15217,445,1,504.28
17648,1526,3,504.21
4985,1293,1,504.18
17653,89,5,504.12
10599,158,3,504.11
12858,848,4,504.08
18072,94,4,504.07
1966,109,3,504.04
13764,259,4,503.9
17207,251,3,503.45
17840,1678,1,503.41
188,588,4,503.34
14544,618,3,503.33
5715,549,4,503.19
5565,334,2,503.01
11369,638,4,503.01
18331,2,2,502.98
14240,443,3,502.77
19588,926,2,502.77
16708,586,3,502.59
17313,431,2,502.56
1955,622,1,502.48
8381,1266,3,502.44
17650,1249,2,502.34
7759,749,3,502.33
8744,520,2,502.31
13914,415,4,502.28
1316,636,4,502.27
13819,1013,2,502.21
14826,133,4,502.05
13952,1823,2,501.99
2886,1294,2,501.98
10213,550,3,501.96
7883,655,3,501.94
16366,12,4,501.77
12353,402,3,501.72
8552,564,3,501.7
16204,49,4,501.65
4788,299,1,501.65
4073,921,2,501.56
15423,119,4,501.51
15770,680,2,501.42
2064,1294,3,501.17
11052,749,2,501.05
3396,205,5,500.99
10827,25,5,500.97
11662,161,2,500.94
15638,122,3,500.94
5457,1465,2,500.71
15547,1217,3,500.46
13109,552,3,500.41
6919,407,4,500.4
2836,593,3,500.09
16074,235,3,499.88
1871,1197,3,499.55
6001,1244,3,499.21
8693,48,2,499.1
1648,1941,2,499.1
6742,197,2,498.99
13568,113,4,498.99
12671,534,3,498.98
16494,1061,2,498.98
11287,312,3,498.93
15745,526,4,498.89
16271,435,2,498.64
17364,1755,3,498.51
1738,232,4,498.4
16132,120,3,498.39
11214,1917,1,498.16
18453,334,4,498.09
6553,118,2,497.97
771,65,3,497.35
19259,807,3,497.18
14232,821,4,497.04
6278,93,3,496.99
12214,617,4,496.98
4172,1013,3,496.85
8683,197,3,496.75
862,2124,1,496.43
7343,495,3,496.41
16370,665,2,496.39
785,157,3,496.37
14609,254,2,495.96
9519,173,2,495.8
14833,239,5,495.65
1675,149,2,495.63
16777,524,2,495.49
18928,417,3,495.44
19190,543,1,495.17
7631,74,1,495.04
5313,111,3,495.03
13032,159,4,494.79
16802,1247,4,494.78
210,1463,2,494.76
17198,69,4,494.58
17123,1484,2,494.42
15426,1041,1,494.4
4094,764,2,494.33
12378,341,4,494.19
2431,50,3,494.05
1507,1703,2,494.0
14241,553,3,493.93
15056,428,2,493.77
7661,935,1,493.64
2847,82,3,493.28
13497,151,2,493.15
3293,116,3,493.09
7023,733,4,492.95
9701,390,2,492.85
19579,243,5,492.82
19605,265,4,492.82
9466,38,5,492.77
13162,293,5,492.77
18313,709,3,492.67
9782,224,4,492.5
5902,242,4,492.41
15016,368,3,492.38
16481,48,3,492.29
9938,507,2,492.25
16931,36,4,492.1
9648,1280,2,491.97
15002,84,3,491.95
11192,1187,2,491.94
17942,1374,3,491.84
12840,956,3,491.83
6652,396,3,491.81
4347,797,2,491.73
5545,94,5,491.7
11095,57,3,491.64
7557,105,3,491.47
10537,487,3,491.43
4395,1071,3,491.27
2660,497,1,491.03
15510,994,3,491.03
2811,325,1,490.98
5959,260,3,490.91
9206,285,3,490.89
18467,1109,3,490.79
3850,411,3,490.54
15632,740,3,490.52
8485,56,7,490.49
14024,105,3,490.45
11259,26,4,490.37
3024,570,3,490.26
17868,771,2,490.18
2666,693,1,490.04
7063,679,2,489.88
9657,119,5,489.78
15814,488,3,489.31
10156,154,5,489.26
885,1327,2,489.13
1167,9,3,489.13
4850,1160,2,489.08
12325,134,3,489.08
11116,930,2,488.94
108,1105,2,488.9
7677,583,3,488.68
3034,685,2,488.57
5786,942,3,488.43
10487,847,2,488.41
3814,203,4,488.36
1364,384,1,488.34
17445,968,3,488.28
14065,808,2,488.28
14039,280,3,488.23
10803,269,2,488.19
216,268,2,488.14
14478,102,6,488.08
3041,291,3,488.06
5559,773,2,487.82
11578,1582,1,487.26
8607,1831,3,487.22
16675,393,4,486.89
2433,1618,2,486.84
5704,1515,2,486.75
9219,1710,2,486.73
6831,1434,1,486.66
7358,1280,2,486.65
11428,815,2,486.63
14147,799,2,486.58
19818,167,4,486.56
5435,126,5,486.53
13776,594,1,486.48
16989,724,3,486.42
17733,94,2,486.42
16718,855,3,486.37
9268,178,5,486.04
14011,365,2,486.01
11268,160,1,486.0
8727,1627,2,485.85
19092,143,2,485.77
13002,212,4,485.47
13832,3,1,485.45
9164,102,3,485.38
19336,448,2,485.37
3740,315,3,485.28
4436,1438,3,485.22
15477,246,4,485.19
5403,245,2,485.13
16856,674,4,485.09
10277,809,2,485.05
2320,454,3,485.05
12677,389,2,484.94
12329,340,2,484.77
8865,43,2,484.71
4204,74,3,484.69
19135,508,2,484.68
2843,648,3,484.67
2384,419,3,484.54
7487,1053,3,484.54
16081,310,2,484.41
6074,409,3,484.23
3205,105,3,484.2
2970,95,3,483.89
3458,748,2,483.77
17927,462,3,483.59
18237,454,5,483.59
19258,931,2,483.46
11783,40,5,483.3
2013,1030,3,483.18
13329,501,3,483.13
1988,1006,3,483.11
2512,1188,3,483.0
10995,359,2,482.81
8196,334,4,482.69
14231,238,2,482.64
2269,373,3,482.42
9201,380,4,482.41
12190,26,3,482.37
10185,1291,2,482.3
13382,792,3,482.17
9486,133,3,482.16
19025,1323,3,482.03
3902,879,1,482.02
12596,171,3,481.77
436,160,3,481.76
3491,1138,3,481.73
917,107,2,481.61
2239,24,3,481.61
13974,175,3,481.61
14018,1139,3,481.59
9612,1559,2,481.51
10615,643,3,481.38
2151,1556,1,481.12
15701,609,3,481.11
13517,1034,2,481.02
13522,922,4,481.02
4364,125,4,480.91
14578,107,2,480.86
15741,139,2,480.8
16765,1196,1,480.62
19006,399,3,480.58
17748,128,2,480.47
11846,426,3,480.46
659,1014,2,480.45
4531,681,3,480.43
18947,400,2,480.43
14308,1057,2,480.4
16806,1744,1,480.35
19671,1006,3,480.29
11603,158,2,480.27
19874,465,5,480.15
13086,239,5,480.06
714,136,3,480.02
4953,511,2,479.82
8535,635,6,479.73
11100,287,2,479.71
13175,306,4,479.64
13171,299,2,479.53
17746,1158,2,479.48
10304,1446,1,479.46
1799,945,3,479.46
4269,565,5,479.36
3545,1787,2,479.3
16943,16,4,479.26
7027,1614,1,479.18
2827,1098,2,479.09
2302,1131,2,478.94
13435,321,2,478.75
34,107,6,478.62
8174,864,3,478.43
1400,830,1,478.41
7805,160,3,478.25
17869,406,3,478.12
10429,823,2,477.85
8200,482,2,477.84
6169,1316,4,477.8
15481,1414,3,477.52
13996,982,2,477.43
12637,125,5,477.29
14029,1393,1,477.04
2912,841,2,476.98
13648,440,3,476.92
11923,153,4,476.9
9195,1631,1,476.9
3648,1210,3,476.84
11104,141,1,476.8
8011,1577,2,476.65
6868,636,4,476.51
17453,974,1,476.35
15773,726,1,476.33
9986,1225,2,476.27
3260,109,3,476.11
8279,328,5,475.74
9876,83,3,475.55
3330,546,2,475.49
13306,379,3,475.48
18968,480,3,475.25
10676,1695,1,475.22
8306,1230,2,474.84
11196,555,3,474.75
6973,313,2,474.74
646,786,3,474.63
11664,57,3,474.53
6781,710,2,474.21
4824,275,4,474.13
19811,1046,3,474.04
1725,181,3,473.96
12127,1248,3,473.79
8906,640,3,473.71
15298,1617,1,473.68
706,1522,2,473.68
11167,4,3,473.48
1706,878,4,473.44
5605,177,4,473.43
7184,1360,3,473.38
18381,1197,2,473.37
3916,201,3,473.36
1045,273,1,473.18
536,153,3,472.94
6110,228,3,472.88
2580,70,2,472.86
2608,1659,2,472.86
6817,128,3,472.85
11624,241,4,472.82
2386,871,3,472.71
16998,54,2,472.58
7048,1035,1,472.56
370,1281,2,472.54
1021,258,3,472.48
12672,834,2,472.33
1359,440,4,472.31
19680,408,5,472.19
15480,165,3,472.15
2576,444,3,471.99
551,1868,1,471.96
2106,818,3,471.78
14385,662,3,471.76
781,86,3,471.68
7620,676,3,471.48
414,994,2,471.47
2409,278,3,471.43
6209,327,3,471.39
18073,399,3,471.38
13319,173,3,471.36
2952,764,1,471.13
19069,1508,1,471.0
16008,10,4,470.89
2566,1720,1,470.89
14640,311,3,470.79
15425,65,4,470.58
15262,96,3,470.54
8151,1901,2,470.54
6231,398,3,470.45
16117,1549,2,470.32
3786,1188,3,470.26
11472,859,1,470.11
2734,78,3,470.03
6818,391,3,470.01
18560,576,2,469.94
14356,942,2,469.93
10666,41,3,469.77
5063,184,1,469.72
5090,37,2,469.63
5539,516,3,469.6
3291,353,3,469.49
6953,701,2,469.43
8140,903,3,469.41
4676,133,3,469.35
753,366,2,469.21
2573,1231,3,469.06
17791,1083,3,469.02
12562,294,4,469.01
16720,281,6,468.95
5479,882,2,468.9
8168,37,3,468.9
15678,83,1,468.8
507,1496,1,468.76
10997,1191,3,468.72
19185,387,5,468.65
10449,351,4,468.62
6433,171,4,468.62
10271,460,3,468.6
7635,305,2,468.4
18433,236,2,468.39
9586,885,2,468.38
16658,155,3,468.35
10225,359,2,468.28
18795,1401,2,468.12
6325,61,3,468.08
3979,1290,1,468.03
19085,297,2,467.99
3324,966,3,467.85
16460,93,3,467.82
2563,1834,1,467.8
9106,1675,1,467.72
12278,826,2,467.69
2883,1079,2,467.51
7345,1549,2,467.46
11870,221,3,467.23
18742,682,4,467.22
5014,375,2,467.21
15205,243,1,467.18
16924,1652,1,467.17
19144,781,1,467.17
2144,1076,2,467.06
12821,501,2,467.06
18730,315,4,467.04
7647,740,4,466.99
12599,467,2,466.83
6929,1112,5,466.73
7848,158,5,466.3
12825,214,4,466.27
14575,267,2,465.96
12219,145,2,465.95
10254,340,3,465.85
16473,1408,1,465.81
2130,240,5,465.78
6053,190,3,465.44
6552,78,2,465.41
6832,1221,2,465.19
10617,1129,2,465.15
11884,1496,1,465.12
17901,727,4,465.07
9176,880,4,465.07
4705,80,3,465.05
5754,1103,3,464.96
9183,1199,3,464.9
143,14,3,464.86
1531,803,2,464.77
3243,531,2,464.65
4672,865,1,464.48
12574,191,2,464.48
19347,1408,2,464.45
3746,662,3,464.42
16895,1689,2,464.36
2908,233,4,464.34
19214,911,1,464.31
14489,794,2,464.29
196,1170,2,464.16
3833,1141,3,464.16
12380,124,4,464.06
8757,671,3,463.81
3439,1358,1,463.55
3800,2091,1,463.52
3973,759,4,463.45
8555,1421,1,463.39
19445,94,4,463.36
8879,468,3,463.3
5868,1044,3,463.27
1051,1587,2,463.15
10581,343,4,463.09
7311,883,2,463.04
9115,95,4,463.01
12648,966,1,462.9
15387,532,3,462.82
8531,793,1,462.68
16260,465,4,462.61
11810,182,4,462.41
16107,197,3,462.33
1914,219,5,462.05
16512,20,3,462.04
9896,1025,3,461.99
12340,1023,2,461.93
18614,609,3,461.85
16189,750,2,461.84
14687,52,4,461.64
8155,102,5,461.57
7073,736,3,461.48
2427,50,3,461.39
8704,703,3,461.37
4853,2,3,461.11
15057,1105,2,461.02
12918,68,2,460.99
6579,145,3,460.95
8316,44,1,460.8
11301,71,4,460.65
14257,462,4,460.58
9052,464,3,460.5
10425,1219,2,460.44
13003,858,2,460.16
13261,159,4,459.98
7569,83,3,459.81
1242,194,5,459.81
3074,797,1,459.78
3202,1138,2,459.77
13155,1328,3,459.75
18606,610,3,459.62
7845,200,4,459.58
7203,861,1,459.57
1530,18,4,459.53
18871,431,1,459.51
10462,1195,2,459.5
8327,63,3,459.41
11687,120,4,459.35
4458,1318,2,459.23
5737,1167,1,459.2
2849,1181,2,458.93
8833,1231,2,458.92
19029,470,4,458.84
4810,281,4,458.7
7390,108,2,458.33
16725,167,2,458.16
17754,1178,1,458.11
11745,72,3,458.11
16620,547,4,458.01
1719,706,1,458.01
16268,475,2,457.91
16763,516,4,457.89
3456,176,3,457.86
12038,520,2,457.77
2358,863,2,457.75
6381,195,3,457.49
12355,668,1,457.46
19529,1271,2,457.43
5339,695,2,457.35
11111,190,2,457.33
10273,102,1,457.31
7519,439,1,457.31
1784,1025,1,457.31
15913,531,2,457.31
5384,542,2,457.21
18582,202,3,457.15
13412,126,2,457.11
10698,1300,3,457.1
12998,1590,3,456.97
7139,226,5,456.78
1214,221,3,456.77
6206,354,3,456.73
4960,945,4,456.66
13185,586,2,456.53
1243,253,2,456.2
14716,79,4,456.06
8156,2043,2,455.96
6263,692,1,455.86
11617,724,3,455.86
8777,526,2,455.84
12078,434,3,455.78
10044,1958,1,455.45
878,218,2,455.4
15938,134,3,455.35
18943,1066,4,455.23
13393,257,3,455.19
12948,125,2,455.03
12517,1785,2,454.62
14625,276,2,454.27
1968,124,3,454.27
6119,472,3,454.23
9146,528,2,454.23
15073,588,1,454.09
2189,247,2,454.07
9591,491,3,454.03
10889,349,4,453.93
19528,3,4,453.91
17064,1031,3,453.9
13837,105,2,453.89
18936,237,3,453.86
12554,479,3,453.84
8803,178,3,453.83
6911,1563,3,453.75
12031,1906,1,453.6
7433,143,1,453.57
2303,819,4,453.05
8580,263,2,453.02
17768,117,3,452.91
4411,653,3,452.83
15084,411,2,452.79
3855,578,4,452.69
4674,1419,2,452.55
18345,461,4,452.54
1601,1213,4,452.44
11935,395,6,452.37
7413,781,2,452.33
2798,403,2,452.07
9990,159,3,452.06
4888,266,4,451.96
15697,577,5,451.91
19157,38,2,451.58
7930,170,2,451.57
16562,394,2,451.5
19117,1668,2,451.46
19757,1913,2,451.46
6357,635,3,451.42
7866,496,2,451.27
17047,519,2,451.25
18620,40,4,451.2
14573,353,4,450.8
1305,297,5,450.77
6902,587,3,450.74
5188,111,3,450.63
17703,135,4,450.55
15532,720,3,450.54
9506,678,1,450.48
1948,1205,5,450.45
9918,1384,2,450.38
3590,162,4,450.34
11542,1360,2,450.27
17532,1840,2,450.2
15090,931,4,450.08
15744,168,4,450.04
17358,961,3,450.02
3697,393,4,449.99
3829,1349,2,449.88
10697,1461,1,449.86
8962,521,2,449.81
9157,687,4,449.8
14371,99,2,449.79
353,500,2,449.78
16827,43,2,449.7
6038,950,3,449.61
12873,628,1,449.4
1182,661,2,449.36
5566,46,5,449.35
74,328,5,449.12
17866,141,3,448.96
1308,34,2,448.95
6148,744,4,448.78
19585,2094,1,448.72
7120,146,4,448.48
19590,1149,2,448.47
14654,1148,2,448.39
16499,93,4,448.32
9428,381,3,448.24
10767,448,2,448.2
11311,874,4,448.17
13771,404,4,448.03
8023,592,4,447.92
5743,917,2,447.68
15099,252,3,447.62
5503,1165,2,447.6
7806,193,3,447.56
8045,562,3,447.43
11444,291,4,447.31
1382,483,1,447.23
19399,456,3,447.12
9860,522,3,447.0
18245,128,3,446.93
2694,764,1,446.93
4042,590,3,446.86
19952,288,4,446.86
15201,1760,2,446.52
1262,425,3,446.41
16197,70,4,446.38
18608,46,5,446.38
1019,298,4,446.33
19654,247,2,446.32
12933,1726,2,446.27
1665,411,2,446.0
202,990,1,445.93
819,1225,4,445.93
175,367,5,445.78
15630,2008,1,445.78
13563,1025,2,445.53
9345,657,3,445.5
13406,1534,2,445.44
11837,48,3,445.41
13091,341,1,445.3
19418,2091,1,445.2
10584,708,3,445.1
5554,93,3,445.07
14766,87,4,444.96
16679,1177,1,444.91
19394,936,3,444.88
474,495,2,444.57
7835,100,2,444.49
19182,772,2,444.38
13411,1085,4,444.38
11970,750,2,444.27
15580,74,4,444.24
11470,20,5,444.03
2297,610,1,444.01
6268,1012,1,443.92
6876,268,3,443.77
2177,477,4,443.73
17305,117,2,443.59
6826,559,3,443.43
7478,956,3,443.33
15927,954,2,443.33
19375,1249,2,443.24
14071,1629,2,443.14
19742,376,2,443.13
3788,831,3,443.12
9087,766,2,443.09
8258,1860,2,442.98
19540,1098,1,442.59
18636,1170,3,442.5
17253,225,2,442.48
10848,76,2,442.48
2668,193,3,442.46
14765,1539,3,442.35
5679,3,2,442.21
16836,543,3,442.09
19153,1302,4,442.07
12083,773,2,442.04
48,265,2,441.99
18094,24,6,441.97
8448,265,3,441.96
14357,80,2,441.92
1451,944,3,441.8
18290,788,2,441.74
16394,62,3,441.69
5358,850,1,441.69
107,803,2,441.66
8776,206,2,441.64
2554,881,4,441.63
288,295,3,441.61
17634,429,2,441.44
7584,205,4,441.37
17206,1460,3,441.34
13470,334,2,441.18
8192,1856,1,441.16
4684,154,3,441.14
11898,1201,4,441.01
19906,1826,1,440.91
19820,812,3,440.9
2137,136,3,440.89
4192,277,3,440.88
13902,1060,4,440.86
15213,340,5,440.71
16119,985,2,440.61
16109,50,3,440.44
17045,117,2,440.43
13909,1883,2,440.42
12989,136,2,440.41
19237,356,3,440.39
1386,259,4,440.26
4305,546,3,440.18
14899,1603,1,440.17
11358,435,2,440.17
7707,1255,1,440.16
16086,796,6,440.02
4803,1218,4,439.89
8841,28,3,439.86
13912,1037,2,439.82
533,44,4,439.81
2699,273,3,439.8
13879,0,3,439.75
15402,153,2,439.68
13583,178,3,439.67
3406,656,3,439.59
6557,1429,3,439.44
1783,159,3,439.38
30,258,2,439.28
19319,1213,3,439.27
9808,248,3,439.23
8127,11,2,439.22
18047,476,3,439.22
14178,1322,3,439.12
16272,240,5,439.11
19769,1681,2,439.01
6879,1157,3,438.95
2324,1056,4,438.89
12524,1973,1,438.84
14714,59,2,438.81
497,691,2,438.76
3956,381,2,438.74
2184,120,3,438.57
11275,1298,1,438.54
14399,1064,1,438.54
127,529,2,438.24
17669,627,4,438.2
11054,293,5,438.09
18240,693,2,437.96
15717,503,5,437.85
18836,665,2,437.81
4799,820,3,437.8
18550,3,3,437.75
16173,248,2,437.62
5815,1552,3,437.58
12678,304,1,437.55
773,1280,3,437.38
3444,379,2,437.36
19550,192,4,437.32
8603,975,4,437.24
605,745,4,437.17
12766,387,3,437.13
9488,245,2,437.07
4143,173,6,437.04
6744,1453,1,436.98
12186,261,3,436.94
5050,142,3,436.83
4536,27,3,436.7
2558,696,2,436.69
17114,18,1,436.69
6223,668,3,436.62
17985,1700,2,436.6
14007,555,2,436.57
10035,1003,1,436.46
15544,299,2,436.41
19224,765,2,436.37
6195,2040,1,436.37
9103,958,2,436.35
7596,1290,2,436.14
2452,1146,2,435.83
12406,786,2,435.83
10385,64,2,435.81
764,1423,1,435.59
11173,117,3,435.33
839,81,1,435.28
3405,42,4,435.28
14336,2096,1,435.15
2507,914,2,435.11
3015,566,2,435.04
10199,894,2,435.04
302,222,1,435.02
4019,279,3,435.02
13790,303,4,434.99
5470,538,3,434.98
5143,1129,2,434.97
4482,175,3,434.94
4722,345,4,434.94
9442,265,2,434.9
11761,1257,3,434.81
12223,16,4,434.81
2378,1422,2,434.78
14955,434,3,434.51
15621,16,2,434.33
13057,605,2,434.18
14656,654,2,434.16
10942,1000,3,434.05
18845,825,1,434.04
18760,1032,4,433.84
6240,320,4,433.77
12801,289,3,433.73
13889,567,3,433.72
15281,497,3,433.66
16230,538,4,433.65
18293,232,2,433.5
14632,36,3,433.5
703,142,4,433.44
11465,472,2,433.4
19014,453,3,433.12
2416,123,3,433.1
9787,350,3,433.09
9766,210,2,433.07
1435,179,3,433.03
10532,111,4,432.96
1630,243,4,432.73
2781,158,3,432.68
11132,295,3,432.67
16407,598,2,432.66
9687,1782,1,432.65
1132,900,1,432.65
19278,239,3,432.58
12222,423,3,432.47
9288,528,4,432.45
14653,1316,1,432.43
4137,387,2,432.29
2494,284,1,432.24
6484,664,3,432.18
19321,723,2,431.92
13520,1071,2,431.91
7702,891,4,431.89
7495,963,1,431.85
17684,960,2,431.67
8904,610,2,431.56
5423,293,2,431.55
7535,79,4,431.49
11365,1110,3,431.42
7289,1359,2,431.4
9398,1354,2,431.4
13822,1179,3,431.19
886,968,2,431.17
102,325,4,431.05
1497,428,2,430.92
16913,1776,2,430.77
4914,446,2,430.76
80,36,2,430.7
9035,64,2,430.67
1824,1362,2,430.6
18411,1869,2,430.5
15706,461,3,430.38
8628,57,2,430.2
8083,343,2,430.17
10152,1108,1,430.16
2462,207,4,430.01
16316,1603,1,429.99
8747,699,2,429.94
13529,4,3,429.78
11482,215,1,429.68
12480,887,1,429.66
19645,223,3,429.6
349,1389,3,429.59
18157,936,1,429.55
17462,130,2,429.54
14553,1633,3,429.49
9627,113,3,429.48
19566,178,2,429.45
320,164,5,429.42
8139,1074,2,429.33
12382,510,3,429.29
12375,551,2,429.22
15274,1489,2,429.14
11030,1391,3,429.06
1052,127,3,428.96
12414,201,3,428.49
18220,712,2,428.46
11077,464,1,428.39
11368,754,4,428.2
13249,509,3,428.05
969,347,4,427.99
5543,1474,3,427.7
5370,1310,3,427.69
13881,1588,1,427.58
19527,102,4,427.37
17176,896,2,427.36
13658,1858,2,427.29
15355,1771,1,427.28
10056,497,3,427.07
5897,58,3,426.93
12813,538,2,426.91
15315,32,1,426.85
1743,718,2,426.84
1155,195,3,426.79
6287,815,1,426.78
15232,1587,2,426.71
8794,1470,3,426.69
19775,488,3,426.65
8935,694,3,426.63
13890,55,4,426.6
15612,878,3,426.58
8549,82,4,426.52
3669,1102,4,426.52
9810,61,2,426.45
7740,11,4,426.43
7798,303,2,426.42
1292,898,3,426.38
3303,374,3,426.32
13444,53,4,426.32
4015,896,4,426.3
4494,336,4,426.3
5264,56,4,426.2
8069,39,4,426.2
7592,1957,1,426.14
7220,583,3,425.93
8351,301,3,425.92
11706,64,3,425.86
3459,1736,1,425.74
15686,24,1,425.69
19184,396,2,425.68
19176,742,2,425.67
15690,111,1,425.53
273,592,2,425.51
5555,1115,4,425.47
14046,903,1,425.41
14150,190,5,425.3
18232,677,3,425.27
9228,592,2,425.18
801,581,2,425.0
10842,1353,3,424.98
10748,1029,4,424.92
4081,98,2,424.88
15656,619,2,424.88
10071,1882,1,424.86
17539,406,3,424.82
15305,1475,2,424.73
8636,52,3,424.66
5098,762,3,424.54
18358,120,4,424.51
17663,544,2,424.48
8739,838,2,424.42
18647,1918,1,424.36
8934,964,2,424.17
12055,36,4,424.08
1354,1225,2,424.06
7582,590,6,423.97
10080,424,2,423.9
4573,100,3,423.56
1049,1986,2,423.55
4907,733,3,423.45
4004,966,3,423.43
9895,102,4,423.42
14886,722,2,423.25
12615,1043,2,423.11
3446,64,3,423.11
15890,788,4,423.1
18091,255,2,423.06
17333,1586,2,422.84
1848,265,2,422.8
15605,753,3,422.73
4488,809,3,422.68
13589,222,5,422.67
16083,113,3,422.61
15061,486,4,422.55
12946,75,1,422.48
8785,1870,1,422.43
7965,486,4,422.42
10590,36,4,422.35
12660,1696,2,422.27
19891,8,4,422.1
9565,1674,1,422.01
3257,1015,1,422.01
2257,1130,4,421.95
14422,1119,1,421.75
14266,1060,2,421.65
15359,964,1,421.64
4708,1047,1,421.64
14359,595,3,421.36
7813,89,2,421.36
11448,594,3,421.33
10326,1049,2,421.3
992,397,2,421.26
11101,1008,1,420.97
12464,813,2,420.93
18645,795,2,420.92
8874,1899,1,420.87
11010,578,2,420.84
7047,575,2,420.7
16923,513,2,420.67
6943,201,3,420.63
19416,268,2,420.53
17534,950,1,420.32
5212,1372,2,420.0
19717,1044,5,419.99
16851,664,3,419.92
1311,0,4,419.86
17665,390,4,419.83
3428,425,6,419.81
17059,261,4,419.71
4438,549,2,419.63
583,2041,1,419.6
15842,487,2,419.56
3309,206,2,419.55
16329,322,3,419.5
15283,793,2,419.49
9117,552,3,419.33
6976,1116,1,419.21
12439,486,2,419.11
12611,7,2,418.81
4554,463,3,418.79
18979,549,4,418.6
6404,175,4,418.53
16319,1188,2,418.51
9607,384,2,418.45
62,1585,3,418.32
18189,74,2,418.29
2242,1520,3,418.16
7928,355,2,418.06
3242,482,3,417.81
2518,1006,2,417.78
15194,224,4,417.77
19755,951,3,417.63
6848,838,3,417.56
11051,202,3,417.49
13258,967,3,417.45
15220,19,2,417.41
3556,0,4,417.37
16150,57,3,417.31
964,180,4,417.29
3292,1346,2,417.29
12390,1554,2,417.18
13855,1778,1,417.14
734,49,5,417.01
18594,824,3,416.78
16830,1410,2,416.68
7602,751,2,416.67
12581,202,4,416.6
19042,1158,1,416.31
1522,532,2,416.3
12431,1310,2,416.26
8596,1501,2,416.23
2390,1283,2,416.19
493,81,3,416.17
12131,1159,1,416.16
18831,1819,1,416.1
16358,67,1,416.05
15912,1364,3,416.02
15460,160,4,416.01
3934,181,2,415.87
890,664,3,415.86
9060,141,1,415.76
17502,515,1,415.64
6642,988,4,415.6
8733,528,2,415.55
17689,1137,2,415.48
10514,17,4,415.48
14627,63,4,415.48
15863,654,3,415.42
4635,410,4,415.4
1585,346,6,415.34
19781,322,2,415.18
17077,236,4,415.15
18901,135,2,415.15
16098,576,2,414.83
9630,676,3,414.78
15848,650,3,414.75
15981,909,2,414.73
1581,0,4,414.63
18844,98,3,414.45
5419,396,3,414.43
2362,646,3,414.42
4590,69,2,414.4
2314,733,3,414.31
7523,382,5,414.31
2276,416,3,414.29
5588,317,2,414.15
420,115,3,414.11
18873,994,3,414.07
8591,983,3,413.95
6797,67,2,413.88
15590,392,3,413.53
11953,149,1,413.47
9468,878,1,413.44
728,577,2,413.44
7822,1171,2,413.43
4010,1740,1,413.4
1144,1155,2,413.29
10510,723,3,413.22
14005,411,2,413.11
17678,164,1,412.88
19203,510,2,412.82
19122,252,2,412.8
16393,355,4,412.73
2325,73,3,412.72
3644,441,2,412.62
14681,191,3,412.58
16049,450,4,412.44
504,187,3,412.43
18870,139,4,412.39
3256,1578,2,412.32
9745,68,4,412.26
18097,45,3,412.23
9431,511,3,412.13
19602,317,5,412.07
9411,1183,4,412.01
451,33,3,411.94
4775,1321,2,411.93
9881,510,3,411.79
12732,609,2,411.69
13004,304,5,411.65
1313,773,2,411.62
5692,228,4,411.41
7860,1011,1,411.29
18691,365,3,411.25
19788,703,4,411.21
10562,645,3,410.97
10636,462,3,410.96
5162,424,3,410.96
16694,725,2,410.69
6241,147,3,410.65
19653,82,4,410.61
14318,35,3,410.55
10,943,3,410.53
3798,323,2,410.46
2246,406,2,410.36
8484,796,1,410.19
17125,465,2,410.18
14188,179,4,410.09
16912,69,3,410.07
3917,41,1,409.89
129,387,2,409.82
15846,260,4,409.82
2572,334,3,409.76
6502,1063,2,409.69
4085,1134,3,409.66
11849,703,4,409.51
2677,128,5,409.5
18591,1248,2,409.48
1786,459,2,409.47
3155,697,2,409.36
19767,240,4,409.35
19168,414,4,409.29
7770,504,3,409.26
11064,272,4,409.1
4581,684,2,409.07
14054,50,3,409.06
19819,48,3,409.04
3637,44,3,408.97
214,78,3,408.96
14623,429,2,408.91
3639,759,3,408.78
15202,381,3,408.69
2057,163,4,408.38
4497,31,5,408.35
593,61,2,408.27
18976,59,3,408.25
825,86,3,408.24
19980,300,3,408.21
19076,347,3,408.18
19639,457,3,408.06
13232,408,3,408.03
16269,339,3,408.0
2880,653,4,407.69
14647,1331,3,407.65
4492,500,2,407.61
6212,522,3,407.55
11421,1215,2,407.51
8328,818,3,407.4
8106,276,5,407.37
863,310,4,407.36
17250,231,2,407.36
11517,22,5,407.15
12026,606,2,407.1
12612,629,2,407.08
94,1532,1,407.08
17656,156,2,407.0
15508,560,3,406.91
16607,742,2,406.9
9145,17,3,406.88
2247,96,3,406.78
4951,1130,2,406.77
5299,36,3,406.75
4329,1952,2,406.72
1751,484,3,406.71
11883,143,3,406.64
45,461,3,406.61
16245,202,4,406.61
12317,696,3,406.59
16088,300,3,406.41
8671,1,4,406.26
5415,363,2,406.23
6190,5,4,406.13
18452,59,4,406.09
3284,845,1,406.01
10146,913,4,405.88
5826,1798,2,405.88
142,1064,2,405.84
2237,901,4,405.79
14904,1169,3,405.52
11622,1476,2,405.34
701,919,1,405.24
15161,1776,1,405.19
5640,962,2,404.99
5652,710,5,404.99
2317,1327,3,404.99
9786,864,2,404.95
12493,274,3,404.92
18479,669,2,404.86
1194,439,3,404.84
5032,666,3,404.76
834,335,3,404.68
2897,148,2,404.59
15395,1589,1,404.59
15509,252,2,404.58
433,2,3,404.58
13474,284,2,404.57
2957,70,3,404.46
5170,163,2,404.27
10773,269,4,404.27
14082,427,2,404.19
15791,970,2,404.17
7147,1368,1,404.08
18955,422,3,403.98
11391,369,4,403.88
10120,516,4,403.77
18905,768,2,403.76
11634,527,2,403.54
11616,78,3,403.45
6531,1527,2,403.43
5059,240,1,403.42
17020,320,3,403.35
15279,731,2,403.28
6436,451,4,403.18
15663,31,4,403.11
12932,36,4,403.09
15878,1399,3,403.04
11406,195,4,402.97
1064,908,2,402.94
7884,215,3,402.89
10048,196,2,402.86
18078,1093,3,402.83
9489,1258,3,402.72
10026,886,3,402.72
19374,665,1,402.71
7078,981,2,402.7
16740,708,3,402.55
2361,160,2,402.34
3635,620,4,402.33
8084,67,2,402.17
1814,147,3,402.15
8384,165,2,402.13
4446,1100,3,402.12
8111,1652,3,402.07
2205,204,3,401.92
5506,1979,1,401.8
8706,132,2,401.5
16651,608,3,401.34
12298,390,3,401.33
9281,390,3,401.31
19188,450,2,401.21
3117,1303,1,401.16
10947,578,4,401.15
9816,387,4,401.14
16221,116,3,401.11
7062,1427,1,401.1
17148,115,3,400.91
5720,249,2,400.75
909,857,3,400.75
1260,4,1,400.74
6737,155,4,400.74
5702,429,3,400.71
1678,1066,2,400.63
940,1416,2,400.57
4533,176,3,400.55
13869,1555,1,400.41
14166,395,2,400.41
10334,247,2,400.38
8492,402,2,400.36
18216,677,3,400.24
12982,145,5,400.21
2123,1504,2,400.07
4271,697,2,400.07
10595,1085,3,399.88
13336,2077,1,399.74
9775,155,2,399.54
19507,794,3,399.54
10141,588,2,399.46
16129,134,1,399.42
11005,168,2,399.34
4935,997,2,399.33
13059,451,4,399.32
1977,424,3,399.27
18654,836,3,399.26
6989,308,3,399.07
2065,1117,2,399.02
5525,11,2,398.97
9009,326,3,398.94
5307,614,3,398.93
3426,1271,2,398.89
14907,273,4,398.85
1193,19,3,398.78
7472,1238,3,398.75
17709,533,2,398.74
15368,66,2,398.65
3718,145,2,398.65
2565,511,3,398.52
17073,363,1,398.51
17467,1316,3,398.49
7125,470,4,398.28
7980,1634,2,398.27
19030,207,4,398.26
10526,733,2,398.24
8402,514,4,398.09
7968,1272,3,397.97
7155,999,3,397.86
14991,337,3,397.7
17833,46,2,397.64
7726,1882,1,397.58
17891,54,3,397.57
14994,554,3,397.51
11922,267,3,397.47
13235,455,2,397.33
10104,567,3,397.31
11690,225,2,397.15
11071,152,4,397.1
12104,1715,2,397.03
7222,664,2,396.87
14633,1477,2,396.75
15093,8,4,396.66
3241,769,2,396.49
19620,2034,1,396.48
13294,425,4,396.47
2110,41,2,396.4
4246,261,2,396.28
10593,151,4,396.11
9296,1464,2,395.95
19978,1,4,395.93
18951,363,2,395.85
17872,861,2,395.8
8421,370,3,395.76
7208,382,3,395.74
11255,291,2,395.7
6516,854,3,395.59
12495,1514,2,395.53
12530,182,4,395.44
6159,82,2,395.42
6617,337,4,395.42
9030,968,2,395.3
18800,769,3,395.29
13770,969,3,395.29
8674,1056,4,395.26
1509,1093,2,395.22
13430,1346,2,395.16
16111,249,2,395.16
14379,207,4,395.12
2754,236,2,395.08
3750,232,6,394.96
5438,283,3,394.95
5735,326,2,394.92
1263,1084,2,394.91
18803,358,2,394.89
16914,150,2,394.86
344,201,3,394.81
3938,462,2,394.81
1340,718,1,394.73
15812,784,3,394.64
11707,263,3,394.63
2722,170,2,394.52
10791,1790,1,394.5
6,338,4,394.47
19768,1119,4,394.41
4053,307,3,394.35
7919,571,3,394.21
2363,499,3,394.17
11826,626,3,394.11
11085,1936,1,394.1
813,1353,2,394.07
18854,1309,3,394.03
1113,283,3,393.94
9748,1751,3,393.88
3896,631,3,393.86
3466,654,2,393.82
19343,253,2,393.82
10395,931,4,393.77
5389,215,3,393.76
5806,363,3,393.76
1215,1160,3,393.68
11429,352,2,393.6
1347,666,4,393.56
14,3,3,393.41
4134,859,4,393.33
15357,805,2,393.31
1923,280,2,393.29
6745,659,5,393.26
4454,250,4,393.24
16921,235,2,393.23
16843,23,2,393.21
1789,323,3,393.07
10030,375,2,393.06
6568,981,3,392.93
16666,483,1,392.93
15806,98,3,392.92
7056,492,2,392.89
9778,1175,2,392.75
11336,626,3,392.75
13718,103,3,392.67
73,820,2,392.64
19143,1214,2,392.61
17330,13,3,392.56
16939,182,4,392.44
14144,1537,1,392.42
11955,2015,2,392.41
8995,746,2,392.26
5644,370,2,392.2
6927,454,2,392.17
14248,1352,2,392.15
15713,909,3,392.08
9375,361,4,392.02
8790,1355,3,391.96
18739,1670,1,391.93
6994,738,2,391.91
10899,816,2,391.91
2646,735,1,391.83
15081,1619,2,391.78
19615,294,3,391.74
4195,830,2,391.67
9742,1427,2,391.64
2760,879,2,391.63
18049,241,4,391.62
12555,701,2,391.56
3939,677,2,391.55
9987,670,2,391.51
12242,561,3,391.43
1717,440,5,391.38
4973,1630,2,391.38
11154,727,1,391.33
7621,167,2,391.17
14493,828,1,391.14
11832,364,1,390.97
16480,404,2,390.97
1686,705,3,390.96
10268,12,3,390.92
3608,640,2,390.73
19412,1573,1,390.67
18558,436,2,390.61
13897,1832,1,390.53
419,1051,3,390.34
15239,78,4,390.29
18154,27,3,390.27
4156,585,3,390.24
13391,1105,3,390.2
3388,946,1,390.14
8477,702,2,390.12
3854,152,2,390.07
13031,378,3,390.07
17604,357,2,390.03
5685,879,2,389.94
17973,511,2,389.93
13205,380,3,389.85
10362,375,4,389.65
3714,213,4,389.65
1554,774,2,389.59
17053,1189,1,389.55
15518,121,3,389.54
744,813,2,389.44
3427,415,3,389.3
7855,523,3,389.24
10778,862,3,389.2
9556,141,4,389.19
7764,103,3,389.11
14109,770,1,389.07
15170,861,3,388.94
9859,67,2,388.91
10641,21,3,388.91
19248,288,1,388.79
3282,276,2,388.74
3040,1825,1,388.62
1884,722,3,388.5
16589,1140,2,388.46
15804,1678,3,388.41
5226,477,2,388.36
10119,1046,3,388.32
11035,944,1,388.31
15416,347,3,388.31
17789,305,3,388.31
5712,1,3,388.23
1478,630,2,388.22
17480,1946,2,388.19
13825,167,3,388.16
9353,1132,1,388.13
18784,966,2,388.08
15269,164,3,388.01
16171,167,3,387.92
900,818,2,387.84
16981,1401,2,387.83
264,352,4,387.76
1005,234,3,387.76
10427,612,2,387.76
19388,1343,3,387.7
19075,1127,2,387.7
4044,102,2,387.69
1590,684,2,387.64
13547,183,3,387.59
2787,229,3,387.43
14062,760,2,387.39
5039,462,2,387.33
15922,110,3,387.2
7133,722,2,387.12
3131,806,3,387.07
2134,765,3,386.99
16891,487,4,386.99
15862,1443,2,386.93
18071,418,2,386.91
9076,792,4,386.87
2581,1409,2,386.78
4868,295,1,386.74
5153,692,5,386.53
2538,14,4,386.51
5614,20,1,386.49
7389,509,2,386.48
13370,365,3,386.42
2602,348,2,386.39
19924,474,2,386.35
1851,5,3,386.33
9660,1131,2,386.3
3239,46,2,386.27
5561,328,3,386.26
4339,456,1,386.25
13051,237,3,386.2
12373,82,4,386.06
11829,582,2,386.04
9899,387,3,385.99
9093,1145,2,385.96
11464,331,2,385.93
3468,1006,1,385.92
1033,1026,2,385.91
3974,449,2,385.89
13593,957,4,385.85
19229,456,3,385.82
3266,701,4,385.76
3875,763,2,385.73
7025,721,2,385.71
8434,386,2,385.7
4568,1043,2,385.64
1720,128,4,385.62
15410,528,5,385.61
12051,775,2,385.6
2686,458,3,385.55
9359,43,3,385.39
5814,6,2,385.23
1656,357,2,385.23
1433,671,6,385.2
17406,218,3,385.07
8649,1622,2,385.05
7202,850,4,385.04
496,355,3,384.93
6608,1495,2,384.91
16532,339,2,384.9
10765,38,2,384.77
15019,597,5,384.74
595,179,5,384.6
6508,954,2,384.56
657,833,2,384.46
14411,775,1,384.44
1223,1157,3,384.35
5074,1033,5,384.32
3212,584,2,384.29
6377,84,5,384.19
14592,858,2,384.18
7905,257,3,384.16
16242,97,1,384.12
12700,2045,1,383.96
5135,1343,2,383.95
2990,87,2,383.86
15903,299,2,383.8
12300,287,5,383.78
18121,53,2,383.72
17908,556,3,383.64
4572,517,2,383.63
5792,1957,1,383.53
2090,61,5,383.49
2621,465,3,383.45
18512,858,2,383.38
17647,1409,3,383.35
11997,360,3,383.28
12135,136,5,383.28
3210,380,4,383.27
19071,587,4,383.15
6073,835,1,383.01
14110,710,4,382.94
1906,2012,1,382.84
12587,2032,2,382.69
6884,1050,2,382.69
15947,2015,2,382.68
9879,1367,3,382.66
6612,734,3,382.56
8284,235,4,382.52
10739,410,3,382.46
19346,548,6,382.42
5304,16,4,382.41
5988,1440,1,382.34
15512,343,2,382.32
19777,474,3,382.29
9589,798,5,382.23
2966,473,2,382.19
9833,607,2,382.15
6915,1452,2,382.11
864,985,2,382.11
18428,428,2,382.02
2198,303,3,381.98
9949,497,3,381.98
17879,295,2,381.94
2347,428,3,381.88
4993,1722,3,381.85
16978,125,2,381.78
12994,682,1,381.78
18223,58,3,381.76
15046,347,3,381.71
4202,203,2,381.61
13993,1178,2,381.53
8130,68,4,381.5
9841,335,2,381.46
11507,33,2,381.42
9969,1194,2,381.38
6941,1685,1,381.34
6327,1529,3,381.3
19865,194,4,381.25
5762,497,5,381.23
11181,226,2,381.19
39,999,3,381.13
12884,872,3,381.0
18132,721,2,380.98
17637,1268,3,380.83
19916,126,2,380.81
14133,605,3,380.71
6605,427,1,380.7
5439,35,3,380.62
9371,163,3,380.62
777,80,2,380.62
7471,119,3,380.46
459,139,5,380.44
6334,350,3,380.41
16737,220,2,380.4
18023,829,3,380.37
477,521,5,380.32
9177,366,2,380.25
5967,92,2,380.11
14041,174,3,380.1
13678,607,4,379.94
1143,474,2,379.86
590,57,4,379.84
3343,1661,2,379.84
1924,653,1,379.78
1747,169,4,379.72
12028,662,3,379.6
4637,235,3,379.56
8831,494,2,379.54
305,413,4,379.52
5016,519,1,379.51
7538,247,4,379.46
163,93,2,379.42
12855,1068,2,379.38
5526,1978,2,379.17
17574,626,2,379.14
4119,106,3,379.13
189,762,2,379.1
18665,119,3,379.05
12544,1339,1,379.02
19714,372,2,378.75
10170,893,3,378.72
495,33,5,378.7
10592,947,2,378.64
18985,1278,2,378.56
5144,1750,1,378.55
3652,116,3,378.53
19926,50,4,378.53
1875,29,1,378.48
13785,1228,1,378.44
14675,309,3,378.36
2256,840,3,378.34
4648,305,3,378.34
19064,576,3,378.32
7051,1160,3,378.31
15374,289,4,378.12
500,94,3,377.91
8994,688,2,377.71
7508,171,3,377.7
14934,427,2,377.68
15980,226,1,377.68
9196,139,3,377.64
4859,529,2,377.62
14891,251,4,377.51
9056,42,3,377.49
5798,37,2,377.47
12977,1060,2,377.4
10662,250,4,377.39
5641,146,2,377.38
2693,564,3,377.29
7506,143,3,377.27
9747,480,3,377.04
11227,460,1,377.01
4975,991,3,376.9
16755,1635,1,376.88
66,1063,2,376.79
15665,45,1,376.75
16951,786,3,376.58
10909,194,1,376.51
14291,1464,2,376.51
6211,302,3,376.42
4820,873,3,376.41
5969,526,5,376.28
2266,202,4,376.27
8663,359,3,376.26
7330,129,2,376.25
5756,576,1,376.12
19095,1060,1,376.12
18063,143,3,376.1
11497,961,1,376.01
10178,787,2,375.96
13462,317,3,375.94
13794,1337,1,375.89
3314,920,2,375.78
17524,492,3,375.69
13614,336,2,375.66
19663,754,4,375.52
17753,283,2,375.39
16168,324,3,375.37
10819,620,2,375.37
15664,221,4,375.28
14811,434,6,375.24
12489,207,4,375.1
18430,993,2,375.07
270,27,2,374.85
3276,281,3,374.76
17269,633,2,374.74
18304,463,2,374.68
9208,908,3,374.66
17856,1079,2,374.45
12883,446,2,374.44
13436,1453,1,374.44
6699,211,2,374.41
9232,1346,3,374.39
7498,58,5,374.38
19637,1999,1,374.38
817,850,2,374.22
11604,1087,2,374.2
10656,277,4,374.03
12561,193,4,373.92
8750,114,4,373.9
5257,874,2,373.83
13365,81,1,373.81
9126,689,3,373.38
14965,446,3,373.14
13397,204,2,373.1
4449,137,2,372.93
18212,488,3,372.87
11372,1067,2,372.83
19435,617,3,372.82
19433,387,3,372.72
17043,184,2,372.65
19462,326,1,372.61
6641,124,4,372.59
6185,249,3,372.47
4158,208,4,372.38
286,613,1,372.36
4627,1097,1,372.14
6586,37,3,372.13
9913,875,2,371.96
19379,1000,4,371.93
19303,938,1,371.91
11029,136,3,371.81
10469,356,2,371.65
8372,229,3,371.64
6657,693,2,371.61
18395,1442,2,371.6
16353,1903,1,371.59
19495,304,3,371.58
19109,1689,2,371.39
11675,812,1,371.39
10153,59,3,371.37
10878,33,5,371.36
17449,660,3,371.32
2085,83,4,371.22
10132,1396,1,371.19
7392,355,3,371.16
3611,126,3,371.16
3604,247,2,371.08
16142,315,4,371.06
6087,505,3,371.04
11389,143,3,371.03
19164,674,4,371.0
16751,1881,2,370.97
3499,125,3,370.86
12007,594,4,370.8
15840,486,5,370.77
15572,484,3,370.71
19789,1553,3,370.51
5274,497,2,370.4
11736,858,2,370.22
15830,66,2,370.18
15974,1083,2,370.03
19721,925,2,369.95
6112,475,2,369.8
16434,592,3,369.61
6854,10,3,369.52
17089,972,2,369.51
2685,988,3,369.44
10796,153,2,369.36
5830,229,2,369.33
19715,325,3,369.3
19614,422,2,369.24
7131,599,2,369.23
9391,42,4,369.19
15943,487,3,369.18
10950,1169,1,369.17
19244,428,2,369.08
5745,263,3,368.99
19913,347,2,368.98
3018,255,2,368.9
10988,17,3,368.84
11490,261,2,368.71
18662,334,3,368.64
10301,1648,1,368.59
6651,445,3,368.56
16466,1870,2,368.44
6755,227,3,368.41
13676,180,3,368.36
481,682,3,368.36
1449,189,3,368.11
11620,342,2,368.11
17925,1435,2,368.1
16384,309,3,367.97
13301,55,3,367.92
8985,1350,2,367.66
1401,72,3,367.65
2815,349,2,367.63
2108,6,3,367.61
15177,1154,3,367.6
18085,767,4,367.59
10481,492,2,367.59
4318,324,4,367.58
16313,854,3,367.49
12903,1015,3,367.41
9320,473,1,367.19
11281,124,2,367.15
9710,206,2,367.13
18128,511,1,367.12
6126,434,2,367.11
3943,924,3,367.1
15548,647,3,367.09
15564,1345,1,367.05
5549,42,2,367.04
17690,488,3,367.01
3039,24,2,367.0
4209,670,2,366.89
10443,2032,1,366.82
11249,279,2,366.81
18365,47,2,366.76
9560,398,2,366.75
6548,1540,2,366.67
19630,308,3,366.52
4024,39,3,366.44
1209,299,3,366.36
8081,607,2,366.36
11856,1328,3,366.28
14141,246,3,366.2
2197,380,1,366.01
5791,1282,1,365.98
10508,74,3,365.85
4752,8,2,365.84
5052,611,1,365.75
14456,953,3,365.74
15899,1031,2,365.72
4027,444,2,365.51
14265,301,3,365.49
16685,460,2,365.48
1933,95,4,365.47
13377,428,2,365.46
315,413,4,365.33
1883,812,3,365.27
10390,711,2,365.09
12820,148,4,365.06
8922,1025,3,365.02
11889,903,4,365.0
9826,1529,1,364.96
8281,72,2,364.92
5574,505,3,364.88
9863,230,2,364.88
6844,566,2,364.79
2951,1152,1,364.76
15824,584,3,364.63
651,61,2,364.51
10333,567,4,364.51
8988,1014,1,364.48
13666,1284,2,364.36
17826,1325,3,364.25
14598,829,2,364.22
11073,1029,3,364.17
2437,489,4,363.92
16029,868,3,363.78
19949,172,3,363.68
12631,495,4,363.62
12346,721,1,363.6
6419,37,3,363.51
17548,1756,1,363.5
17910,615,5,363.44
18631,436,3,363.33
2480,767,3,363.28
10810,621,2,363.28
12234,320,2,363.28
18118,1607,2,363.27
5995,910,3,363.26
14550,1276,2,363.19
13523,47,3,363.18
7594,462,3,363.02
3463,681,5,362.99
10351,9,2,362.92
861,330,1,362.74
11600,136,3,362.71
8615,406,4,362.51
2706,774,3,362.48
6296,92,2,362.46
11471,909,2,362.42
8254,140,2,362.36
78,218,2,362.26
11586,18,6,362.22
3299,413,3,362.21
9445,1667,2,362.11
8342,857,2,362.07
8850,134,2,362.06
1062,1030,2,362.01
3429,75,3,361.95
2870,524,3,361.8
17298,220,3,361.79
6302,1332,2,361.73
6299,568,3,361.71
157,2087,1,361.62
665,1198,1,361.61
8133,84,7,361.59
7733,207,3,361.53
16430,259,3,361.53
17338,89,2,361.51
17857,458,3,361.47
4654,1787,1,361.44
6636,2043,2,361.41
9317,508,2,361.33
12675,226,1,361.33
16486,628,2,361.32
11285,234,2,361.07
5412,1953,2,361.06
4307,1358,2,361.03
8263,158,2,360.97
10167,203,1,360.91
11041,69,1,360.84
14552,1089,2,360.84
18616,1191,2,360.73
772,331,4,360.71
16054,1266,2,360.69
4185,973,3,360.6
2804,1574,2,360.52
2711,74,3,360.51
3735,288,4,360.49
19880,521,2,360.46
13784,49,3,360.38
1999,1054,2,360.3
13998,141,3,360.09
105,2110,1,360.03
17058,784,3,359.95
17263,298,2,359.8
4376,194,3,359.68
5420,225,4,359.56
4553,1573,2,359.55
13360,935,3,359.45
6504,559,4,359.35
1685,734,2,359.03
4020,1726,1,359.0
11411,1281,3,359.0
3005,199,2,358.74
12836,40,4,358.72
4653,301,2,358.67
1716,221,2,358.66
12931,614,1,358.54
9439,568,3,358.52
18639,1517,4,358.48
15596,658,2,358.31
7777,278,5,358.29
14498,774,2,358.28
17033,540,2,358.27
16133,860,1,358.25
8863,242,3,358.25
18732,707,2,358.18
5284,697,2,358.17
16102,88,3,358.08
12715,270,4,358.05
2864,1131,1,357.74
14861,1034,2,357.61
19551,1208,3,357.48
7042,1068,3,357.45
17271,796,1,357.43
8251,830,4,357.28
5894,729,2,357.27
4340,993,1,357.26
18890,873,2,357.24
15666,290,2,357.17
4045,2008,1,357.04
19824,1447,2,356.95
14244,480,2,356.94
14002,2113,1,356.92
5334,77,2,356.92
18642,74,3,356.91
14956,196,3,356.79
565,1008,2,356.78
12053,124,2,356.75
18235,1813,1,356.63
2889,984,3,356.25
7399,666,2,356.2
55,718,2,356.19
14975,1216,1,356.16
2430,317,2,355.95
9348,457,4,355.89
14407,872,3,355.87
11805,452,4,355.78
2203,188,3,355.63
5097,181,5,355.61
11139,255,2,355.56
13466,1454,2,355.54
5836,41,4,355.51
92,62,4,355.46
16721,1580,3,355.43
12239,426,5,355.35
3634,772,2,355.28
14764,934,3,355.19
15762,426,2,354.99
7281,45,2,354.97
1850,1618,1,354.96
13030,1143,2,354.95
14785,330,4,354.93
5021,1657,1,354.92
11401,638,4,354.72
13886,83,3,354.5
2820,1373,2,354.5
12443,683,3,354.42
2172,454,3,354.37
12927,293,1,354.28
7365,1477,1,354.26
18002,397,3,354.23
4022,607,3,354.18
10329,305,3,354.14
15341,936,2,354.05
8946,149,3,354.05
15248,1734,2,354.04
11697,942,2,354.01
2929,90,3,353.88
11537,237,4,353.83
18440,1320,2,353.74
12748,730,2,353.71
15934,923,2,353.68
8146,481,2,353.56
9991,1138,2,353.51
11107,661,4,353.51
18039,274,1,353.46
6936,897,2,353.43
13611,115,1,353.41
13746,1769,1,353.34
6104,317,3,353.29
13766,350,2,353.26
8576,24,3,353.24
3037,281,3,353.23
17223,708,4,353.1
4977,576,2,353.0
18352,898,2,352.91
11256,68,2,352.63
6355,115,3,352.47
15944,1018,4,352.46
488,964,3,352.45
9619,1408,2,352.38
5523,463,3,352.29
17140,354,1,352.25
17070,1177,3,352.22
6556,909,4,352.19
5643,700,2,352.18
10203,110,3,352.16
17022,68,4,352.14
17865,114,2,352.11
9601,848,3,352.02
12045,415,3,351.92
19362,1024,5,351.9
11556,118,1,351.81
8680,1003,3,351.71
2067,1459,2,351.64
19931,837,2,351.63
81,481,5,351.61
11124,1435,1,351.54
552,1622,3,351.49
7809,819,1,351.49
18016,1054,2,351.37
15072,1518,2,351.34
9649,1684,2,351.34
4043,741,4,351.34
1222,806,2,351.24
12150,365,3,351.24
15255,1655,1,351.18
17054,811,2,351.05
13948,1511,1,351.03
16698,425,3,351.02
5206,88,3,351.01
790,388,4,350.96
13833,836,3,350.92
11824,1000,2,350.91
12191,959,2,350.7
907,867,4,350.69
4939,555,3,350.67
3680,554,3,350.63
10262,375,4,350.63
4614,1953,2,350.6
4391,619,1,350.49
19696,1461,3,350.49
9336,323,1,350.47
18782,470,2,350.42
3512,4,3,350.34
16846,271,2,350.1
540,1486,2,350.04
18169,1634,2,350.03
4535,758,4,350.01
2855,1351,3,349.98
14554,1543,2,349.96
2955,1661,1,349.92
18714,229,2,349.86
18666,540,5,349.79
2784,244,3,349.67
2909,1171,2,349.49
12520,1507,3,349.49
8415,541,2,349.48
322,150,4,349.38
2329,1030,3,349.06
3869,1635,1,349.04
10249,265,2,348.99
1620,1209,2,348.9
4285,727,2,348.72
5710,80,5,348.71
457,299,4,348.7
11070,1053,2,348.7
2061,666,2,348.67
13187,1943,1,348.45
5375,723,1,348.45
7432,1117,2,348.39
1852,596,2,348.38
2077,360,3,348.31
10477,206,4,348.31
17212,1327,1,348.21
9941,79,3,348.05
3816,626,2,348.01
8688,367,4,347.96
599,718,2,347.94
9670,194,3,347.93
8655,999,2,347.89
1503,449,4,347.89
16805,68,3,347.89
6573,343,3,347.81
13440,455,2,347.71
9151,172,4,347.66
5733,340,3,347.64
14292,1403,1,347.63
12060,392,2,347.6
8418,217,3,347.53
2649,389,3,347.51
14298,1241,3,347.31
8882,719,1,347.22
3395,504,3,347.18
16538,237,2,347.15
17702,938,1,347.1
1667,211,2,347.1
5446,1363,1,347.06
13575,383,3,347.02
15429,459,4,347.0
3962,121,3,346.94
7215,1916,1,346.87
1623,235,2,346.83
16498,583,4,346.8
14664,101,2,346.77
5664,769,3,346.61
5746,65,4,346.58
76,1094,3,346.56
12366,571,1,346.5
19232,635,4,346.49
8329,1279,3,346.48
14555,142,2,346.47
1970,1474,2,346.46
15911,180,3,346.44
2193,357,2,346.42
19921,1092,3,346.31
8722,261,1,346.25
19866,172,3,346.2
4122,666,2,346.2
7650,1018,2,346.16
19209,1630,2,346.0
17745,983,3,345.78
14134,1325,1,345.74
14425,874,2,345.74
9243,1017,3,345.74
18569,420,3,345.72
3751,494,2,345.72
5820,776,2,345.69
16318,592,3,345.66
19616,163,3,345.62
13334,633,2,345.58
16672,837,2,345.57
3868,509,4,345.53
10604,262,1,345.5
6418,114,2,345.46
2456,531,2,345.3
9602,959,2,345.13
10953,408,3,345.08
15896,1552,1,345.03
11612,192,1,345.0
17561,795,5,344.95
19851,1206,1,344.94
3870,126,3,344.92
6160,307,3,344.8
6572,512,2,344.22
13838,750,2,344.16
4064,1492,2,344.15
18677,152,3,344.12
13755,26,4,343.7
18827,19,5,343.64
13911,112,3,343.56
11512,368,5,343.49
7666,875,2,343.49
18270,1239,2,343.36
16547,246,3,343.34
14572,1358,3,343.26
775,893,4,343.13
16278,1078,3,343.08
6145,331,2,343.07
15511,83,4,343.06
15340,1170,2,343.04
18637,1403,1,343.0
4485,798,2,342.98
8237,981,1,342.82
4150,482,3,342.79
1253,1373,3,342.78
14032,182,1,342.73
16682,342,2,342.71
17788,526,3,342.71
14192,103,3,342.69
9804,94,2,342.62
15528,916,1,342.6
8583,927,3,342.45
654,541,3,342.41
5111,462,4,342.27
10049,309,3,342.26
354,646,4,342.24
5072,1492,2,342.19
17717,1074,2,342.15
4200,178,2,342.14
3403,1652,1,342.04
1811,655,4,342.03
14778,177,1,341.96
6071,1932,1,341.93
8801,364,3,341.85
824,411,2,341.67
8900,1853,1,341.66
1668,294,3,341.47
12937,239,2,341.45
15953,1105,2,341.39
6606,425,3,341.38
17050,33,3,341.31
11816,628,2,341.16
6839,155,4,341.12
842,255,3,341.11
1500,426,2,341.11
3568,238,3,341.11
19277,565,4,340.96
880,631,4,340.8
10987,690,4,340.69
13901,92,3,340.64
19037,391,1,340.64
14484,69,2,340.63
2828,1323,1,340.52
6434,64,3,340.48
10496,474,5,340.42
11485,182,1,340.34
707,470,3,340.33
3745,114,3,340.32
11699,981,3,340.31
13657,102,2,340.25
6167,1742,2,340.24
14913,651,2,340.16
2499,949,3,340.12
3067,403,3,340.03
13887,278,3,340.01
9800,583,1,339.97
10717,613,2,339.86
12291,612,3,339.85
8321,1441,2,339.7
2552,84,3,339.6
7945,1027,3,339.43
10239,1021,2,339.38
5775,57,3,339.28
6857,109,2,339.26
9897,293,2,339.23
9079,1837,2,339.21
17432,1346,1,339.17
14225,285,1,339.16
12338,384,2,339.13
19903,381,2,339.02
14023,169,2,339.0
9138,1931,2,338.95
17226,1633,2,338.91
11290,149,3,338.9
14123,283,3,338.86
15080,791,3,338.86
484,1048,2,338.82
7378,479,3,338.82
13196,72,2,338.8
3126,653,3,338.8
5006,1171,2,338.75
10215,272,3,338.64
11312,70,4,338.62
18083,207,4,338.59
12767,217,3,338.54
4132,602,2,338.52
1440,1035,2,338.48
7121,959,2,338.47
19093,237,3,338.26
13585,275,3,338.18
11963,908,2,338.08
485,320,4,338.01
14849,441,6,337.96
13848,1047,3,337.94
4704,1395,2,337.8
1368,1640,1,337.79
16899,782,3,337.77
4124,541,3,337.75
15736,847,1,337.71
4974,331,3,337.68
9062,829,2,337.62
3736,339,3,337.59
1793,1591,1,337.53
1488,1248,2,337.52
615,1001,2,337.49
19747,1352,2,337.49
16314,563,3,337.47
8078,554,2,337.41
4236,1715,2,337.39
14815,481,1,337.38
635,48,2,337.37
16023,297,4,337.36
14380,130,2,337.3
3502,407,2,337.28
1567,1052,2,336.94
6506,1971,1,336.89
7872,930,3,336.66
9713,481,4,336.66
10059,1479,1,336.54
9590,119,3,336.5
14377,482,2,336.49
15095,698,3,336.49
2936,128,1,336.36
15889,224,3,336.35
17918,1221,2,336.32
5405,96,3,336.28
16423,730,2,336.24
19595,1412,2,336.2
14431,192,3,336.15
17888,166,1,336.12
8071,965,3,336.12
8619,1117,3,336.11
11374,10,3,336.04
14491,1972,1,335.98
11043,798,4,335.97
14366,904,3,335.95
3799,466,3,335.94
19749,73,3,335.84
19104,490,2,335.81
8780,787,2,335.78
11019,444,2,335.74
17308,451,3,335.68
4659,160,5,335.51
9965,994,2,335.44
9972,99,2,335.41
13857,2102,1,335.4
207,1739,2,335.36
15854,906,2,335.33
9136,1703,1,335.11
4133,725,3,335.05
15244,114,2,335.02
5571,146,4,335.0
10411,1171,3,334.98
14466,994,2,334.96
3008,1845,2,334.92
1841,447,2,334.81
10794,1225,4,334.8
9344,715,3,334.8
12324,624,3,334.62
9809,1871,1,334.54
18990,203,1,334.46
8295,199,3,334.44
5801,536,3,334.4
16790,947,1,334.36
5093,933,2,334.32
11744,204,2,334.29
9791,819,2,334.26
18768,210,2,334.13
8457,94,2,334.05
17478,23,3,333.96
15448,1054,2,333.87
997,402,2,333.87
1576,970,2,333.8
18841,770,2,333.8
15673,77,4,333.69
19142,576,2,333.69
10544,103,3,333.69
1272,1722,1,333.63
7819,489,3,333.6
14036,427,1,333.56
13903,1043,1,333.53
598,473,3,333.53
3234,1030,5,333.51
16613,90,2,333.47
15574,560,2,333.44
8283,815,2,333.44
18603,551,1,333.41
9023,1298,1,333.33
2938,1593,2,333.21
17509,177,4,333.03
1635,1128,3,333.01
12512,31,2,332.98
5821,605,1,332.91
9724,151,3,332.88
14114,223,1,332.83
11749,27,4,332.72
12014,1614,2,332.72
11390,1945,2,332.6
9933,193,3,332.6
15836,180,4,332.55
3526,543,2,332.44
14105,490,4,332.44
19655,1412,2,332.36
8630,1381,2,332.36
19854,579,3,332.33
14883,961,4,332.31
14650,412,3,331.96
13297,1292,2,331.86
12808,122,2,331.85
218,360,2,331.85
5485,343,2,331.8
17606,35,3,331.71
11123,1757,1,331.68
18338,614,1,331.65
3605,121,3,331.57
2851,103,2,331.56
15189,1653,1,331.45
3859,826,1,331.36
16865,1014,1,331.35
19365,1833,2,331.34
11924,264,3,331.29
9242,625,3,331.16
10982,1024,1,331.0
5022,363,1,330.98
2930,788,2,330.92
10356,170,2,330.84
5065,908,2,330.78
14111,255,2,330.68
15536,116,5,330.67
16453,290,3,330.63
11950,70,3,330.6
11392,362,2,330.58
19920,459,3,330.56
5761,663,3,330.48
16080,1213,2,330.43
19332,244,2,330.36
14937,282,1,330.28
12073,766,2,330.26
17348,258,3,330.03
11648,286,3,329.94
14533,1279,2,329.92
15151,1993,1,329.88
3368,742,4,329.81
9732,1847,2,329.81
1996,413,3,329.8
797,631,1,329.67
5254,657,3,329.66
18651,9,2,329.65
17015,191,3,329.62
16266,201,3,329.6
4062,1071,2,329.57
12243,419,3,329.52
426,17,2,329.49
17651,516,4,329.4
17686,547,1,329.37
1022,620,2,329.33
3333,478,2,329.31
1935,214,4,329.23
9663,1005,2,329.2
3384,195,3,329.18
2009,262,3,329.09
4666,1525,2,329.08
19013,1161,4,329.07
11020,67,3,328.98
9170,1139,2,328.95
8548,523,3,328.88
19814,609,5,328.87
11247,517,2,328.84
2349,1678,1,328.83
19532,199,3,328.81
5263,153,3,328.79
7000,333,4,328.71
9362,783,2,328.71
2485,1091,2,328.65
5966,390,1,328.63
16162,366,2,328.62
18431,1609,3,328.52
3918,158,2,328.49
4322,1507,1,328.47
16440,498,3,328.47
1471,903,2,328.42
3671,565,1,328.4
9252,86,3,328.34
6138,721,3,328.32
19661,112,2,328.32
18500,471,1,328.32
18528,248,3,328.29
5550,221,1,328.13
15292,1363,3,328.09
6127,1435,2,328.05
16842,1840,2,327.96
12451,570,3,327.86
14008,33,5,327.86
7492,1589,2,327.77
10605,274,3,327.74
10992,1722,1,327.73
16084,1190,3,327.73
4663,308,2,327.7
18319,660,2,327.63
17824,905,2,327.56
7193,705,4,327.54
10124,130,3,327.46
4078,1341,2,327.44
16971,605,3,327.43
15440,1337,2,327.39
6193,188,2,327.39
9664,105,3,327.38
19282,275,2,327.36
5587,116,3,327.32
6979,767,2,327.32
19255,1644,1,327.31
3294,385,3,327.28
12923,248,3,327.18
12755,194,3,327.17
6461,193,3,327.13
1603,1554,1,327.09
18135,172,1,326.99
9555,332,1,326.9
12009,594,2,326.87
18731,268,3,326.86
4203,508,3,326.86
2389,1145,1,326.8
8951,1598,2,326.72
5342,1092,2,326.71
17681,1306,1,326.7
5895,753,4,326.67
7757,1601,1,326.56
16734,1450,1,326.47
17240,131,3,326.45
14679,568,3,326.36
10274,250,2,326.3
6168,1292,2,326.3
16883,780,3,326.2
7425,552,3,326.09
5231,447,2,326.08
1932,1543,1,326.02
19008,37,3,325.95
13702,2,2,325.95
8257,1155,2,325.89
3038,377,5,325.85
12022,214,2,325.85
14084,109,2,325.78
11777,1981,1,325.74
4743,435,2,325.7
14852,836,3,325.49
8764,539,2,325.45
8705,464,2,325.37
5002,900,2,325.37
12575,564,3,325.29
12622,1530,2,325.25
11394,503,2,325.16
1942,560,4,325.08
17621,495,2,325.05
4145,8,4,325.04
1677,813,1,325.02
8567,1715,2,324.96
19841,1496,1,324.96
5578,878,2,324.83
18537,935,1,324.83
660,420,3,324.83
17578,1223,1,324.82
13055,1056,3,324.8
14501,573,3,324.62
3355,1835,1,324.6
7028,429,4,324.6
5211,208,1,324.54
11125,1108,2,324.53
18939,63,3,324.44
4471,1168,1,324.41
14535,1520,1,324.4
6570,67,1,324.37
10448,926,5,324.36
8022,742,1,324.31
15169,1116,1,324.31
18165,2042,1,324.24
10057,306,2,324.22
17589,316,2,324.17
13587,1008,2,324.16
12885,960,1,324.0
12505,1153,2,323.98
545,1438,2,323.97
6275,433,3,323.9
8460,1153,4,323.87
18858,802,2,323.85
10484,1654,2,323.83
12965,157,3,323.82
11894,472,2,323.73
562,165,1,323.72
11610,514,2,323.6
2315,52,2,323.59
4621,232,2,323.59
6774,1348,2,323.56
1254,26,2,323.53
6734,1592,2,323.51
2999,1649,2,323.5
18548,609,3,323.49
13229,38,3,323.42
7709,41,2,323.4
19469,102,3,323.36
15478,219,2,323.34
16866,136,3,323.33
9211,473,3,323.29
1178,379,3,323.24
12144,971,2,323.16
9137,27,2,323.11
4430,895,3,323.04
16024,465,4,323.03
18946,1422,1,323.01
2308,286,3,323.01
11974,2080,1,323.0
872,1567,3,322.98
2721,487,3,322.97
10750,395,3,322.9
10397,89,3,322.77
17912,589,3,322.74
6482,158,1,322.68
18902,679,6,322.64
645,884,2,322.6
10325,173,4,322.57
14436,304,3,322.47
4365,441,2,322.45
9893,789,2,322.39
12887,244,3,322.24
19907,27,2,322.23
8675,12,2,322.21
11582,189,1,322.12
14528,75,3,322.12
14340,609,3,322.07
4999,91,1,321.96
17402,774,1,321.96
9999,1409,1,321.91
5229,246,3,321.88
9770,680,3,321.81
15760,1175,1,321.8
17861,361,3,321.78
16837,1010,2,321.75
2294,1687,1,321.74
12294,56,2,321.71
2376,295,2,321.67
15682,809,1,321.63
1339,521,3,321.62
15781,318,4,321.58
7970,125,3,321.5
1457,309,2,321.44
4424,250,5,321.4
896,537,2,321.38
13102,1853,2,321.34
18945,229,3,321.3
2442,44,1,321.25
17418,132,2,321.19
3511,586,2,321.11
18211,486,1,321.09
952,820,2,321.06
13591,1473,3,321.06
846,349,3,321.05
12462,309,2,321.03
2068,276,1,320.97
4501,47,2,320.89
10248,1924,1,320.87
9175,343,3,320.87
1125,522,2,320.79
15322,270,3,320.77
19740,1385,2,320.77
16875,148,4,320.74
9968,1074,2,320.71
13700,154,3,320.67
8818,1193,2,320.65
9171,745,2,320.63
5767,705,2,320.62
11530,1585,2,320.55
3977,112,4,320.5
17847,841,3,320.48
1609,60,2,320.36
2885,1859,2,320.33
18408,580,2,320.33
7372,1322,2,320.33
10758,544,2,320.31
6134,549,4,320.17
5628,968,3,320.09
19987,351,2,320.09
5753,480,2,320.06
6475,11,3,320.06
13533,572,2,319.98
2054,400,4,319.95
16342,1094,1,319.92
14983,1374,3,319.77
1684,104,1,319.77
8759,12,2,319.75
8538,670,1,319.73
9190,276,3,319.73
11598,1350,2,319.7
2312,328,3,319.69
16025,743,2,319.6
3996,235,3,319.5
8832,1085,3,319.48
11631,61,2,319.47
10186,188,4,319.45
6364,167,2,319.4
18032,2072,1,319.4
7810,441,3,319.34
4669,397,1,319.32
14474,1612,2,319.22
19793,101,2,319.2
5694,187,2,319.2
2931,170,3,319.15
3350,805,4,319.15
51,43,2,319.11
14103,1264,2,319.05
15452,641,2,318.99
25,223,2,318.95
19989,1395,3,318.95
1534,746,2,318.94
15582,344,2,318.93
15036,62,3,318.88
3661,1445,3,318.85
14180,336,2,318.85
12618,189,2,318.82
3217,1378,1,318.8
17742,672,2,318.79
1805,8,2,318.78
15704,1388,1,318.71
12240,692,1,318.61
7033,596,3,318.59
14433,224,2,318.55
2805,1529,2,318.55
14915,1310,2,318.41
10832,1392,3,318.28
7171,433,2,318.2
732,45,2,318.15
531,456,5,318.07
11903,337,1,318.04
7455,1352,2,318.04
14094,127,3,318.03
14522,1665,1,317.95
1580,1017,2,317.86
19847,122,3,317.86
19148,369,2,317.84
14547,726,3,317.79
7748,1410,3,317.78
7721,1402,3,317.72
19973,871,2,317.62
11890,351,2,317.62
15228,714,1,317.6
16297,2082,2,317.58
11910,197,1,317.58
1845,77,2,317.57
3052,427,2,317.57
15629,1282,1,317.54
8835,195,1,317.46
11395,1183,3,317.45
18185,909,3,317.43
16438,452,3,317.36
19985,1135,1,317.28
13322,176,2,317.26
11330,210,3,317.22
8034,985,2,317.14
11669,110,3,317.12
16490,1603,1,317.09
7058,1865,2,317.04
8225,232,2,317.0
10966,40,4,316.94
17720,81,2,316.9
3768,37,4,316.88
8784,256,2,316.85
19948,2099,2,316.81
19649,267,3,316.79
7685,7,2,316.78
1036,1139,1,316.78
14409,1233,2,316.7
14126,80,2,316.61
7614,847,2,316.6
10930,796,1,316.58
859,355,6,316.53
9836,776,2,316.53
2689,601,2,316.43
1282,185,2,316.41
10073,467,1,316.4
4112,1414,2,316.38
10023,86,4,316.34
7511,1304,1,316.28
11138,187,2,316.26
10421,98,1,316.24
3555,143,4,316.18
6041,210,3,316.1
5590,90,4,316.04
9813,40,4,315.9
10041,1683,2,315.9
3107,395,2,315.88
10144,688,3,315.88
3186,133,2,315.7
14408,372,4,315.62
19822,296,2,315.51
6496,2110,1,315.49
18778,8,2,315.43
1170,1504,1,315.43
15461,335,2,315.41
8819,245,4,315.37
16888,123,3,315.36
9838,486,2,315.34
13803,396,5,315.3
832,391,2,315.29
5604,358,3,315.28
13818,560,3,315.27
6523,87,4,315.2
1803,196,2,315.19
6036,311,2,315.16
691,62,3,315.08
9047,405,1,315.05
13431,24,4,315.05
9651,381,3,315.03
6602,605,1,314.88
8334,306,3,314.6
13160,749,2,314.54
19081,318,4,314.51
938,285,2,314.4
664,596,2,314.39
19484,52,4,314.26
10221,1297,3,314.24
15253,1041,1,314.21
13618,1151,2,314.19
5168,1657,2,314.18
7370,406,2,314.07
15069,1583,2,314.06
5789,562,2,313.96
10941,270,3,313.89
9251,1062,2,313.86
18541,1309,2,313.72
11554,205,2,313.67
2513,465,2,313.62
2757,1026,2,313.61
11656,1179,3,313.55
14618,359,3,313.52
5848,242,3,313.48
16396,47,3,313.44
5928,394,2,313.41
10680,218,2,313.41
11237,1172,2,313.32
11319,1274,1,313.23
3158,486,3,313.22
13364,21,3,313.18
2167,333,3,313.1
8017,1377,2,312.97
17698,1019,3,312.85
6882,295,1,312.74
968,551,3,312.71
12991,1333,1,312.6
12181,151,4,312.58
629,141,2,312.58
19253,467,2,312.57
14803,360,2,312.56
13505,1096,4,312.56
4757,1464,4,312.53
4687,702,2,312.51
16472,205,4,312.49
5719,63,2,312.42
8676,706,1,312.39
2520,235,3,312.3
15085,1143,1,312.24
7593,310,5,312.13
1934,417,2,312.1
17493,812,3,312.03
14132,884,3,312.01
7161,1371,2,311.93
10685,219,3,311.78
4679,1049,2,311.68
4258,593,1,311.64
12094,2069,1,311.64
13320,137,2,311.62
15403,472,2,311.58
15844,394,4,311.53
6082,903,2,311.45
19552,1166,3,311.43
6083,265,3,311.41
8809,1480,1,311.38
1652,32,3,311.29
15079,332,2,311.23
7482,161,1,311.09
18506,1020,2,311.05
3602,1442,1,311.02
10053,237,2,311.01
693,673,2,311.0
3489,643,3,310.92
7256,954,1,310.88
19859,678,1,310.86
17458,1712,2,310.76
7460,1596,2,310.66
2681,273,3,310.63
2626,99,2,310.56
15584,607,3,310.55
16017,1745,1,310.52
18457,348,3,310.45
11635,183,4,310.36
8839,841,3,310.35
17217,949,2,310.3
5455,1719,1,310.27
2728,37,3,310.22
1128,778,2,310.17
4858,510,3,310.17
15591,1645,2,310.08
3410,17,2,309.99
4560,1941,1,309.98
9424,1109,2,309.98
4163,314,2,309.84
6815,115,2,309.71
9311,336,2,309.71
692,29,3,309.67
3270,1303,1,309.45
5364,638,1,309.32
7340,948,2,309.27
7665,863,2,309.21
13560,286,5,309.21
6368,29,2,309.16
3153,431,2,309.08
14748,277,4,309.08
13982,1114,3,309.02
2968,162,4,308.95
31,78,2,308.93
15885,1516,3,308.93
12952,8,3,308.84
10775,1454,2,308.72
2120,734,2,308.68
2403,301,2,308.62
14668,131,3,308.51
14000,883,1,308.48
4295,419,2,308.44
11514,452,5,308.43
9557,202,2,308.42
6281,343,2,308.37
10564,71,1,308.37
15746,90,2,308.35
5434,72,4,308.21
11009,1112,2,308.21
5739,172,2,308.19
6783,1712,2,308.16
18737,286,2,308.14
8362,32,3,308.12
15058,76,4,308.09
16187,66,3,308.05
5392,1034,3,308.05
19074,1215,1,307.89
2782,165,2,307.87
18568,221,2,307.8
1343,95,2,307.79
2073,2112,1,307.74
6235,121,3,307.71
18364,935,3,307.69
6985,106,2,307.67
2943,30,1,307.6
10491,1305,3,307.59
6021,50,5,307.56
2399,150,2,307.51
6682,313,5,307.48
12724,1214,5,307.35
7228,595,2,307.34
2420,532,3,307.3
18080,849,1,307.25
3175,69,5,307.23
15799,689,2,307.14
8035,801,2,307.14
17890,69,2,307.1
100,608,4,307.07
16997,448,2,306.99
6604,430,3,306.98
15588,195,3,306.93
16690,507,1,306.9
4441,881,2,306.86
14942,72,3,306.85
4,822,2,306.75
17543,577,2,306.74
1565,1683,1,306.67
15928,639,2,306.66
11326,955,1,306.66
9119,458,1,306.65
7862,1300,3,306.64
663,1212,4,306.54
19825,509,4,306.46
18410,800,2,306.43
165,626,3,306.41
13546,354,2,306.23
18255,419,3,306.12
3563,587,3,306.01
6499,283,3,305.96
1270,1050,3,305.94
999,1686,1,305.88
2443,1000,1,305.88
166,1243,2,305.84
3579,347,1,305.84
10916,83,4,305.83
14481,855,2,305.78
4968,1209,2,305.74
18050,98,2,305.69
7573,800,2,305.55
13548,193,2,305.54
15417,802,2,305.49
4396,1349,2,305.39
4925,1114,1,305.26
11018,366,3,305.25
4186,129,2,305.15
14473,1889,2,305.14
19640,1125,2,305.13
16198,295,2,305.12
7135,731,2,305.03
3047,1734,1,304.93
4342,1299,2,304.89
19,1639,3,304.88
572,1064,1,304.88
14375,73,2,304.79
1827,620,2,304.78
14877,1781,2,304.69
16250,195,4,304.67
9516,1595,1,304.57
10154,659,2,304.56
13627,1298,1,304.49
18475,885,1,304.49
18787,792,2,304.48
18576,1033,2,304.37
14997,356,3,304.36
11338,1251,2,304.33
17989,688,2,304.26
5579,519,2,304.18
18817,137,2,304.16
14922,161,4,304.12
11700,1738,2,304.1
5179,140,2,304.06
9393,1640,1,304.05
8975,811,2,303.97
11385,1031,1,303.97
10557,1686,2,303.89
14919,1166,2,303.89
13847,700,2,303.88
7211,479,1,303.83
8976,1107,1,303.83
4477,1077,1,303.81
9309,690,1,303.74
1604,336,2,303.72
5289,920,2,303.7
4981,1411,2,303.61
733,58,3,303.57
1902,5,3,303.49
15175,932,1,303.32
1640,1387,1,303.3
12872,601,1,303.3
13147,424,2,303.2
16758,352,2,303.2
8923,298,4,303.16
5697,21,2,303.15
2991,1232,2,303.13
4194,154,2,303.09
19066,1384,2,303.07
1023,595,3,302.93
9497,271,2,302.87
5003,504,1,302.76
17180,130,2,302.75
13913,348,1,302.72
2155,447,2,302.67
7410,525,4,302.63
8789,128,4,302.61
7015,292,2,302.55
16973,1508,1,302.53
17448,5,3,302.49
18663,799,1,302.49
1618,100,3,302.48
13944,546,3,302.43
18100,395,1,302.4
17878,1643,2,302.26
12399,970,1,302.26
18418,346,2,302.17
16656,823,4,302.16
17249,301,2,302.15
15526,697,3,302.14
11109,1218,3,302.07
4625,474,2,302.06
5314,599,3,302.06
7366,258,2,302.04
7277,14,3,301.97
6316,59,2,301.92
19791,455,3,301.9
2523,160,2,301.89
13424,528,2,301.83
19965,518,2,301.82
17158,986,3,301.76
5507,944,2,301.75
7827,1115,2,301.7
16748,17,1,301.69
6752,1562,1,301.4
12796,257,3,301.36
11183,105,2,301.35
6131,1099,2,301.32
5601,1204,2,301.27
12006,402,3,300.83
1319,830,2,300.71
15468,1406,2,300.59
13779,12,2,300.5
9350,922,2,300.37
13313,800,2,300.34
12817,237,2,300.2
13115,114,4,300.15
3431,517,3,299.98
13853,140,3,299.95
4665,869,3,299.85
8847,1391,2,299.83
6700,1037,3,299.78
12849,945,2,299.58
19434,196,3,299.49
12019,571,2,299.46
8173,213,3,299.31
18720,827,2,299.26
19103,1102,2,299.15
19009,575,3,299.13
4727,187,4,299.12
12365,732,2,299.08
7141,641,1,299.07
11881,1191,3,299.05
2783,1024,2,299.01
17834,393,3,298.97
4353,585,3,298.93
3232,254,3,298.91
5101,1040,2,298.9
3255,1169,4,298.88
14441,2042,3,298.83
1355,1400,2,298.79
1773,817,2,298.71
5443,330,3,298.67
16728,298,3,298.66
10505,2034,1,298.63
10674,81,2,298.63
4818,279,2,298.58
12967,469,4,298.51
16287,533,3,298.5
6765,463,3,298.41
19807,141,3,298.27
4562,1047,3,298.22
18262,1536,2,298.17
3757,72,2,298.07
4611,1745,2,298.05
10740,51,2,298.05
1710,1763,2,298.02
1974,1760,1,298.0
4278,292,3,297.98
279,767,2,297.87
6329,1491,1,297.81
17336,409,3,297.79
5158,246,3,297.78
14772,1485,3,297.73
18242,375,2,297.7
19538,545,4,297.64
13708,339,3,297.63
1714,715,2,297.54
19202,464,1,297.51
16960,1688,2,297.42
14908,487,4,297.41
18124,717,2,297.41
12560,1417,3,297.41
18040,85,1,297.37
6635,139,2,297.29
14125,739,1,297.21
14230,662,2,297.19
1712,899,3,297.19
8217,888,3,297.04
3920,2084,1,297.03
3645,106,2,296.99
10434,523,1,296.98
19247,41,3,296.97
7616,934,3,296.95
18066,384,3,296.92
13467,306,3,296.89
12945,781,3,296.79
1266,1795,3,296.74
7751,1064,3,296.71
17414,358,3,296.69
5125,103,2,296.57
2446,1520,1,296.56
1172,138,3,296.52
5696,1013,1,296.48
10553,468,2,296.45
15286,350,2,296.43
2313,20,3,296.35
5973,769,3,296.33
1048,1881,1,296.3
2176,158,2,296.29
8475,446,2,296.14
1892,349,3,296.11
14010,82,3,296.08
1734,144,2,296.05
15631,511,3,296.0
13354,354,4,295.62
6592,519,2,295.61
14630,227,5,295.48
3112,429,2,295.47
7529,11,3,295.45
18973,9,4,295.43
18256,146,3,295.4
5372,1505,2,295.4
5585,53,2,295.4
10876,672,3,295.33
5262,946,2,295.25
8024,200,2,295.2
8101,192,3,295.16
19770,305,5,295.13
19050,975,2,295.12
14183,2011,2,295.06
6491,70,3,295.05
18327,1263,2,295.0
9776,234,3,294.95
19936,988,2,294.9
13850,1427,2,294.89
206,853,2,294.85
10302,576,1,294.66
12401,177,3,294.65
7796,1293,2,294.63
8959,1850,1,294.55
17476,1318,1,294.51
13921,515,3,294.48
5958,155,4,294.45
19423,283,3,294.45
13308,559,4,294.44
2252,513,2,294.39
13392,1094,2,294.38
11632,526,3,294.36
19829,855,4,294.31
15005,1068,2,294.3
4717,169,3,294.16
5594,366,1,294.14
6954,1310,3,294.13
12741,1945,2,294.11
14614,994,2,294.11
5563,346,3,294.06
16743,200,1,294.05
1150,380,2,294.05
11458,1530,1,294.0
14021,223,2,293.9
10863,582,2,293.86
10264,912,2,293.83
7279,774,1,293.82
5379,2123,1,293.76
1607,98,1,293.76
9265,535,4,293.71
6983,1575,2,293.7
146,1348,3,293.69
16219,522,2,293.64
5444,262,1,293.61
8450,82,3,293.58
3946,903,2,293.52
18599,646,3,293.4
10148,175,4,293.39
14542,618,3,293.38
14897,491,2,293.36
5462,1389,2,293.31
3909,378,2,293.13
18065,1616,2,293.02
7525,36,3,293.0
7811,184,2,292.98
2283,30,2,292.77
11034,913,4,292.75
18607,777,3,292.69
13946,1369,3,292.67
17091,1828,1,292.56
1279,1218,2,292.49
8659,358,2,292.4
11269,1381,1,292.34
16492,798,2,292.3
2160,160,2,292.21
8158,1735,1,292.17
10060,47,5,292.1
10089,340,2,292.07
12466,881,1,292.03
14078,267,2,291.97
16326,448,3,291.97
8949,830,1,291.93
3684,588,2,291.91
1383,861,2,291.78
4776,24,1,291.74
18082,1085,4,291.73
19280,1432,1,291.64
13413,882,2,291.64
7896,991,1,291.64
11180,264,2,291.62
2454,312,3,291.61
6988,1041,2,291.55
6447,585,2,291.47
11585,365,2,291.44
8713,967,2,291.36
13311,844,1,291.35
14669,936,1,291.33
7627,61,2,291.19
955,164,1,291.19
11513,763,2,291.18
14712,110,2,291.15
16495,200,2,291.03
15378,541,2,291.0
977,2070,2,290.97
7021,1715,2,290.92
4622,409,2,290.9
18383,700,2,290.89
5532,97,2,290.88
16661,855,2,290.85
18060,859,1,290.84
3784,723,1,290.83
14790,28,1,290.81
13655,834,1,290.74
8341,571,2,290.73
10396,633,2,290.71
17831,1957,1,290.65
13949,598,3,290.49
13310,1848,2,290.48
11075,512,2,290.44
13220,1590,1,290.3
14233,981,1,290.28
16608,1912,1,290.27
5873,858,2,290.27
61,55,3,290.26
352,301,3,290.25
14594,9,2,290.16
8122,27,2,290.11
3913,682,1,290.09
3986,1587,1,290.08
18200,27,3,290.06
6269,149,1,290.01
4774,163,4,289.99
10442,602,3,289.93
13363,741,2,289.86
14690,1661,2,289.86
5035,93,3,289.86
15794,1942,2,289.83
18163,524,3,289.72
9919,30,3,289.68
7816,878,1,289.66
18991,515,3,289.65
19679,681,3,289.65
8926,635,1,289.63
13955,844,3,289.62
4434,776,2,289.61
12381,306,4,289.56
11084,680,2,289.55
14347,77,2,289.54
18511,133,5,289.53
4054,1235,2,289.45
8453,1361,1,289.34
3803,678,3,289.28
3972,651,2,289.24
8253,242,2,289.24
17104,277,2,289.24
3044,987,2,289.19
1324,93,3,289.18
15187,1138,2,289.05
15350,1341,3,288.9
17121,427,2,288.83
19582,281,2,288.77
13201,1305,2,288.76
4988,7,2,288.75
14726,1639,1,288.6
13422,1287,1,288.56
10658,861,3,288.5
9419,1375,2,288.5
5905,352,2,288.48
18104,1433,4,288.48
19790,219,1,288.39
16018,217,3,288.35
11305,583,2,288.33
11135,1059,2,288.29
19806,91,2,288.25
8152,1917,1,288.15
12085,700,2,288.11
16281,429,2,288.02
16571,46,4,288.01
2543,346,4,287.98
8290,426,2,287.95
8753,1406,2,287.94
16009,175,1,287.9
2989,362,3,287.87
4892,357,2,287.72
8617,797,1,287.71
7346,1692,1,287.66
11190,365,3,287.63
6600,648,4,287.62
9936,245,2,287.52
6785,591,3,287.48
12522,935,2,287.47
12163,221,2,287.44
9641,858,2,287.17
9249,716,3,287.16
19676,2,3,287.16
19935,974,1,287.12
5490,1007,1,287.09
14739,1036,2,287.02
5832,780,1,286.99
5950,970,5,286.96
778,1190,2,286.92
16320,267,2,286.88
5991,31,2,286.87
18791,1490,2,286.84
15257,1441,1,286.82
134,173,1,286.8
1818,1877,1,286.78
10937,1188,2,286.73
11026,174,2,286.59
19329,261,1,286.59
5092,284,2,286.46
19519,1855,1,286.46
2459,78,2,286.39
12434,567,2,286.35
10217,879,3,286.29
9007,45,2,286.24
9697,852,2,286.09
19660,539,2,286.09
303,305,2,286.02
11641,225,3,286.0
17640,243,2,285.95
14196,886,2,285.94
7722,811,2,285.94
17620,528,2,285.9
12550,746,3,285.84
19953,523,2,285.83
18688,760,2,285.81
4326,319,5,285.76
17556,304,4,285.66
15208,658,2,285.59
3638,1366,3,285.46
15834,1071,3,285.41
16,557,1,285.4
1611,1143,1,285.37
17447,1499,3,285.36
1696,155,3,285.34
10582,150,3,285.29
18106,1387,3,285.24
385,1362,3,285.23
3258,412,3,285.16
10764,1436,1,285.16
5671,25,5,285.15
18648,794,2,285.07
13613,716,3,285.04
2124,906,2,285.04
7894,86,2,285.04
1199,2,2,284.98
19986,354,3,284.95
10118,314,4,284.89
9148,703,2,284.88
19858,592,1,284.85
12044,914,2,284.82
4312,956,2,284.78
18179,553,2,284.76
11432,1654,1,284.73
14839,1726,2,284.72
4147,1807,3,284.7
4931,422,2,284.69
257,342,4,284.62
14127,304,2,284.61
836,1326,2,284.41
6246,289,2,284.41
2111,32,1,284.28
238,750,2,284.27
11174,2057,1,284.27
7129,1213,2,284.23
14779,1335,2,284.22
12765,9,2,284.08
13629,97,3,284.07
8061,630,3,283.93
4982,1124,1,283.93
14737,370,3,283.88
18301,102,2,283.84
17704,1926,1,283.82
7489,179,3,283.78
11179,118,3,283.74
9415,1154,2,283.7
6237,87,4,283.67
10993,3,3,283.64
11724,1112,2,283.61
4159,37,3,283.58
1896,470,4,283.48
13759,718,3,283.48
13823,717,2,283.48
10808,1072,2,283.43
17010,1184,3,283.41
12533,1247,3,283.35
19395,64,2,283.32
11455,497,2,283.22
17257,715,2,283.21
12295,1211,3,283.17
1644,527,1,283.08
1256,812,2,283.0
3389,961,2,282.96
5608,1708,2,282.87
15810,1243,2,282.85
8927,1033,3,282.82
14059,2116,1,282.65
17538,670,3,282.62
8406,250,2,282.6
10783,216,2,282.59
13179,117,2,282.58
15644,792,2,282.55
14953,1176,4,282.47
7105,95,4,282.44
18820,416,1,282.43
18733,642,1,282.36
3901,655,1,282.36
3147,822,4,282.31
10431,1520,2,282.28
16548,426,2,282.23
11459,988,1,282.21
9647,1434,3,282.15
11002,1251,1,282.13
7669,622,2,281.98
17761,1133,1,281.96
17113,1350,2,281.93
15317,373,3,281.9
8836,1238,2,281.9
2449,97,2,281.88
17334,90,3,281.81
14745,39,3,281.8
17275,849,3,281.72
6412,2099,1,281.71
15361,1413,1,281.7
2214,1449,1,281.68
5171,123,1,281.6
2129,945,2,281.57
12739,816,2,281.5
12154,1185,3,281.34
18777,1095,2,281.27
7680,838,3,281.27
3560,520,3,281.23
5103,1735,2,281.19
16901,321,2,281.16
2501,1297,4,281.1
8405,74,3,280.97
15384,429,2,280.88
17723,444,3,280.84
17177,1023,1,280.77
5809,105,3,280.74
2131,1156,2,280.74
19178,235,3,280.72
761,105,3,280.66
15176,820,2,280.61
18272,13,2,280.57
6485,564,2,280.55
7090,694,2,280.49
9588,6,2,280.48
17909,815,3,280.45
3265,342,4,280.41
3279,1641,1,280.37
5209,1391,2,280.34
1614,728,1,280.31
7247,100,3,280.25
5326,803,2,280.21
18822,1060,2,280.14
16207,835,2,280.13
13703,224,1,280.11
10370,494,2,280.1
12787,1424,2,280.09
7304,210,2,280.05
6174,293,3,280.02
18250,229,2,279.96
18860,9,1,279.92
16541,821,1,279.91
16709,150,3,279.85
15793,1757,1,279.83
2066,697,3,279.77
18326,295,3,279.76
8604,103,4,279.73
18521,915,1,279.61
958,153,2,279.59
5581,853,2,279.58
7771,309,1,279.57
19119,88,3,279.56
16156,937,2,279.54
11351,520,2,279.47
58,845,2,279.45
16991,1462,1,279.44
5137,142,4,279.38
2471,230,3,279.36
4677,1020,2,279.25
4127,314,4,279.08
3230,1773,1,279.07
19558,72,3,279.07
2183,1067,3,279.0
16389,215,1,278.98
6603,523,2,278.77
8513,379,3,278.75
3595,389,2,278.74
8298,1868,1,278.69
10447,186,2,278.65
19349,1384,2,278.61
19695,3,3,278.58
15867,588,2,278.57
10624,1510,1,278.56
13975,652,2,278.55
16062,1336,2,278.54
5,274,3,278.49
7940,26,2,278.45
16711,586,2,278.44
17863,35,2,278.35
3824,298,2,278.3
7201,2113,1,278.29
9533,463,1,278.26
97,1157,2,278.23
5243,1448,2,278.22
7057,307,2,278.21
7601,1846,1,278.21
6810,649,2,278.2
9123,85,4,278.2
19667,191,5,278.08
19599,303,3,278.03
2895,408,5,278.0
16040,197,2,277.99
13515,2050,1,277.95
17329,229,2,277.89
11596,216,3,277.81
12372,1179,1,277.79
3066,1700,2,277.76
929,552,4,277.75
17423,7,5,277.71
4608,1019,2,277.55
17541,527,2,277.53
18336,444,1,277.53
6658,294,2,277.5
8500,469,3,277.49
17519,591,2,277.46
4374,1447,1,277.43
17001,277,4,277.39
6871,1839,1,277.34
118,226,3,277.32
12043,77,3,277.27
2021,954,3,277.25
17701,215,3,277.18
16090,9,3,277.09
8204,139,2,277.09
18889,176,3,276.97
18005,268,3,276.96
19471,924,1,276.94
8175,1095,1,276.91
2221,360,2,276.88
5926,836,2,276.8
5036,23,1,276.6
15782,1270,1,276.57
10634,242,3,276.5
3492,1691,2,276.42
11563,725,2,276.38
18018,1724,1,276.36
9501,266,1,276.36
3207,1269,2,276.32
15880,971,2,276.32
3613,327,2,276.31
2007,88,3,276.3
9025,184,4,276.29
9446,211,2,276.28
6899,344,2,276.25
8732,1038,2,276.15
16886,905,1,276.12
16097,1322,2,276.1
9029,333,2,276.01
4673,2072,1,275.97
9247,296,1,275.94
15561,260,4,275.85
16454,1196,2,275.82
3975,194,2,275.81
6084,1168,3,275.78
444,1293,1,275.73
3893,1004,1,275.66
4680,856,2,275.63
376,0,2,275.61
11161,832,2,275.58
17839,270,2,275.56
250,211,3,275.5
525,1052,1,275.5
7863,887,1,275.5
9395,345,2,275.46
406,1353,1,275.42
5030,805,3,275.35
17515,1733,2,275.35
15110,659,3,275.34
16520,391,2,275.3
9234,605,3,275.21
1096,890,3,275.2
2731,1197,2,275.15
9276,339,2,275.12
2089,1089,2,275.09
18593,1279,4,275.03
5724,876,3,274.94
14796,499,2,274.92
7869,201,2,274.86
763,130,2,274.84
1015,1622,2,274.82
2542,1651,3,274.8
19546,708,2,274.73
15603,415,2,274.7
15129,126,2,274.68
35,134,3,274.67
15683,475,2,274.6
7347,172,1,274.53
8853,774,1,274.46
18231,1854,1,274.45
1057,1371,2,274.41
15100,101,3,274.39
13817,946,2,274.35
718,517,3,274.31
6067,764,2,274.3
12136,839,4,274.28
3201,43,2,274.27
16893,57,4,274.25
6707,236,4,274.23
1927,1847,2,274.21
19984,285,1,274.19
16449,1648,1,274.17
11850,129,2,274.15
12332,304,1,274.13
4729,771,3,274.13
311,1023,2,274.1
2460,120,5,274.07
14049,430,4,274.07
15920,839,2,273.95
12790,432,2,273.9
15501,948,2,273.88
5131,1533,1,273.7
16919,1067,4,273.68
5580,525,2,273.56
12812,549,4,273.5
14617,357,2,273.49
15639,803,3,273.48
3219,572,3,273.47
11702,426,3,273.31
13325,274,3,273.29
347,2045,1,273.26
361,1951,2,273.24
11050,121,2,273.2
1373,1641,3,273.15
18978,592,2,273.15
4360,382,2,273.11
4473,872,1,273.09
1876,1302,2,273.06
7849,168,4,272.99
10567,143,2,272.96
12584,736,1,272.9
2695,73,4,272.89
1728,542,3,272.85
555,137,3,272.83
10721,750,4,272.82
17383,351,3,272.8
4558,865,2,272.78
17202,87,1,272.75
18307,855,3,272.73
11417,23,1,272.63
11595,1176,2,272.53
7651,2044,1,272.52
14879,227,3,272.51
4633,78,2,272.43
9536,1384,2,272.38
19196,1172,2,272.38
9102,1540,2,272.34
2426,74,1,272.32
86,1225,1,272.31
17529,1381,2,272.31
16170,718,2,272.28
16007,661,2,272.27
16744,646,2,272.26
1042,234,3,272.21
17301,164,1,272.2
2892,491,1,272.19
12245,357,2,272.17
19054,449,2,272.14
19239,1511,1,272.09
18437,1921,1,272.08
5849,182,2,272.07
19091,1157,3,272.06
9045,56,3,272.01
2482,161,2,271.98
17279,263,1,271.95
8886,309,3,271.9
11925,66,3,271.88
10703,1723,1,271.8
18589,688,2,271.71
7175,665,2,271.6
15408,898,1,271.57
1119,723,3,271.51
9785,148,3,271.3
4887,209,3,271.18
1073,408,1,271.17
7941,475,2,271.13
15642,138,4,271.08
431,151,2,271.08
1519,623,2,271.08
10629,1845,2,271.07
19235,607,2,270.86
10457,443,4,270.78
4976,1100,1,270.76
9753,200,3,270.74
5441,427,2,270.7
16001,530,2,270.69
2405,180,2,270.67
4242,296,3,270.67
17002,1206,3,270.66
3518,306,2,270.64
13177,1084,1,270.57
16583,1290,1,270.55
11303,847,1,270.51
12305,235,2,270.51
2753,294,3,270.51
5110,0,1,270.45
9596,997,2,270.45
5651,241,3,270.44
12659,345,4,270.39
18320,784,2,270.33
19368,189,3,270.33
3481,1431,1,270.27
14860,1148,1,270.22
9578,68,3,270.16
4243,28,4,270.12
18941,7,2,270.11
8375,268,2,270.1
7782,1346,2,269.99
17752,521,1,269.97
19047,414,2,269.93
12409,626,2,269.92
5347,556,2,269.89
6514,1055,2,269.88
1037,477,3,269.86
37,1096,2,269.85
7992,595,2,269.84
17906,454,1,269.76
5530,1162,1,269.62
12792,1769,2,269.53
18244,1414,2,269.52
12621,1950,1,269.5
19126,683,2,269.43
19039,670,2,269.42
16348,426,2,269.35
15427,749,3,269.32
18862,491,2,269.25
12469,409,2,269.25
6967,707,4,269.24
15986,353,2,269.15
14215,1035,2,269.13
10503,1096,2,269.07
11151,478,2,269.07
12465,593,1,269.04
6453,701,2,269.03
13668,1091,1,269.02
17392,1677,1,268.95
17421,391,3,268.82
10093,2012,2,268.72
205,118,3,268.72
11995,527,2,268.7
4006,2038,1,268.65
883,498,2,268.53
7758,1175,2,268.44
5527,635,1,268.36
18318,154,2,268.16
9981,1295,3,268.12
12179,93,2,268.11
13405,569,3,267.92
1945,394,3,267.83
10339,360,2,267.8
16854,339,2,267.74
18615,359,4,267.73
14341,514,4,267.73
5516,474,1,267.73
3057,1019,2,267.71
2996,477,1,267.65
9734,500,2,267.63
16267,449,2,267.62
6677,342,2,267.53
16622,1043,1,267.5
17732,244,2,267.48
18205,120,3,267.47
19387,140,2,267.41
8136,1403,3,267.31
2033,1105,2,267.23
12428,810,1,267.23
5037,1650,3,267.16
14906,248,2,267.15
2841,1331,2,266.98
11936,129,2,266.91
18619,370,3,266.9
16677,14,3,266.88
17783,21,3,266.87
8028,190,1,266.87
1768,1199,2,266.84
14419,169,2,266.82
10782,171,3,266.53
11900,683,3,266.52
13924,1948,1,266.52
11293,1033,2,266.49
15872,474,3,266.36
251,1398,1,266.34
4281,1168,2,266.34
18143,22,3,266.25
11367,216,1,266.23
7559,1798,1,266.23
12130,632,2,266.22
10279,799,2,266.16
8565,1581,1,266.16
6279,304,2,266.12
4193,2118,1,266.05
6697,846,2,266.04
2759,520,1,266.02
15145,441,2,265.99
15873,1000,2,265.97
19098,429,3,265.96
63,572,1,265.91
8138,680,3,265.84
10986,1462,2,265.67
11194,464,2,265.66
19688,574,3,265.65
1733,118,3,265.57
2212,290,3,265.53
5790,1544,1,265.49
16531,522,3,265.47
3922,1192,3,265.42
14322,96,2,265.41
17553,108,4,265.37
1869,25,2,265.36
4166,389,3,265.32
17159,468,4,265.3
4978,1973,2,265.22
7847,407,2,265.22
7808,978,2,265.21
1715,564,3,265.18
17422,11,2,265.17
13765,1330,2,265.17
18934,1013,1,265.11
5046,753,1,265.08
13123,15,1,265.06
4784,1399,2,265.04
9582,1090,2,264.99
18950,807,3,264.88
13720,921,2,264.85
6280,287,4,264.8
392,658,2,264.78
9458,423,2,264.75
12532,737,1,264.67
14247,1597,1,264.67
10704,873,2,264.59
13296,1851,1,264.58
10669,223,2,264.57
16048,2001,1,264.4
8212,718,2,264.39
3737,1103,1,264.38
15783,174,3,264.29
18294,476,5,264.28
11316,827,2,264.28
17711,220,1,264.26
15126,1436,5,264.24
9945,672,2,264.22
10822,661,3,264.21
4117,580,2,264.13
643,197,4,264.11
19444,548,2,264.08
14388,284,2,264.05
11364,258,3,264.02
14360,134,1,264.0
1476,988,2,263.98
10762,566,3,263.96
19580,70,1,263.94
11909,296,3,263.91
12472,57,3,263.91
3055,1404,2,263.88
4089,732,2,263.83
12985,452,1,263.81
5994,272,2,263.75
407,1632,2,263.66
15338,132,3,263.66
7194,1824,2,263.63
3170,31,2,263.62
2310,424,2,263.57
148,13,1,263.54
14455,1638,2,263.51
3077,1000,3,263.41
15979,1368,3,263.38
11914,1478,2,263.34
5286,225,2,263.33
19994,1759,1,263.3
13956,1747,1,263.27
10499,1088,2,263.26
14395,689,2,263.24
5459,210,2,263.08
1278,1023,1,262.92
9179,517,3,262.6
16038,918,1,262.59
17225,301,3,262.57
4357,307,1,262.57
2286,208,2,262.51
11564,250,3,262.46
15471,200,1,262.45
5812,88,3,262.38
19657,69,3,262.36
2539,383,2,262.36
10561,242,4,262.34
15225,804,1,262.25
1756,206,2,262.23
509,581,2,262.15
7450,677,3,262.0
19267,2,3,261.96
16399,745,2,261.95
16770,803,1,261.92
15721,1298,2,261.91
9864,826,2,261.88
10168,425,3,261.88
19270,281,2,261.86
719,639,1,261.83
2373,72,3,261.72
14930,1427,1,261.5
13595,1239,2,261.5
11422,650,2,261.38
15796,809,2,261.29
18414,924,1,261.22
17014,698,2,261.19
10256,1469,2,261.11
12842,1821,1,261.09
901,474,2,261.07
4932,156,3,261.02
13719,961,2,260.99
7754,395,2,260.99
518,93,5,260.89
10204,56,5,260.88
3001,1162,2,260.87
359,325,3,260.84
18389,1353,2,260.84
905,170,3,260.78
18682,1906,1,260.76
18064,979,2,260.73
19121,468,2,260.7
10133,601,1,260.68
12907,383,5,260.67
19850,951,2,260.65
11661,114,1,260.6
14900,300,4,260.6
13698,2052,1,260.53
16572,1117,2,260.5
4891,1383,1,260.4
15325,1978,1,260.37
9767,1662,1,260.35
18115,67,3,260.33
6452,1211,2,260.28
6799,798,1,260.22
6935,412,4,260.21
12911,846,2,260.15
7775,458,2,260.11
16067,1762,2,260.07
14093,343,2,260.04
18249,399,3,260.02
4296,1060,3,259.99
19855,2129,1,259.97
7664,256,2,259.95
19175,147,2,259.93
18197,103,2,259.91
6530,295,2,259.89
10282,914,1,259.84
14918,843,2,259.81
16172,1607,1,259.72
1749,1710,1,259.72
3663,753,3,259.71
10912,192,2,259.68
16387,557,4,259.65
8318,854,2,259.62
19575,330,2,259.59
7668,974,2,259.56
19629,1385,2,259.55
6675,505,3,259.49
10620,33,2,259.49
11163,235,2,259.41
8798,2082,2,259.41
8305,429,2,259.31
17335,1066,2,259.28
17179,1152,1,259.27
16233,291,1,259.23
9235,1608,1,259.23
662,30,4,259.12
19428,1025,3,259.1
6213,354,1,259.09
12634,502,1,259.09
3347,1013,2,259.08
12134,1229,2,259.04
2333,233,4,259.0
13131,245,4,258.99
4742,216,3,258.94
7395,1250,2,258.93
304,1298,2,258.91
12400,64,5,258.77
14731,44,3,258.77
19972,603,2,258.72
14051,589,4,258.71
13959,866,2,258.7
9421,1076,1,258.7
2178,377,2,258.68
19805,937,3,258.63
16428,618,1,258.56
10355,2000,1,258.5
12845,1555,2,258.42
19843,1530,1,258.38
15962,1148,2,258.32
14800,546,2,258.24
19496,165,3,258.24
9875,1187,3,258.23
506,74,2,258.21
11742,500,2,258.18
6696,1835,1,258.13
18711,332,2,258.1
19638,1256,3,258.1
10699,908,2,258.04
6374,287,2,258.02
16431,2063,1,258.01
12065,237,2,258.0
12096,465,2,257.98
19172,956,3,257.93
2281,490,2,257.81
11536,950,3,257.79
389,423,3,257.78
12441,1540,1,257.77
19816,745,2,257.73
12546,756,2,257.69
1157,1193,3,257.67
18851,849,3,257.62
10082,1044,2,257.49
5521,272,3,257.48
9299,552,2,257.47
956,382,2,257.47
8709,718,2,257.41
4420,838,2,257.3
4895,959,2,257.3
7039,138,2,257.16
689,245,1,257.15
10700,1068,2,257.14
17451,166,2,257.11
11112,1941,1,256.92
6352,1449,1,256.91
18054,1529,1,256.9
11592,929,2,256.87
19619,619,2,256.84
16508,610,3,256.81
8077,31,3,256.8
1234,406,2,256.7
17157,526,1,256.65
15104,498,2,256.52
6540,315,2,256.51
11218,645,1,256.48
3417,17,3,256.42
12393,746,2,256.35
1909,979,1,256.32
4174,1426,1,256.23
19003,893,2,256.1
11061,196,2,255.99
17353,370,2,255.98
13027,141,4,255.97
6738,720,1,255.96
2691,597,3,255.96
16787,1927,1,255.9
12824,63,1,255.87
19264,554,2,255.85
3738,930,3,255.85
1309,749,4,255.84
6691,630,2,255.75
3836,603,2,255.61
10470,74,2,255.61
5937,1360,2,255.59
15839,551,1,255.55
5509,6,2,255.54
15332,422,3,255.51
2785,1396,1,255.48
12498,1381,2,255.41
5494,1213,2,255.4
4548,1113,3,255.39
18253,1996,2,255.29
17563,234,3,255.25
3358,270,3,255.24
15234,1247,2,255.2
2249,575,2,255.16
1750,1583,3,255.08
11149,372,1,255.05
14321,246,2,254.99
19745,964,3,254.97
684,285,3,254.86
14050,46,2,254.77
19559,87,3,254.75
11087,1046,1,254.66
8150,889,1,254.66
14200,90,3,254.65
17235,1299,2,254.65
13264,795,2,254.64
11416,316,2,254.61
10386,886,2,254.58
18087,1084,2,254.56
12914,241,3,254.52
14771,1049,2,254.51
9130,910,2,254.5
2473,460,3,254.4
18339,1295,4,254.36
16288,186,1,254.27
9316,1518,1,254.25
9197,1116,3,254.2
3879,1358,3,254.17
1013,161,3,254.08
2793,72,2,254.01
18322,1278,3,253.88
208,475,4,253.85
4199,286,3,253.85
17153,1770,2,253.84
14116,1584,1,253.76
12999,3,3,253.75
4276,993,1,253.75
14529,844,1,253.72
14597,1716,1,253.72
17029,566,3,253.66
15207,995,2,253.64
14262,94,4,253.37
10753,304,3,253.34
12037,720,3,253.32
10231,422,2,253.25
6559,657,1,253.2
19704,1047,1,253.16
5080,22,2,253.14
16664,1112,3,253.09
16942,1756,1,253.08
12900,465,3,253.07
19517,1745,2,253.05
10813,1584,2,253.01
1059,1764,1,253.0
10069,502,2,252.86
13419,566,3,252.82
2341,1933,1,252.81
18605,484,2,252.79
19373,164,3,252.76
6867,1027,3,252.72
608,636,3,252.71
14976,1334,1,252.64
15819,979,1,252.5
4778,1526,2,252.5
13527,1487,1,252.46
11874,702,3,252.44
18443,168,3,252.3
11058,997,3,252.21
3899,670,1,252.15
2175,7,3,252.09
18740,749,3,252.01
13168,528,4,251.94
13866,1000,2,251.93
15952,2010,2,251.76
18650,1142,2,251.74
14372,457,2,251.72
14954,11,2,251.7
12200,216,2,251.65
18260,437,4,251.64
377,815,1,251.58
6900,1106,3,251.51
6577,185,3,251.48
9984,8,3,251.43
10172,529,3,251.43
13417,217,3,251.4
6466,900,2,251.35
8546,1065,1,251.34
6192,216,2,251.18
5189,79,2,251.15
16896,960,1,251.1
4644,1713,2,250.97
1731,195,2,250.96
18133,102,4,250.95
17951,2078,1,250.91
15714,190,3,250.83
12226,57,2,250.83
8211,902,1,250.79
2038,328,2,250.61
10841,34,2,250.58
4291,442,2,250.55
6097,531,5,250.41
2095,1286,1,250.28
2632,1828,1,250.25
2196,1108,2,250.21
1138,30,1,250.12
16308,573,3,250.12
7183,1543,1,250.08
547,635,2,250.06
19651,1173,2,250.06
2982,1884,1,249.97
16158,1435,1,249.92
19199,1892,1,249.9
1085,474,2,249.88
4058,368,2,249.88
233,1320,1,249.85
2715,65,2,249.85
7088,359,3,249.85
18011,1723,1,249.84
167,949,1,249.83
19378,264,3,249.79
15999,449,2,249.77
942,365,2,249.75
1123,163,2,249.71
10996,317,3,249.71
7534,900,3,249.69
10771,325,1,249.65
3246,1103,2,249.55
14003,332,4,249.41
5978,147,4,249.37
19323,201,2,249.36
7898,1944,1,249.34
11234,764,3,249.33
13224,760,2,249.28
17106,722,2,249.28
3296,941,2,249.26
11498,1444,3,249.17
11166,32,1,249.1
11786,20,1,249.08
180,1939,1,249.08
7643,1849,1,249.08
8914,1150,2,248.99
17133,10,2,248.98
4801,82,1,248.97
15433,395,1,248.94
8286,188,2,248.86
5408,570,2,248.85
19276,1987,1,248.82
17331,732,1,248.74
2653,596,2,248.73
16206,317,2,248.66
4198,872,2,248.65
12810,301,1,248.64
14158,559,2,248.64
4681,399,3,248.59
4699,105,3,248.58
2115,605,1,248.57
8474,254,3,248.57
760,106,2,248.53
10809,974,2,248.53
5064,454,4,248.5
10568,417,3,248.06
17424,1026,1,248.06
798,1142,2,248.05
1722,967,2,248.03
14502,1092,3,248.01
17777,1876,1,247.99
15649,273,2,247.98
13084,133,2,247.96
16123,866,1,247.95
17320,1422,2,247.91
1280,1978,1,247.85
18114,173,2,247.78
18780,211,2,247.78
12908,1188,1,247.72
18781,1086,2,247.7
7509,1159,1,247.69
13295,1223,3,247.64
7607,1733,1,247.6
1334,195,1,247.6
15470,697,1,247.6
11159,118,2,247.51
2185,463,2,247.41
17822,513,3,247.4
15243,709,2,247.38
15311,2111,1,247.37
6086,559,1,247.28
7881,34,3,247.27
18341,8,4,247.27
8587,2004,1,247.26
14368,1162,2,247.13
18668,1116,1,247.1
184,109,1,247.08
13141,90,2,246.91
11414,1214,2,246.89
6023,102,2,246.89
4131,1096,2,246.88
4442,60,2,246.87
13958,124,2,246.81
16892,762,3,246.77
16644,2098,1,246.66
11971,264,3,246.6
12457,1287,3,246.59
17138,731,3,246.59
1963,251,1,246.53
17036,842,2,246.49
14857,1212,1,246.48
17808,609,2,246.46
5633,825,2,246.44
12769,259,3,246.43
10619,316,2,246.41
2299,316,2,246.33
2380,552,2,246.33
15379,878,1,246.32
1645,348,2,246.29
12639,254,3,246.28
3861,1179,2,246.26
2484,1156,1,246.24
13167,1633,2,246.21
8736,1433,2,246.15
13275,178,1,246.1
16183,1398,1,246.07
18217,260,2,246.05
243,1722,1,246.0
9891,923,1,245.99
5272,1646,1,245.94
162,948,3,245.94
17426,498,2,245.86
1399,709,2,245.82
6893,319,3,245.81
10054,316,2,245.8
8089,163,5,245.76
18306,12,3,245.76
7267,425,2,245.75
1112,81,2,245.75
10423,183,3,245.74
4732,466,3,245.69
11958,360,3,245.68
2620,438,2,245.62
15206,1467,1,245.62
2868,137,4,245.6
2981,30,2,245.57
17725,79,3,245.53
16414,874,2,245.49
4404,1840,1,245.46
13453,862,2,245.4
11118,1216,2,245.38
9305,325,2,245.37
14541,519,4,245.35
12737,102,3,245.34
10091,478,3,245.29
18830,38,1,245.23
5918,339,1,245.18
6601,594,2,245.16
12935,248,2,245.15
11642,230,1,245.05
1485,635,3,244.94
15326,66,1,244.82
18658,341,1,244.8
7916,1554,2,244.68
2285,470,4,244.63
11791,1568,2,244.63
12062,8,2,244.62
3104,27,2,244.6
18482,291,5,244.58
8129,18,1,244.57
3903,227,4,244.56
1070,346,1,244.55
16696,1159,2,244.55
12629,186,4,244.52
18837,251,3,244.41
2035,1073,3,244.36
15157,1309,2,244.3
14693,1144,3,244.27
19123,1705,2,244.26
13151,663,1,244.24
12052,19,2,244.19
1612,446,3,244.09
13149,1185,1,244.06
6247,1343,2,244.03
16284,518,2,243.97
12534,512,2,243.9
17147,509,3,243.88
1782,184,2,243.87
14873,1345,3,243.86
17108,289,4,243.83
15449,1322,2,243.73
18915,206,3,243.7
11932,17,3,243.64
16328,514,3,243.59
7454,136,3,243.57
6179,797,1,243.54
18767,1664,1,243.51
15778,1723,1,243.49
6048,1690,1,243.42
6462,1061,1,243.24
19636,562,1,243.1
7302,261,4,243.06
7826,381,2,242.99
18908,759,2,242.97
5302,931,2,242.96
17773,1375,2,242.95
631,661,2,242.95
5428,1820,2,242.93
16327,1287,1,242.89
2700,121,3,242.81
364,1598,1,242.78
18847,105,1,242.75
8160,335,3,242.7
5467,1026,2,242.68
19383,815,2,242.66
4915,970,2,242.63
7741,1689,3,242.62
19946,1130,1,242.61
17391,1023,1,242.56
8681,240,4,242.55
15718,942,3,242.48
17566,718,3,242.47
15431,1716,1,242.45
9653,1080,1,242.36
11062,558,3,242.35
2103,1568,1,242.31
17427,560,1,242.28
18276,899,2,242.26
1860,791,1,242.24
5903,400,1,242.24
4247,924,2,242.22
18110,173,2,242.2
18025,1257,1,242.17
16175,868,3,242.12
19635,17,3,242.11
13058,527,2,242.11
18425,1239,1,242.09
5677,884,3,242.07
1129,198,3,241.93
2236,1602,1,241.83
12342,42,3,241.81
2920,2067,1,241.79
8515,1117,1,241.76
2448,634,2,241.75
1943,171,2,241.72
12119,44,3,241.71
13682,593,1,241.64
10757,769,2,241.6
12230,19,1,241.57
7045,1902,1,241.39
8467,220,1,241.34
17976,238,3,241.34
11838,770,1,241.3
17145,945,2,241.27
7674,399,1,241.26
12816,37,5,241.25
14270,761,2,241.24
14238,80,2,241.23
15963,75,3,241.21
15563,339,3,241.19
1387,512,2,241.18
17310,531,2,241.12
14339,1177,2,241.02
3885,318,1,240.98
8973,812,2,240.98
13166,1200,1,240.9
3084,229,2,240.87
1032,1307,2,240.85
9193,643,1,240.79
7049,686,1,240.78
13810,164,3,240.71
9429,212,1,240.62
1385,511,4,240.56
9603,101,4,240.54
18317,1825,1,240.52
6966,118,2,240.5
3187,1213,2,240.49
17351,287,3,240.41
246,92,1,240.34
2248,1097,1,240.33
18312,1596,1,240.33
2058,353,1,240.26
10441,1170,1,240.24
18846,172,2,240.22
9021,1892,2,240.15
16247,1350,2,240.06
12173,367,3,240.03
14494,503,3,240.02
5616,1032,1,240.02
12463,799,3,240.01
1953,1775,1,240.0
15692,39,2,239.98
6748,472,3,239.97
12768,1506,3,239.95
3664,15,2,239.94
941,665,2,239.93
18081,646,2,239.92
10818,1278,1,239.88
15167,1820,1,239.85
6151,946,1,239.83
5990,93,2,239.82
1098,138,2,239.82
4765,509,3,239.8
2062,1598,1,239.78
811,347,3,239.77
13696,1195,2,239.77
10191,500,2,239.75
17027,262,2,239.7
3036,826,3,239.63
1541,763,1,239.6
15674,625,1,239.59
3262,169,5,239.58
14943,619,2,239.55
14986,1865,1,239.48
7824,1029,3,239.38
4526,715,2,239.37
11127,545,1,239.34
9369,706,1,239.33
16754,601,2,239.33
5167,336,3,239.26
13983,37,2,239.23
4753,1000,3,239.17
2396,1651,1,239.08
3164,325,6,239.06
19207,660,2,239.02
9367,601,2,239.01
11128,134,2,239.0
10298,2096,1,238.99
416,73,2,238.98
4987,1441,2,238.96
17618,788,3,238.94
8323,1337,2,238.91
6980,318,1,238.9
5839,462,3,238.87
5993,967,2,238.87
15688,586,1,238.8
16412,278,3,238.79
8445,869,1,238.76
6950,1726,2,238.68
7499,1419,2,238.68
8392,264,2,238.64
6924,1853,1,238.62
19889,946,1,238.57
3552,250,2,238.56
7164,1583,1,238.56
14064,385,2,238.54
9063,317,2,238.44
7074,18,2,238.37
18993,845,2,238.36
10643,332,1,238.26
3313,70,2,238.25
7451,931,1,238.21
7934,816,1,238.2
799,456,2,238.12
16778,1943,2,238.1
12794,767,2,238.08
7952,1303,2,237.96
18572,333,1,237.95
3585,736,3,237.94
2634,528,4,237.91
10534,101,2,237.84
4188,478,2,237.82
5043,290,2,237.78
1327,1010,3,237.73
3475,203,4,237.7
18680,152,2,237.69
6626,899,2,237.69
3132,276,2,237.58
15284,1062,1,237.58
18785,51,1,237.54
17907,1610,2,237.51
10939,176,2,237.51
16336,255,2,237.5
7040,1240,1,237.5
7150,218,2,237.5
223,1837,3,237.49
9806,92,3,237.45
16089,89,3,237.41
2102,1572,2,237.41
7328,731,3,237.33
17806,597,3,237.3
5344,583,1,237.27
14402,897,1,237.16
14996,443,1,237.16
3269,330,1,237.14
2187,689,2,237.04
15667,936,2,237.03
3957,82,3,237.02
15172,189,1,236.99
11828,338,2,236.94
17095,1355,1,236.92
18031,678,1,236.89
13920,1795,2,236.89
5127,1029,1,236.87
19971,1053,4,236.86
7608,74,3,236.85
17419,1157,1,236.83
11201,746,2,236.61
4758,1791,2,236.49
6855,923,2,236.38
12356,353,2,236.35
5042,1085,2,236.34
2779,811,2,236.3
11184,255,3,236.22
12430,537,1,236.16
3192,6,2,236.15
9595,182,1,236.06
3088,1085,2,236.05
335,1176,2,235.98
10471,1456,2,235.95
15598,292,1,235.91
16253,215,2,235.91
15523,1606,2,235.85
15788,791,3,235.78
17611,851,4,235.73
5395,32,2,235.72
11091,29,3,235.66
13672,714,2,235.62
17464,365,3,235.62
1654,967,1,235.57
2032,1176,3,235.53
17078,1289,1,235.5
15540,251,2,235.47
10032,474,4,235.46
4216,364,2,235.43
4443,555,3,235.41
16732,2128,1,235.4
4693,1562,1,235.39
5854,811,2,235.37
1956,1002,1,235.36
19068,1636,1,235.31
14447,66,2,235.31
1649,1357,1,235.28
7711,1845,1,235.28
317,436,3,235.22
10694,1099,2,235.2
17371,296,2,235.2
2913,1399,1,235.12
6171,1194,3,235.12
4783,1556,1,235.09
6909,248,3,235.02
7160,186,3,235.02
16525,1399,2,235.01
13960,376,2,234.95
916,429,3,234.89
13017,769,1,234.86
12673,400,2,234.7
7081,989,2,234.68
8930,25,2,234.68
19902,247,1,234.68
2300,187,2,234.62
187,278,4,234.56
2763,573,2,234.55
10115,612,2,234.49
4475,727,2,234.37
5596,33,2,234.34
16733,1820,2,234.27
16825,924,1,234.24
17468,720,2,234.16
17814,692,2,234.12
7079,505,3,234.07
6343,464,2,234.03
14305,720,2,234.03
7851,947,2,234.01
7142,547,2,234.0
10603,363,3,233.98
652,426,2,233.85
1626,1901,1,233.83
19862,297,3,233.83
12592,243,3,233.63
1839,654,2,233.62
11767,91,2,233.57
11743,1099,2,233.52
8986,678,2,233.46
19468,1387,2,233.45
17867,560,2,233.42
10507,800,2,233.4
13557,2123,1,233.38
7979,391,3,233.33
10149,1845,2,233.27
2635,74,3,233.25
15168,631,3,233.23
19335,946,2,233.15
10675,890,3,233.12
13475,110,4,233.12
13553,1011,1,233.1
19131,893,1,233.05
3380,756,3,233.03
13110,1886,1,233.03
1251,327,3,233.02
16367,1654,3,232.92
16735,251,3,232.9
11042,303,2,232.9
4589,1415,1,232.86
7938,1320,2,232.85
594,502,4,232.71
14492,244,1,232.67
9783,1608,1,232.65
7265,1244,1,232.6
381,1970,2,232.6
11541,1673,4,232.54
6415,1459,2,232.52
7357,996,2,232.52
15174,197,2,232.51
14118,369,2,232.49
13518,573,2,232.47
12445,1711,1,232.46
11597,1809,1,232.22
7533,780,5,232.05
15606,664,2,232.03
13323,111,3,232.01
17997,923,1,231.93
5426,1,1,231.91
8800,8,2,231.88
1095,821,3,231.77
2904,162,3,231.69
6562,568,2,231.63
12077,1569,1,231.63
4600,57,3,231.6
11413,1501,1,231.59
4814,185,4,231.58
7234,1798,1,231.57
1190,707,3,231.53
16705,1391,1,231.48
15614,988,2,231.47
350,825,2,231.42
16801,685,1,231.38
16948,445,4,231.32
7924,1436,1,231.31
2360,735,2,231.3
9722,278,3,231.29
16969,1392,1,231.28
1357,416,1,231.26
5764,1831,1,231.26
19574,1641,1,231.17
18492,372,2,231.16
7750,184,2,231.15
11819,592,3,231.14
358,1864,1,231.1
8085,97,1,231.09
8119,167,3,231.06
4083,750,1,231.06
19549,252,1,231.04
8642,59,3,231.0
4407,665,2,230.99
10994,379,3,230.99
2640,381,2,230.9
8094,1777,1,230.87
8423,1648,1,230.86
7997,1416,3,230.83
18014,69,3,230.81
12093,908,1,230.81
14213,76,3,230.81
4370,131,2,230.79
826,193,2,230.77
4709,1805,2,230.76
15809,1430,2,230.75
8340,541,2,230.64
4613,218,2,230.61
4570,1131,2,230.59
10622,928,2,230.51
9931,708,2,230.5
2165,2020,1,230.44
6137,937,2,230.34
15747,113,3,230.32
2334,106,1,230.29
3656,1829,1,230.29
10072,531,1,230.22
6940,132,2,230.18
7966,307,1,230.17
12423,136,2,230.14
16678,166,2,230.13
10327,439,4,230.05
14696,620,2,230.04
6564,342,2,230.03
12347,671,2,229.99
12143,1494,2,229.94
276,369,3,229.91
18543,1197,1,229.88
5653,655,2,229.82
18199,1561,2,229.77
1859,270,1,229.7
2670,163,2,229.7
2495,255,3,229.69
13608,766,2,229.69
7236,1047,3,229.66
16932,931,4,229.65
8182,74,4,229.59
2461,446,1,229.58
10892,466,2,229.58
18811,363,3,229.57
9916,852,1,229.53
7859,291,2,229.5
365,671,1,229.44
19369,1126,2,229.4
11442,938,3,229.39
375,138,2,229.36
6004,1845,1,229.36
5218,241,1,229.34
2674,796,2,229.32
12878,1143,3,229.28
16433,337,3,229.22
19530,57,2,229.2
3862,227,2,229.02
12616,1086,1,229.0
3521,553,2,228.99
9259,338,3,228.99
8241,1227,2,228.96
12277,302,4,228.96
1375,896,1,228.9
7562,941,2,228.78
19191,1250,2,228.78
6631,63,3,228.73
1498,210,4,228.7
9236,1719,2,228.6
387,107,2,228.58
792,494,1,228.54
11488,1156,2,228.54
7251,1347,3,228.49
19758,1090,1,228.49
14149,711,4,228.48
11714,793,1,228.42
11065,1354,3,228.35
14867,471,2,228.35
4055,504,2,228.33
1766,250,3,228.27
17191,180,2,228.26
5531,1574,1,228.12
12075,597,4,228.11
15062,1085,2,228.03
16261,66,3,228.02
12861,2033,2,228.02
2323,1784,2,228.01
13793,197,2,227.94
10976,1813,1,227.91
19578,845,3,227.89
2355,781,2,227.81
8665,646,2,227.79
6132,1520,1,227.76
11987,189,4,227.74
7950,582,2,227.71
9562,1602,3,227.71
11977,872,2,227.68
8210,1403,1,227.66
14358,75,3,227.65
7579,1292,2,227.53
8570,283,1,227.51
11825,485,1,227.42
1697,744,2,227.41
12308,230,2,227.37
124,1168,2,227.28
15919,310,2,227.27
8846,467,4,227.23
8027,279,3,227.18
17024,1646,1,227.17
18701,216,3,227.16
10688,489,2,227.1
9845,649,1,227.09
3467,539,2,227.07
16668,1071,1,227.05
4643,157,1,227.04
12250,271,1,226.98
128,1514,3,226.95
1957,1957,2,226.92
8181,1386,1,226.9
13139,642,2,226.77
4767,766,3,226.73
1672,2121,1,226.7
15052,50,2,226.6
17996,1457,2,226.54
11944,348,3,226.48
8067,587,4,226.45
16244,1240,1,226.41
8137,962,2,226.33
15723,363,1,226.32
17099,1112,2,226.3
15494,1122,1,226.25
2946,1802,2,226.24
3818,877,2,226.22
10823,402,4,226.22
13351,1691,1,226.21
9889,118,1,226.16
12467,943,3,226.13
8338,433,1,226.12
4836,628,2,226.11
6291,1333,2,226.05
3496,1802,3,226.04
3672,872,3,226.01
6525,491,3,225.99
1967,648,3,225.98
17220,1489,1,225.9
16226,995,2,225.88
3650,52,2,225.78
11069,642,2,225.76
5955,1032,3,225.74
14459,51,3,225.7
17300,296,3,225.68
2881,352,4,225.65
10055,375,2,225.64
7667,243,2,225.61
324,1603,1,225.48
15422,1571,2,225.48
4164,175,3,225.46
4838,234,3,225.43
12141,282,1,225.42
18487,444,3,225.4
626,166,3,225.34
5916,21,2,225.32
5449,1395,2,225.3
8608,73,3,225.29
1949,1567,2,225.28
16371,364,3,225.22
7109,1820,1,225.17
10380,1090,1,225.15
7315,268,3,225.11
7524,1660,1,224.98
17550,52,2,224.98
10007,188,3,224.93
16657,54,1,224.8
12433,1208,2,224.79
14631,1014,1,224.73
18423,669,2,224.68
5109,175,2,224.68
9377,740,3,224.67
8098,1013,2,224.56
19105,595,1,224.52
1187,1026,2,224.5
14763,791,2,224.44
15785,479,2,224.41
169,634,2,224.35
1043,1309,1,224.35
5463,123,2,224.27
1821,389,1,224.25
7906,1268,1,224.24
17601,21,4,224.24
15734,449,2,224.23
11205,812,3,224.2
4792,98,1,224.2
16879,1820,2,224.18
794,473,2,224.12
9378,779,2,224.03
10272,44,3,223.98
4252,576,3,223.96
17938,450,2,223.92
1012,829,2,223.91
12343,864,2,223.91
7331,359,1,223.9
7481,241,1,223.9
7400,6,2,223.89
13026,266,4,223.89
7673,987,1,223.87
9628,1828,1,223.87
677,1246,1,223.87
16361,469,4,223.85
5822,961,2,223.79
10851,391,2,223.75
11949,1159,2,223.75
11232,656,2,223.73
16594,125,2,223.71
12665,1693,1,223.67
4383,1531,1,223.66
17400,229,2,223.59
11011,743,2,223.58
1582,223,3,223.54
3858,970,1,223.44
12307,131,2,223.36
11852,241,3,223.34
9958,1065,2,223.33
11082,145,2,223.28
17953,90,2,223.28
10519,294,2,223.26
2451,82,3,223.21
10113,681,3,223.19
15043,258,2,223.14
8971,440,2,223.09
8601,1044,3,223.06
4462,1165,1,223.01
12897,1136,1,222.86
2627,1125,1,222.83
16693,1584,3,222.82
16043,110,1,222.78
14749,333,2,222.73
10284,956,3,222.71
18086,669,1,222.67
17971,1022,2,222.66
10545,101,4,222.66
12944,198,1,222.65
11815,781,1,222.63
17187,1474,2,222.59
15997,402,1,222.58
16338,1558,1,222.57
11952,139,2,222.55
3811,1642,1,222.51
10600,941,2,222.5
12684,190,2,222.49
18709,629,2,222.47
4178,220,3,222.43
7294,1545,2,222.42
5077,97,3,222.41
68,1530,2,222.4
6378,792,2,222.38
7887,1158,1,222.36
16164,942,2,222.28
16987,1812,2,222.23
11727,524,2,222.21
19356,1149,2,222.18
16051,711,2,222.16
14713,39,4,222.04
18112,1091,3,221.95
11277,381,3,221.92
1060,290,2,221.86
1527,1026,1,221.77
17622,464,1,221.75
11522,691,1,221.68
6585,1432,3,221.67
10111,1611,2,221.61
11477,775,4,221.58
9394,112,2,221.57
13239,748,3,221.55
17995,476,2,221.55
16258,2030,1,221.51
3915,46,4,221.51
14254,408,1,221.5
9696,243,3,221.47
9521,198,2,221.44
3732,70,2,221.44
12330,1294,3,221.43
8731,1505,1,221.39
5898,795,3,221.35
6397,1107,1,221.31
3073,19,4,221.31
12432,262,2,221.21
10253,51,3,221.18
14055,693,2,221.17
5023,310,3,221.17
18893,689,2,221.17
13253,2115,1,221.16
2166,1434,2,221.1
10432,1636,2,221.09
15797,196,1,221.09
4072,611,2,221.06
19133,252,2,221.04
10285,496,2,221.04
980,854,2,221.01
2655,43,3,220.94
5787,226,2,220.91
18291,1469,1,220.89
476,646,2,220.88
10195,1677,2,220.88
15707,186,3,220.79
19063,120,3,220.79
4721,439,2,220.62
19208,292,1,220.61
4372,494,2,220.6
4812,443,4,220.58
56,658,3,220.52
16911,241,2,220.5
3544,1250,2,220.44
9297,217,5,220.43
5351,1317,1,220.34
9923,438,2,220.3
7921,155,1,220.19
8600,908,4,220.19
13174,46,3,220.17
17781,142,2,220.14
18788,801,3,220.11
19192,1454,3,220.09
13143,199,3,220.07
9979,41,2,220.05
6939,1342,3,220.01
14961,68,3,219.98
10281,485,1,219.95
9116,15,3,219.94
10211,1491,1,219.85
17284,1889,1,219.84
8052,694,2,219.83
1220,32,4,219.83
120,1266,2,219.8
18354,663,2,219.79
10176,33,2,219.76
15411,1476,1,219.73
3182,241,1,219.71
15949,499,2,219.65
15216,79,2,219.62
5236,775,2,219.62
18036,254,2,219.61
18029,378,4,219.56
3591,475,2,219.54
1067,58,1,219.53
2202,792,2,219.53
8668,113,2,219.5
9031,377,4,219.48
5576,219,1,219.44
12988,1324,3,219.33
17941,1649,1,219.32
7421,1015,4,219.31
11957,444,3,219.26
18435,128,3,219.21
3416,282,2,219.19
3016,940,2,219.16
10354,523,2,219.03
11759,132,2,218.93
513,502,2,218.92
9104,21,3,218.91
7214,260,2,218.84
17852,1487,2,218.83
12949,1179,1,218.82
18644,343,4,218.81
17884,458,1,218.75
1479,134,1,218.72
2947,1566,2,218.71
17258,192,2,218.69
10020,544,2,218.69
17558,341,3,218.68
14912,1414,1,218.63
1847,23,2,218.63
7401,1273,1,218.62
16073,1253,4,218.6
2474,1084,2,218.58
434,21,1,218.57
17778,88,2,218.48
1131,511,3,218.45
18597,186,3,218.43
2025,1556,1,218.4
11434,26,2,218.4
9953,229,3,218.4
9341,1348,1,218.37
16195,1075,1,218.34
15595,256,3,218.33
5360,1739,1,218.32
9364,1831,1,218.32
8,1910,1,218.32
3093,1618,2,218.32
16283,418,2,218.3
8291,1334,2,218.29
12742,236,2,218.27
7875,305,2,218.2
18192,1580,2,218.02
18935,708,2,217.98
255,294,3,217.94
16161,1211,1,217.9
3665,246,3,217.89
494,979,1,217.85
12915,1830,2,217.78
9720,470,2,217.75
12568,869,2,217.72
9988,1129,2,217.71
14391,497,2,217.69
6615,760,1,217.68
11778,1858,1,217.64
8816,1003,1,217.63
16374,8,3,217.62
6551,227,1,217.56
15754,65,2,217.55
12686,576,3,217.55
9061,63,2,217.51
15193,1185,1,217.46
10410,1555,2,217.37
19023,995,2,217.27
8745,23,2,217.24
13570,174,3,217.21
14194,516,2,217.16
9294,198,2,217.15
6129,1124,1,217.12
6471,1849,1,217.11
8825,96,2,217.11
17172,715,2,217.04
9517,790,2,216.99
15329,1457,1,216.97
14304,916,3,216.97
8344,1969,1,216.96
4013,405,2,216.95
15658,1158,2,216.92
15260,1109,2,216.88
19446,372,3,216.86
17874,1067,2,216.82
6862,177,1,216.8
5331,1220,2,216.78
12789,139,4,216.75
19960,1865,1,216.67
1887,23,2,216.65
3094,755,2,216.65
1574,1389,1,216.49
19493,672,1,216.47
8873,245,2,216.45
966,1568,1,216.41
19911,868,1,216.38
13266,115,3,216.37
13650,840,2,216.31
18221,2044,1,216.29
3764,1381,1,216.27
15404,514,2,216.26
5760,911,1,216.18
4760,478,3,216.11
17355,436,1,216.08
5725,667,3,216.07
13831,2087,1,216.07
4333,1160,1,215.99
14066,552,3,215.98
18592,119,4,215.98
8336,1144,2,215.94
8243,594,2,215.9
6948,1081,3,215.84
7196,1519,1,215.81
10648,851,1,215.81
2597,223,1,215.7
13344,1422,2,215.67
4927,164,3,215.64
13711,1050,3,215.55
140,1772,1,215.51
72,475,2,215.5
9050,1166,1,215.46
8891,1169,1,215.44
17895,1729,2,215.4
4481,1691,1,215.39
9033,142,1,215.31
9731,333,2,215.3
7874,1038,1,215.28
3011,308,4,215.26
14750,1445,1,215.23
6672,1446,2,215.17
8368,434,2,215.14
11593,1361,2,215.11
11271,381,2,215.02
15543,90,3,214.98
18659,47,2,214.98
1613,549,1,214.92
14979,1827,2,214.91
8441,245,2,214.85
310,1730,2,214.83
2087,1139,1,214.82
12531,459,3,214.82
10559,897,1,214.79
11543,2040,1,214.73
2698,260,3,214.72
6172,330,2,214.7
2261,549,1,214.68
1763,1233,2,214.66
14490,255,3,214.65
9408,2051,1,214.61
6887,1047,3,214.51
19263,180,1,214.5
6528,957,2,214.4
11797,123,1,214.4
17214,1239,2,214.33
15646,340,3,214.32
4288,1054,2,214.25
17644,1303,2,214.24
14260,206,1,214.23
9495,413,2,214.21
1078,1081,1,214.21
9191,312,3,214.17
291,35,2,214.09
1804,689,2,214.04
4698,112,3,214.04
5600,307,2,213.99
13112,332,1,213.94
17740,37,2,213.87
15173,152,3,213.83
18273,1339,2,213.82
17332,857,1,213.79
10974,368,2,213.76
4598,7,2,213.76
10780,1272,1,213.68
10749,1193,2,213.67
11518,1051,2,213.61
16435,72,2,213.56
17609,542,1,213.5
13173,1822,1,213.5
5840,519,3,213.48
2231,893,2,213.4
13451,739,2,213.31
11168,1167,2,213.25
13962,182,2,213.23
16796,2005,2,213.19
5575,1310,1,213.16
9107,911,2,213.16
439,178,4,213.12
10817,619,1,213.11
19079,82,2,213.09
17160,837,2,213.07
7255,1212,2,213.07
616,2085,1,213.06
3539,1709,1,213.06
183,614,2,213.04
697,1507,2,213.02
18898,527,3,212.96
1926,1806,1,212.93
1455,1438,1,212.91
8805,244,1,212.9
5183,1117,1,212.89
5819,1389,2,212.85
12688,838,2,212.72
15771,397,2,212.7
9637,156,2,212.68
3221,314,1,212.63
8802,449,2,212.6
5618,1617,1,212.52
11773,1781,1,212.51
8718,1186,1,212.49
2005,828,1,212.49
2541,521,2,212.49
2770,740,3,212.47
7719,148,3,212.47
12980,38,4,212.44
11847,977,2,212.41
1737,986,2,212.39
11027,265,2,212.35
19059,1370,2,212.35
16609,1112,2,212.33
770,1661,1,212.29
19666,540,2,212.29
6613,386,2,212.2
9188,1747,1,212.18
7520,864,3,212.16
16793,539,2,212.1
4381,1574,2,212.07
3565,1061,2,212.05
8766,125,3,211.97
15600,558,2,211.97
10529,2115,1,211.96
5538,1673,1,211.96
13846,184,2,211.93
17794,556,1,211.86
3386,219,3,211.82
13386,650,2,211.81
164,911,2,211.78
4035,1003,3,211.75
17737,908,2,211.7
16151,287,2,211.68
18412,14,3,211.68
815,1660,1,211.64
7955,1913,1,211.62
8983,431,3,211.56
14086,184,2,211.56
9502,253,5,211.55
4728,498,2,211.46
4567,1432,1,211.45
12687,1360,2,211.45
14332,324,2,211.45
2401,176,2,211.41
15724,52,2,211.39
17201,1769,1,211.39
19001,388,1,211.39
15454,761,3,211.37
695,965,4,211.33
8293,454,3,211.22
5012,119,3,211.18
1174,330,2,211.13
6202,17,2,211.13
17569,41,3,211.12
13472,392,2,211.02
1082,23,2,211.0
15751,193,3,210.97
10867,1259,3,210.93
12661,93,3,210.93
3941,679,1,210.89
7384,2017,1,210.89
18903,797,2,210.87
17517,1417,2,210.86
2159,798,1,210.82
9762,1496,2,210.8
9140,1617,2,210.78
18140,509,1,210.65
9238,1251,1,210.64
11131,290,3,210.53
12925,1106,3,210.49
9818,893,2,210.46
18142,683,2,210.46
12270,260,3,210.4
14626,729,1,210.39
17460,1849,1,210.38
9491,1200,2,210.37
10569,1345,1,210.33
6219,215,2,210.27
199,1844,1,210.26
18062,1857,1,210.19
913,1455,1,210.16
2225,193,3,210.16
5655,1100,1,210.16
18773,150,2,210.13
1709,1651,2,210.13
5992,1079,2,210.08
11551,406,1,210.05
1897,456,2,210.03
2873,1744,1,209.99
16684,1938,1,209.99
16404,1012,1,209.98
11973,1987,1,209.94
11986,1743,2,209.91
7656,916,1,209.89
11260,30,2,209.86
19556,645,2,209.79
16485,705,2,209.77
12461,1093,2,209.75
2961,1517,2,209.71
14854,629,2,209.66
11897,1427,2,209.66
3095,415,2,209.62
10977,2032,1,209.57
14601,1187,1,209.55
1294,1363,2,209.5
6925,43,1,209.44
16252,1729,1,209.44
9465,476,2,209.43
1490,653,2,209.4
3342,19,2,209.39
2932,1631,2,209.35
4039,454,1,209.34
2733,299,2,209.33
6719,1874,2,209.33
17801,425,3,209.3
3877,950,2,209.17
5802,88,3,209.09
9032,1945,1,209.03
10095,366,4,208.98
11443,866,1,208.98
2336,58,2,208.96
454,94,2,208.9
2140,859,3,208.9
8194,202,3,208.9
2790,882,2,208.88
19262,881,2,208.86
15815,250,3,208.85
12720,590,2,208.85
1695,473,4,208.79
19389,1197,1,208.78
19837,497,2,208.72
7599,307,3,208.59
8468,904,2,208.58
1152,1137,1,208.56
4871,1611,1,208.56
6410,1927,1,208.49
5337,57,2,208.38
4266,1493,2,208.33
12387,805,2,208.32
15811,478,2,208.32
16020,1840,3,208.29
36,757,3,208.29
19664,534,3,208.29
226,57,2,208.28
2164,780,1,208.28
12029,912,2,208.2
10815,100,2,208.15
11558,919,2,208.13
1394,780,3,208.13
7113,453,2,208.1
12255,181,3,208.08
14599,273,2,208.08
14596,366,2,207.97
2335,127,3,207.93
2181,684,2,207.9
11241,188,3,207.88
19125,7,4,207.88
15929,906,1,207.65
16847,1579,1,207.65
17183,793,3,207.65
1181,590,1,207.65
12492,359,2,207.63
845,84,2,207.57
2794,265,3,207.51
9629,471,3,207.49
6838,42,3,207.42
7873,910,4,207.35
8135,1247,2,207.33
12470,1274,3,207.33
935,442,1,207.28
3537,901,1,207.28
1230,913,4,207.25
10407,70,2,207.21
7925,302,3,207.19
16818,1492,1,207.19
8913,1192,2,207.13
13461,71,2,207.12
5684,422,3,207.1
10686,2,2,207.09
12891,1197,2,207.07
16346,936,2,207.05
993,1504,1,207.01
19887,389,1,207.0
6106,177,2,206.97
6232,654,2,206.89
10887,641,2,206.86
15489,8,2,206.85
14161,1715,2,206.83
3642,211,3,206.82
12807,864,2,206.81
13426,904,1,206.8
3967,351,2,206.8
18202,201,2,206.78
1938,1160,3,206.74
12288,1272,2,206.62
2641,1235,1,206.59
2829,840,1,206.55
14658,1303,1,206.55
6372,849,1,206.55
19809,505,2,206.53
7713,506,2,206.52
10207,616,2,206.47
4373,193,2,206.44
4070,257,2,206.43
4833,393,2,206.41
9293,222,2,206.39
5747,1373,1,206.38
16004,299,2,206.33
7159,94,4,206.32
11000,245,2,206.29
6307,1212,3,206.16
2477,1136,1,206.12
13012,1263,2,206.1
13312,894,2,206.05
18584,575,3,206.02
12444,36,1,206.01
1764,602,2,205.98
17118,701,3,205.95
14692,249,2,205.93
7611,71,1,205.88
17372,636,2,205.87
11931,360,1,205.86
881,132,2,205.86
6103,1027,2,205.83
12726,663,1,205.83
807,1014,2,205.8
8287,624,2,205.77
13874,1852,1,205.72
10820,678,1,205.65
9513,1144,2,205.62
7083,170,1,205.61
12856,25,1,205.51
7546,486,1,205.47
9636,117,1,205.45
2941,85,2,205.41
5784,1495,2,205.39
19407,265,2,205.34
7663,289,2,205.26
13531,195,1,205.24
15356,633,3,205.23
12275,275,2,205.2
17590,223,3,205.15
6850,1656,1,205.12
12781,2114,1,205.08
16488,853,2,205.05
8301,1693,2,205.04
2842,1442,2,205.04
11165,215,2,205.0
19516,187,3,204.99
19483,1050,2,204.89
15608,148,2,204.83
19000,698,1,204.78
10259,986,1,204.78
17136,999,3,204.75
11841,784,2,204.66
9659,1491,2,204.54
11733,904,1,204.51
15908,207,3,204.43
5659,499,1,204.33
1646,961,1,204.29
10668,258,1,204.27
2956,42,1,204.19
5232,1505,1,204.12
9942,2049,1,204.12
12254,509,3,204.02
16687,369,3,204.02
4410,222,2,204.0
11806,611,1,204.0
8272,646,2,203.91
3674,1367,1,203.87
1986,1891,1,203.8
8849,112,1,203.78
186,246,2,203.75
6116,9,3,203.73
2838,1365,1,203.71
9828,1393,1,203.65
9907,1579,2,203.63
5362,1939,1,203.61
4724,1018,1,203.61
13762,1476,2,203.6
9361,2017,1,203.56
5906,838,2,203.52
3574,207,4,203.52
9711,142,3,203.44
5411,175,2,203.43
3926,1568,2,203.4
4041,61,2,203.38
16741,1157,2,203.34
5239,1905,1,203.24
1676,1880,1,203.2
12785,93,3,203.2
1081,1588,1,203.18
780,1412,1,203.1
1437,1357,1,203.06
2773,32,1,203.01
4773,1540,1,203.0
12211,550,2,202.97
2834,1230,3,202.96
2948,1083,1,202.9
14610,768,3,202.89
18441,1838,2,202.88
18386,206,2,202.85
114,1205,1,202.8
11339,134,3,202.75
10005,122,3,202.71
19945,1785,1,202.67
256,1054,1,202.62
7717,1381,2,202.61
10037,1281,2,202.47
12928,1292,1,202.42
5656,694,3,202.37
2703,1820,1,202.34
17085,1273,2,202.23
8782,2128,1,202.2
13863,376,1,202.11
4557,261,3,202.09
4744,944,3,202.08
16848,272,3,202.03
18918,797,2,202.03
3482,1606,2,201.96
5853,604,1,201.95
8921,1121,2,201.8
6487,946,2,201.78
704,25,1,201.78
412,270,1,201.76
2613,38,3,201.75
17642,464,2,201.75
18119,447,2,201.67
18234,2012,1,201.67
17274,576,3,201.66
16295,1038,1,201.65
12405,57,3,201.58
15866,49,2,201.45
8858,385,2,201.44
11766,184,2,201.39
10816,915,3,201.38
11022,159,1,201.38
13251,1153,3,201.37
14345,293,3,201.3
12126,1578,1,201.29
5755,672,4,201.28
5431,580,1,201.26
13019,317,1,201.21
17776,138,2,201.2
17415,71,2,201.19
2969,547,2,201.19
6079,192,3,201.16
4668,451,3,201.13
6022,366,2,201.01
15531,1975,2,201.0
18321,1625,2,200.93
9482,388,3,200.93
7224,591,2,200.88
18706,16,1,200.87
11298,21,1,200.87
4841,519,1,200.87
16642,1841,1,200.84
15753,460,2,200.82
3197,933,3,200.76
2117,1674,1,200.73
16135,306,2,200.72
11216,380,1,200.71
2268,542,2,200.67
15122,1233,3,200.63
13213,1338,2,200.59
13626,251,2,200.57
13659,297,2,200.54
19481,228,2,200.54
7055,634,2,200.53
5805,1601,2,200.41
14295,418,2,200.4
16410,379,1,200.35
7688,165,2,200.33
12867,259,4,200.31
3445,1140,2,200.25
2587,832,3,200.17
4582,1223,2,200.08
16574,1588,2,200.08
54,1248,2,200.02
17936,2127,1,200.01
19163,1728,1,200.0
7762,36,2,199.99
3748,674,2,199.97
14902,1527,1,199.95
11114,435,2,199.95
4129,819,2,199.85
5383,697,2,199.84
8314,1026,1,199.8
18874,331,1,199.76
14784,613,1,199.73
13048,885,2,199.73
19430,730,1,199.64
17677,492,1,199.57
1615,1059,2,199.55
18019,819,2,199.54
13152,1344,1,199.53
4421,983,2,199.48
10394,166,3,199.46
3287,222,1,199.44
5757,326,4,199.43
16134,670,1,199.37
19403,507,1,199.35
14845,866,2,199.34
6359,1436,2,199.28
17171,430,1,199.24
9319,825,1,199.21
11912,2077,1,199.21
15954,387,1,199.15
5917,108,2,199.13
7484,1583,1,199.12
15347,494,2,199.1
1536,629,2,199.09
4384,1427,2,199.09
9198,249,3,199.08
15550,290,2,199.06
60,731,3,199.04
11115,717,1,198.98
10999,728,1,198.97
275,29,2,198.91
7908,1684,1,198.9
1994,884,1,198.89
9380,289,3,198.87
12165,1244,2,198.86
17491,111,2,198.83
1072,541,2,198.82
1258,1227,1,198.82
8999,418,1,198.78
15012,239,2,198.76
14061,613,1,198.74
15027,7,2,198.61
6904,1943,1,198.59
3717,944,3,198.57
12413,1606,2,198.5
11956,1533,1,198.49
9832,1312,1,198.49
9225,911,2,198.47
5908,86,2,198.42
15394,453,2,198.42
1855,66,2,198.41
3051,755,1,198.38
4715,1089,2,198.34
5548,751,1,198.33
6773,39,1,198.33
17763,2113,2,198.31
17591,351,2,198.3
2737,113,2,198.3
5177,318,3,198.29
18667,793,1,198.26
9127,1296,1,198.24
11976,1752,2,198.23
12384,938,2,198.17
4714,1144,1,198.17
5061,18,3,198.17
19334,297,2,198.16
13640,1155,2,198.16
18775,1001,2,198.07
1807,429,2,198.03
4297,191,3,198.02
2496,362,3,197.97
15801,1543,3,197.97
17881,771,2,197.96
17006,1891,1,197.91
12377,546,2,197.86
12459,1171,1,197.84
15868,1600,1,197.84
18377,458,2,197.84
16381,618,2,197.82
18161,982,2,197.81
3339,490,1,197.81
489,50,4,197.78
18483,125,3,197.78
3136,1128,2,197.64
7902,666,1,197.55
9360,88,5,197.49
6522,36,2,197.4
17641,579,1,197.37
19088,1419,1,197.37
10730,1030,1,197.34
7098,634,2,197.33
15441,1012,3,197.3
3367,1995,1,197.28
9712,218,1,197.28
8829,1215,1,197.26
8740,967,2,197.18
5723,233,2,197.08
11659,1959,1,197.07
9552,399,4,197.06
6566,306,2,197.03
10181,1406,1,196.99
6795,560,2,196.97
7329,606,2,196.94
5053,1350,1,196.91
7286,309,3,196.89
2527,1305,2,196.75
8627,2125,1,196.68
8206,1139,2,196.65
14317,1267,1,196.6
6215,1357,2,196.59
5886,340,2,196.51
7299,1481,1,196.45
14569,1014,1,196.45
17933,1543,1,196.45
1918,795,1,196.37
12442,275,3,196.34
6789,1656,2,196.32
16303,192,2,196.31
1820,456,3,196.29
6308,597,3,196.29
16282,63,2,196.19
9358,1077,2,196.17
18538,1086,2,196.14
14337,87,4,196.1
19467,79,2,195.98
4906,751,1,195.98
19733,356,2,195.94
3498,403,2,195.89
8852,393,3,195.85
1443,610,3,195.82
6726,1144,1,195.73
1663,812,2,195.7
12236,120,1,195.7
7539,1446,1,195.65
13514,437,2,195.61
19897,266,2,195.61
683,736,1,195.58
5371,758,1,195.53
8397,579,1,195.53
12625,299,1,195.53
6204,1152,3,195.42
4280,900,1,195.34
14099,1017,2,195.3
16103,1617,2,195.25
5271,202,3,195.24
14968,450,1,195.22
9049,204,1,195.18
3553,64,1,195.09
9114,848,1,195.07
14989,774,2,195.03
11103,1391,2,195.01
10138,1913,1,194.99
12779,1190,1,194.99
676,1494,1,194.99
15290,1049,2,194.97
7561,1060,1,194.97
7617,1599,1,194.97
6056,519,1,194.91
19062,1029,1,194.87
16952,235,3,194.82
14333,718,3,194.82
13645,617,2,194.79
5054,327,2,194.68
4309,566,2,194.66
13137,1574,1,194.61
13907,1047,2,194.58
13383,887,2,194.57
9500,661,3,194.57
708,78,4,194.53
5416,1443,1,194.49
14977,787,2,194.42
16961,1633,1,194.35
1794,263,2,194.35
6703,647,2,194.3
9856,67,4,194.24
1537,1839,1,194.2
14923,1028,3,194.19
14736,1322,1,194.13
5469,1222,2,194.12
767,414,2,194.06
14928,1647,2,194.04
1828,1250,1,194.03
1791,663,2,193.99
766,1426,2,193.91
10021,360,2,193.9
17780,1542,2,193.89
15483,409,1,193.86
8255,42,4,193.85
4899,1414,2,193.81
5473,314,3,193.8
865,444,3,193.75
12806,177,3,193.66
8773,393,2,193.63
12582,719,2,193.61
2917,1146,2,193.55
8343,2093,1,193.53
4565,347,3,193.44
10137,7,2,193.34
2048,558,2,193.33
10651,403,1,193.31
7080,784,2,193.3
18875,244,1,193.24
16085,1779,1,193.22
4393,1764,1,193.13
14203,186,3,193.06
11028,1415,2,193.04
9525,1535,3,193.0
11106,998,3,192.99
6259,1817,2,192.98
18122,521,2,192.92
946,430,2,192.88
2158,1423,2,192.88
18316,321,3,192.81
2799,878,2,192.77
18230,335,2,192.75
8944,772,1,192.71
9135,1284,2,192.69
4771,1164,1,192.69
4543,440,3,192.59
13479,1323,2,192.59
1971,83,2,192.58
8040,1665,1,192.57
5328,732,2,192.52
17815,129,2,192.46
16712,1015,2,192.41
10140,844,1,192.38
12578,1695,1,192.35
12042,465,3,192.27
16691,928,1,192.22
3017,345,2,192.21
17174,1465,2,192.19
19752,900,1,192.19
18920,26,1,192.17
3867,452,3,192.16
11221,364,2,192.16
19067,2066,1,192.15
8221,1308,1,192.14
10001,690,1,192.1
19954,1412,1,192.09
4697,1989,2,192.06
2444,455,1,191.98
5619,958,2,191.98
939,1650,1,191.9
12068,609,2,191.89
13473,1012,2,191.88
19158,159,2,191.86
228,214,2,191.85
9811,1934,1,191.85
3298,90,1,191.83
12064,1268,2,191.83
11222,42,1,191.77
18542,378,2,191.77
10413,322,3,191.75
8294,409,2,191.71
458,859,3,191.71
2374,882,2,191.67
3311,1055,1,191.67
15139,1037,2,191.67
14637,330,2,191.66
7779,732,2,191.64
5038,49,2,191.58
7195,808,2,191.54
13740,311,3,191.52
5182,331,2,191.45
7518,1533,2,191.44
18649,789,2,191.43
10235,657,2,191.42
2188,910,2,191.39
14374,1112,2,191.3
10525,97,2,191.28
4453,70,2,191.28
3548,254,2,191.27
15749,596,1,191.22
12188,638,3,191.22
13015,269,2,191.22
13447,407,1,191.15
13990,502,1,191.13
12148,70,2,191.09
150,1844,1,191.07
11197,391,2,191.0
5123,1179,1,190.94
1928,2020,1,190.89
1634,1659,1,190.85
5606,1238,1,190.85
12543,1664,2,190.78
15191,1828,2,190.77
10731,1381,2,190.76
514,300,2,190.64
10637,317,2,190.55
9869,1020,1,190.55
16719,989,2,190.54
1496,208,3,190.49
7544,22,2,190.49
7961,134,2,190.47
17302,65,3,190.46
12145,184,1,190.45
2139,233,2,190.42
1889,488,3,190.4
1299,20,2,190.38
4074,152,2,190.37
19005,399,2,190.36
14963,268,2,190.35
15906,47,2,190.34
12601,806,2,190.32
19417,1932,1,190.3
6521,393,2,190.28
12351,190,1,190.27
11169,932,1,190.25
586,749,2,190.19
19981,405,4,190.14
16653,139,2,190.14
18595,952,1,190.14
7253,164,2,190.13
6369,153,3,190.1
3660,750,1,190.1
8982,160,3,190.08
6080,854,2,190.07
10857,227,2,190.05
2663,1450,2,190.04
6872,915,3,190.01
18925,12,1,190.01
3729,449,3,189.98
957,1853,1,189.96
19193,1145,1,189.96
13947,1505,1,189.96
14015,314,1,189.96
1494,12,2,189.91
6536,841,2,189.89
6793,1040,1,189.87
2435,807,1,189.84
6894,2067,1,189.7
15634,641,3,189.7
11484,1898,1,189.7
13077,311,1,189.61
6239,26,1,189.61
14185,1110,2,189.6
3820,1943,1,189.58
17107,1149,2,189.58
2118,746,2,189.53
7332,92,4,189.5
13555,1528,2,189.46
11308,1519,1,189.43
7186,992,1,189.38
10980,232,2,189.3
15620,594,1,189.3
4219,2052,1,189.29
4076,1351,2,189.25
1543,1582,1,189.19
4926,705,2,189.15
4884,388,3,189.07
10635,736,4,189.06
12207,574,2,189.06
14170,914,2,188.95
8808,347,2,188.91
14652,898,2,188.9
16792,760,1,188.82
17009,649,2,188.8
13387,814,3,188.71
22,1887,1,188.7
5484,1295,1,188.69
3514,920,3,188.63
4427,517,2,188.6
7485,1775,1,188.6
16137,82,2,188.58
16451,1265,1,188.56
14092,1070,2,188.5
9709,1434,1,188.48
13800,931,1,188.44
11811,115,1,188.42
1025,642,1,188.42
636,939,2,188.36
17774,705,2,188.3
17986,48,3,188.29
7458,710,3,188.27
18987,156,3,188.24
9807,72,2,188.22
17503,698,2,188.2
2618,905,3,188.2
1544,1155,2,188.11
4106,379,2,188.1
18182,1405,2,188.09
9207,190,2,188.01
12319,811,1,188.0
1020,476,2,187.93
18360,123,1,187.9
9910,215,2,187.85
6066,1462,1,187.82
3667,1603,1,187.81
17994,402,2,187.79
5297,1633,2,187.77
1979,58,3,187.75
7804,552,3,187.74
18247,368,2,187.74
8118,1327,3,187.7
502,2032,1,187.63
366,42,1,187.57
3872,243,1,187.56
3577,660,2,187.53
16450,1243,3,187.53
17497,1113,1,187.48
19609,1194,1,187.33
1198,1003,4,187.29
14352,1688,2,187.24
4970,33,2,187.22
6565,1299,2,187.2
17412,387,2,187.18
1559,1695,2,187.16
18148,1449,1,187.12
13272,396,1,187.07
15372,183,4,187.04
9131,1730,1,186.94
13005,95,2,186.92
5811,457,1,186.87
3888,363,1,186.84
13332,260,2,186.75
19147,495,2,186.74
4811,1261,2,186.72
2808,402,2,186.68
50,1672,1,186.6
18367,487,2,186.58
3864,1745,1,186.57
2825,1202,1,186.56
4456,192,1,186.52
13836,1320,2,186.5
13539,1001,3,186.44
13661,258,1,186.38
16954,928,2,186.31
12798,1914,2,186.3
14081,223,1,186.25
7613,31,1,186.19
7111,1200,1,186.15
10094,221,2,186.15
849,546,2,186.13
4942,705,2,186.13
4173,64,1,186.11
1211,228,3,186.07
5094,171,2,186.04
9618,68,3,186.04
2200,1459,1,185.98
6908,399,2,185.87
9868,170,1,185.81
13333,400,2,185.77
15112,137,3,185.77
18074,837,2,185.73
3958,1961,1,185.69
5851,170,3,185.64
12718,260,3,185.6
417,11,2,185.58
2217,1336,1,185.57
17767,332,2,185.53
1231,52,3,185.52
12649,201,2,185.48
7943,851,1,185.42
4692,878,2,185.38
7308,910,2,185.36
8361,456,1,185.34
17444,674,1,185.34
3134,1695,1,185.28
16075,196,2,185.27
14526,13,2,185.25
19016,1914,1,185.21
10257,476,1,185.17
5952,1337,2,185.12
6039,2029,1,185.12
16539,720,3,185.09
6180,525,2,185.06
9504,57,2,185.06
6654,22,3,185.02
6310,776,2,184.97
2765,1497,2,184.9
5846,1917,1,184.88
4118,126,2,184.83
1069,313,1,184.81
11615,41,2,184.8
14834,294,2,184.77
7853,1771,1,184.75
15973,287,4,184.67
12714,414,1,184.65
2795,378,3,184.63
3812,1129,2,184.61
11853,1210,2,184.59
13829,1737,1,184.55
3830,77,1,184.52
10785,592,2,184.5
6727,476,3,184.49
18278,1728,1,184.46
14982,719,2,184.45
14896,801,2,184.44
16534,360,3,184.43
16199,32,2,184.41
8383,98,3,184.41
16820,1306,2,184.39
17655,73,2,184.34
15650,739,3,184.31
1103,750,1,184.29
15375,17,3,184.28
6208,1607,2,184.25
6653,718,1,184.2
8812,543,2,184.2
16070,1593,1,184.2
2669,1717,1,184.2
4723,2079,1,184.15
10655,1605,1,184.15
14325,661,3,184.09
11021,1598,1,184.05
4464,314,2,184.04
8201,236,3,184.02
17218,903,2,184.01
3843,790,1,183.92
19778,393,1,183.85
8015,345,2,183.83
7820,872,2,183.77
4337,1238,3,183.73
15680,1860,2,183.73
17063,366,2,183.67
3009,37,2,183.67
19883,940,2,183.67
4369,360,2,183.66
1512,137,2,183.65
1913,147,2,183.61
6464,1025,2,183.57
9379,260,2,183.55
10522,33,3,183.54
5393,1504,1,183.52
739,761,2,183.46
9704,907,1,183.42
6035,508,3,183.4
6992,590,1,183.35
11187,1215,1,183.35
11504,880,1,183.35
17542,438,1,183.35
13922,1072,2,183.33
14343,76,3,183.32
6337,708,2,183.32
2589,829,2,183.29
14507,1813,1,183.26
12233,341,1,183.24
11096,1230,1,183.21
15307,416,2,183.04
5783,55,3,183.0
4920,908,1,182.93
19833,1256,2,182.88
8848,1401,2,182.75
5241,1211,1,182.72
17924,324,3,182.7
3322,479,4,182.7
17770,750,3,182.63
8459,441,1,182.6
17499,1041,1,182.58
18419,391,1,182.58
4136,1012,2,182.57
9083,279,2,182.51
15309,68,1,182.47
13540,355,1,182.44
656,210,2,182.43
14568,1004,2,182.42
1802,1132,1,182.3
9464,19,3,182.28
19041,147,3,182.23
528,620,2,182.23
1770,867,3,182.23
8650,430,3,182.18
5040,246,2,182.16
17616,951,1,182.14
11130,1751,1,182.13
5610,1282,1,182.04
8769,600,3,182.01
669,1159,3,181.94
696,378,1,181.92
17459,570,3,181.88
5706,1139,3,181.86
3091,648,2,181.84
7575,1596,1,181.77
6740,56,2,181.65
15821,289,3,181.64
2745,551,1,181.63
3118,970,2,181.61
19246,72,1,181.53
7424,1327,2,181.53
12263,1856,1,181.51
14556,399,2,181.51
6124,722,1,181.44
12984,554,2,181.33
6165,844,2,181.28
11078,1271,2,181.22
15529,1221,1,181.22
19034,1239,2,181.17
18151,1880,1,181.16
13280,541,1,181.16
11532,1466,1,181.15
9874,117,3,181.12
15786,463,3,181.09
1947,880,2,181.05
2098,730,1,181.03
10159,855,2,180.99
15722,471,3,180.97
4897,1753,1,180.94
2392,1179,2,180.89
14760,322,3,180.88
1363,1957,2,180.81
1606,1256,1,180.81
15358,754,1,180.81
13692,1140,1,180.76
10652,952,1,180.71
5192,354,1,180.71
1030,1258,1,180.68
4229,940,3,180.64
11540,146,2,180.61
12235,1806,2,180.61
19958,1321,1,180.6
16502,764,3,180.59
10679,148,1,180.58
11092,1282,1,180.57
8176,936,1,180.57
1501,1761,1,180.57
193,376,2,180.55
7547,122,2,180.55
16945,214,2,180.41
8315,1123,3,180.4
14974,1168,1,180.33
18848,1589,1,180.33
9240,259,1,180.32
6736,743,1,180.28
11007,1662,1,180.28
15610,598,2,180.25
6607,192,2,180.23
18861,346,4,180.21
2408,1736,2,180.11
1130,930,2,180.05
5062,866,2,179.94
4763,181,3,179.93
9327,22,2,179.93
1526,56,1,179.88
17019,926,2,179.88
19491,1212,2,179.87
12784,2059,2,179.86
3940,425,2,179.86
11654,25,3,179.85
18964,1387,2,179.84
12951,468,1,179.79
1284,22,2,179.67
18116,145,2,179.65
14998,391,2,179.62
9012,1330,1,179.61
5793,797,3,179.59
357,1779,1,179.55
702,183,2,179.52
4626,1394,1,179.51
8002,988,2,179.51
19295,274,2,179.48
7774,691,1,179.47
2258,599,2,179.45
12327,762,2,179.44
15915,142,1,179.4
3348,912,1,179.4
18625,447,1,179.36
12893,1132,1,179.28
9043,1494,1,179.28
13372,818,3,179.27
15556,364,2,179.25
925,1944,1,179.22
19673,364,2,179.21
6226,1111,2,179.15
18921,393,3,179.1
4359,1275,1,179.06
11418,966,1,179.06
12809,1574,1,179.06
5899,38,3,179.03
9263,1132,2,179.02
10292,692,1,179.02
15406,38,3,178.99
13463,101,3,178.9
6888,984,2,178.88
16350,1284,2,178.84
19983,394,1,178.83
7972,226,1,178.81
5142,73,3,178.8
774,563,1,178.78
7479,1717,1,178.76
7646,1176,2,178.74
19301,87,2,178.68
13664,1406,2,178.67
15579,424,3,178.63
2922,1616,2,178.61
10524,690,3,178.57
16292,514,3,178.5
8795,306,3,178.42
2272,873,2,178.42
9975,752,2,178.41
12539,715,2,178.38
11370,145,2,178.37
2504,2004,1,178.35
14154,524,2,178.34
13995,820,2,178.28
972,270,2,178.25
13076,1159,1,178.21
5941,503,2,178.19
8482,76,2,178.18
15144,396,3,178.18
8033,1762,1,178.09
2216,74,1,178.09
9075,505,1,178.08
14525,695,3,178.07
11480,214,2,178.04
13653,1270,1,178.03
15990,656,2,178.03
18478,704,2,177.98
8895,399,2,177.91
6542,1188,2,177.87
13420,1214,2,177.85
6052,970,2,177.84
410,1404,1,177.84
10087,639,1,177.81
7094,1804,2,177.8
15459,513,2,177.8
8310,261,2,177.77
12348,1571,2,177.76
19414,52,1,177.76
17031,1742,2,177.73
5057,1279,2,177.73
9326,176,2,177.71
9334,1871,1,177.66
17749,2130,1,177.63
5777,259,3,177.61
5499,2058,1,177.56
1380,1132,2,177.48
4096,435,1,177.42
2014,857,2,177.4
8783,1189,2,177.38
7572,275,1,177.37
3043,1697,2,177.33
15258,1092,1,177.31
7397,1146,1,177.27
5082,35,2,177.27
17967,215,1,177.23
15774,898,1,177.15
3092,307,2,177.08
18349,787,2,177.07
2233,576,1,177.04
11839,851,2,177.0
11447,1740,1,176.97
13584,1811,1,176.92
19730,277,1,176.85
5624,375,2,176.83
543,35,3,176.82
12452,769,2,176.79
1388,1382,2,176.75
6659,493,3,176.71
12804,812,2,176.68
7537,1896,1,176.65
17715,109,2,176.65
9971,200,3,176.64
5934,271,3,176.57
4275,24,2,176.55
6064,59,2,176.53
19544,1966,1,176.5
16033,691,1,176.45
9289,52,3,176.42
1395,1063,2,176.41
16935,686,2,176.39
10062,249,1,176.38
1318,1729,1,176.38
1421,794,1,176.35
19514,635,3,176.27
152,1002,3,176.24
17577,29,2,176.23
11964,949,1,176.22
6467,1409,3,176.21
5866,1884,1,176.19
19951,670,2,176.19
16212,875,2,176.18
3003,7,2,176.15
10638,368,2,176.13
16417,166,2,176.09
18930,733,2,176.09
9814,316,1,176.02
123,277,2,175.97
8189,1019,2,175.91
7257,1809,1,175.86
14841,476,2,175.85
1412,184,2,175.83
7618,597,3,175.79
211,453,2,175.76
15516,138,3,175.74
11182,1878,1,175.73
144,326,2,175.72
2511,391,4,175.71
4764,105,2,175.71
10797,1700,1,175.68
9944,1568,2,175.65
1169,879,2,175.65
3753,1003,2,175.64
13061,499,1,175.62
13480,1001,2,175.62
4234,1743,2,175.6
9609,1861,1,175.59
19447,2004,1,175.56
3889,395,1,175.56
18700,983,1,175.51
16378,274,1,175.5
560,51,1,175.46
14606,435,2,175.37
5785,10,2,175.35
1164,579,1,175.25
14500,197,2,175.23
12964,1518,3,175.21
452,2117,1,175.21
19739,973,2,174.97
2328,281,3,174.93
12048,805,2,174.83
19652,90,2,174.81
19271,1102,2,174.79
14944,707,2,174.76
10098,1088,1,174.73
11760,379,2,174.7
748,368,1,174.66
2530,1529,2,174.62
14761,326,2,174.57
8981,883,3,174.57
13052,460,2,174.53
6274,394,2,174.43
9307,1695,1,174.39
9715,902,2,174.39
18686,870,1,174.39
17915,1110,1,174.27
17947,1837,1,174.27
1769,575,2,174.2
19108,236,2,174.12
6095,747,4,174.12
12670,723,2,174.07
17120,1416,2,174.04
14485,152,4,174.02
7742,395,2,174.0
5248,138,2,173.98
16078,215,3,173.95
11525,283,3,173.93
4153,1389,3,173.92
15275,2020,1,173.91
18997,1132,2,173.91
18089,371,2,173.88
19288,1101,2,173.86
18596,233,1,173.85
15376,875,3,173.79
10554,738,1,173.75
10914,1116,1,173.75
5208,1647,1,173.75
3030,1664,2,173.66
17916,1066,3,173.65
13404,1495,1,173.62
15877,549,2,173.61
2577,183,2,173.47
6625,15,2,173.47
15238,526,3,173.43
12536,125,1,173.41
18726,1616,1,173.37
8536,343,3,173.34
1038,1006,1,173.33
17282,95,2,173.29
14155,441,3,173.29
18284,1447,1,173.28
14613,1226,3,173.24
15998,1044,1,173.2
2810,162,2,173.15
14684,1403,1,173.14
10237,1678,1,173.1
7453,2013,1,172.99
17149,14,2,172.95
17619,528,2,172.94
5056,807,1,172.86
18855,1660,1,172.84
17034,107,1,172.81
17736,803,2,172.8
2927,1027,1,172.79
7430,365,2,172.7
17213,666,1,172.64
16623,941,3,172.63
19397,1178,1,172.53
8844,638,4,172.47
18849,1384,1,172.46
19878,441,3,172.45
2170,515,1,172.4
15870,782,1,172.32
5979,860,1,172.31
1655,191,1,172.25
17443,342,2,172.24
9737,427,2,172.17
9694,271,2,172.09
1379,67,2,172.08
10908,1393,1,172.06
17428,1413,2,172.05
2421,638,2,172.02
11712,1303,1,171.96
2503,1354,2,171.94
610,1043,2,171.92
9638,1338,1,171.92
17949,459,4,171.88
855,2088,1,171.85
4905,1509,1,171.8
7543,271,1,171.74
1145,1137,2,171.69
1208,1806,1,171.64
10715,1323,1,171.64
12730,404,2,171.64
13916,1396,3,171.63
16925,1880,1,171.62
18612,478,1,171.56
5340,786,1,171.52
18439,678,1,171.5
13403,326,3,171.48
14157,343,2,171.46
2857,522,1,171.44
3103,343,1,171.42
14810,1463,1,171.3
121,537,2,171.19
13509,113,1,171.19
6594,1107,1,171.09
16002,1257,2,171.07
11037,22,2,171.04
11573,463,2,170.97
13327,1631,2,170.93
19792,1576,2,170.92
10523,648,3,170.89
5891,917,1,170.87
6438,1174,1,170.87
5306,1234,2,170.84
15575,193,2,170.75
9738,783,1,170.7
14056,864,1,170.69
10684,371,2,170.68
17960,2016,2,170.67
3250,680,5,170.65
14545,315,2,170.64
13401,1930,1,170.61
16614,667,2,170.55
5049,38,2,170.54
10511,233,1,170.53
8292,1794,1,170.53
18353,30,3,170.52
10574,379,4,170.48
7136,1783,1,170.43
14964,589,3,170.41
18759,268,1,170.38
1757,428,3,170.37
3083,1469,1,170.37
6255,1224,2,170.32
9514,271,3,170.3
9567,1050,2,170.3
9564,1209,1,170.28
5388,1006,1,170.19
12269,111,4,170.15
3619,1773,1,170.12
4880,1339,1,170.09
12538,1413,1,170.07
10922,1154,2,170.02
18856,494,2,169.97
8905,412,2,169.88
13534,187,1,169.77
2069,357,2,169.7
4996,90,1,169.68
1593,335,1,169.66
5301,1562,2,169.64
1759,1812,1,169.62
1461,1663,1,169.54
1547,1394,1,169.54
1588,1534,1,169.54
1964,533,2,169.5
7240,782,1,169.49
16776,866,2,169.45
3961,1256,2,169.44
9222,1847,2,169.44
5180,286,2,169.36
9280,1173,2,169.34
8638,646,3,169.32
15996,745,2,169.3
14197,1616,1,169.28
1317,1261,1,169.24
2590,891,2,169.23
16293,903,2,169.22
16950,509,2,169.2
19725,1836,2,169.18
8391,1968,1,169.16
11224,1371,2,169.13
749,1846,1,169.08
16146,1337,1,169.07
10945,1305,2,169.06
7494,1068,1,169.03
15961,582,2,169.0
11156,1740,1,168.93
1591,554,2,168.92
17374,175,1,168.87
13525,453,2,168.85
13685,1646,2,168.82
7287,530,2,168.8
15353,416,2,168.79
882,870,1,168.78
2000,2079,1,168.73
9989,32,3,168.7
326,561,1,168.69
1444,459,2,168.69
3154,16,1,168.67
11999,1358,1,168.67
14802,760,1,168.66
17853,217,1,168.65
6170,77,2,168.58
8578,493,1,168.56
4227,1077,2,168.55
10860,762,2,168.49
9282,848,2,168.48
10065,351,4,168.44
4828,1202,2,168.43
14499,1906,2,168.42
12266,278,3,168.41
11717,1300,1,168.39
18328,1515,2,168.38
423,1166,2,168.37
6637,233,3,168.37
16118,1839,1,168.36
13181,287,3,168.32
4599,372,1,168.27
12705,752,1,168.25
18574,354,3,168.24
13033,706,3,168.19
14250,45,1,168.18
19941,1272,1,168.18
1944,1284,1,168.18
13845,202,3,168.16
7710,948,2,168.16
4082,917,1,168.12
6730,264,2,168.11
8202,418,2,168.04
18469,1335,2,168.0
6426,378,2,167.96
6164,1043,3,167.93
3673,1029,1,167.93
5642,515,1,167.91
16131,602,3,167.89
15171,1699,1,167.88
15545,675,3,167.88
13146,335,4,167.85
14044,233,3,167.83
10830,128,1,167.82
14735,954,2,167.81
8039,263,2,167.79
6483,786,1,167.78
7448,1918,1,167.76
19477,266,1,167.76
2797,567,2,167.72
3471,110,1,167.7
12172,2047,1,167.7
14724,1721,1,167.7
3399,698,2,167.64
4893,1352,2,167.61
8010,528,3,167.56
13414,112,3,167.54
2727,334,2,167.54
18254,386,4,167.53
7219,263,2,167.45
13543,794,1,167.41
14929,75,2,167.39
19004,1183,1,167.36
13180,776,1,167.36
11981,1382,2,167.34
14378,363,3,167.3
18681,230,2,167.3
4964,119,3,167.27
9078,831,2,167.26
10000,1488,1,167.18
1739,484,1,167.16
2884,720,3,167.15
5310,314,1,167.13
2650,944,2,167.1
5120,1481,1,167.08
13844,1738,1,167.08
9433,238,2,167.08
10890,501,2,166.95
11539,253,2,166.95
6812,516,2,166.91
413,770,1,166.8
17836,1123,2,166.8
17436,927,2,166.77
2367,24,4,166.73
11393,442,2,166.68
13691,963,1,166.64
15462,21,1,166.64
3776,1576,1,166.64
11450,1143,1,166.56
15900,119,3,166.52
9245,2093,1,166.49
394,1628,1,166.48
2010,567,2,166.39
15303,1345,1,166.38
2696,415,2,166.34
5882,1602,1,166.33
2457,212,4,166.31
9080,47,3,166.21
19576,1347,2,166.2
19624,389,1,166.2
11198,295,2,166.2
10881,814,2,166.19
12403,1436,1,166.19
3711,241,2,166.19
17922,1291,3,166.19
7085,1588,1,166.18
3572,1422,1,166.15
17630,1412,1,166.11
19670,961,1,166.11
13353,310,1,166.04
7439,1867,2,165.99
15028,452,1,165.97
15715,750,2,165.96
8729,1291,1,165.96
9271,551,3,165.96
6380,2065,1,165.92
3675,960,1,165.92
5357,1083,4,165.89
8716,589,1,165.84
11245,1878,1,165.83
16475,215,2,165.82
1213,174,4,165.79
3002,215,2,165.73
5799,1087,2,165.72
13291,845,1,165.68
10990,131,1,165.66
3364,353,1,165.66
15800,492,1,165.54
7262,941,1,165.54
11332,627,2,165.51
5489,97,2,165.49
7407,654,4,165.48
8395,5,2,165.44
177,1845,2,165.43
1300,2109,1,165.42
14680,71,1,165.42
18473,1126,1,165.42
15891,499,2,165.4
4009,770,1,165.4
18899,258,2,165.36
18575,529,2,165.32
14710,1152,2,165.3
19359,243,3,165.29
13748,751,2,165.28
10155,89,2,165.27
16840,168,3,165.24
5497,908,3,165.21
12635,1286,1,165.15
759,1446,1,165.11
5920,653,1,165.09
8724,1900,1,165.06
19644,1116,1,165.06
1894,273,2,165.04
16717,88,2,165.01
13062,408,3,164.99
2125,20,2,164.95
12458,200,1,164.94
6891,1164,3,164.86
16121,947,2,164.85
998,31,2,164.85
17661,707,1,164.83
19238,173,1,164.83
5001,80,2,164.82
8695,340,1,164.82
14236,1319,2,164.74
10756,97,2,164.67
12953,747,2,164.66
10046,454,2,164.61
14948,263,1,164.57
15533,946,2,164.54
1074,158,2,164.5
17128,650,2,164.41
11901,396,4,164.38
1255,1260,2,164.3
18763,173,2,164.29
4301,1180,2,164.28
17404,333,2,164.26
10821,90,2,164.19
11357,33,2,164.16
19251,614,1,164.16
17974,750,2,164.1
18602,43,2,164.1
6560,1160,1,164.07
182,897,1,164.03
18297,178,3,164.02
6014,213,2,163.99
2222,767,1,163.94
15250,8,1,163.89
17900,600,1,163.89
14723,2009,1,163.87
4241,897,3,163.85
7542,50,1,163.85
8755,1601,2,163.82
19170,184,1,163.82
14416,252,2,163.81
2234,1899,1,163.75
4737,1510,1,163.75
3237,1628,1,163.74
13906,65,1,163.74
15515,1644,1,163.74
15601,1500,1,163.74
6154,462,3,163.67
18315,1619,3,163.66
12947,714,1,163.61
828,248,1,163.58
17626,311,2,163.56
18346,1840,1,163.52
11399,1905,1,163.44
19322,1703,1,163.35
7556,52,3,163.3
6524,483,3,163.27
18409,1222,2,163.26
1338,1940,1,163.26
15038,1732,2,163.18
19360,311,2,163.12
11823,626,2,163.09
15617,1014,1,162.98
7099,57,4,162.98
3807,42,2,162.96
3504,387,1,162.86
1252,1519,1,162.84
8814,1411,1,162.79
1310,496,2,162.77
655,1025,2,162.69
16995,2035,2,162.66
10732,1675,2,162.63
10416,1627,1,162.55
339,848,1,162.55
2732,487,4,162.55
7932,1368,1,162.55
8937,751,2,162.5
18149,455,2,162.48
7570,1506,2,162.47
18547,458,2,162.45
17454,972,3,162.43
1407,42,3,162.4
14769,80,1,162.4
1083,1341,2,162.36
9167,1010,2,162.35
9456,190,3,162.3
10233,1205,2,162.3
18745,91,1,162.28
18045,436,2,162.25
15860,1493,1,162.22
2074,985,2,162.22
2280,1760,1,162.22
3950,850,3,162.21
3010,493,2,162.15
6094,998,2,162.09
8639,1084,1,162.0
18103,1503,1,161.97
1397,140,2,161.96
3121,833,2,161.95
14445,1127,2,161.84
18981,108,4,161.83
17882,253,2,161.76
9406,124,1,161.75
14035,537,2,161.7
7422,326,1,161.69
10352,1823,2,161.67
6386,894,2,161.64
351,1256,1,161.63
2099,1627,1,161.63
12385,1103,1,161.6
15233,1787,1,161.6
15918,1975,1,161.6
11353,594,4,161.58
19179,1706,1,161.43
19242,355,2,161.35
12412,127,3,161.32
16012,1277,2,161.31
17291,426,1,161.3
11031,859,2,161.29
10754,1617,2,161.19
7076,1597,1,161.19
1259,300,2,161.17
6910,1924,1,161.14
2720,1072,1,161.12
6581,124,1,161.11
13127,707,1,161.11
7490,1328,1,161.09
931,169,1,161.08
3376,2038,1,161.02
11423,432,3,161.02
5888,433,1,160.98
1335,193,2,160.97
11696,899,1,160.96
7515,811,2,160.82
7889,1113,2,160.81
5174,138,4,160.81
9599,1841,1,160.8
5800,1269,1,160.76
8354,1297,2,160.66
11524,426,2,160.63
14417,353,2,160.63
6903,164,2,160.62
4300,1479,1,160.58
19698,1009,1,160.53
4748,128,2,160.5
12966,508,1,160.46
17345,415,2,160.45
3636,1353,1,160.39
3931,275,3,160.39
6187,1263,1,160.38
17065,245,2,160.35
3149,857,1,160.32
4177,1326,1,160.32
12968,127,2,160.3
899,1589,2,160.29
14404,1202,2,160.19
12156,313,3,160.16
4955,1959,1,160.12
4710,406,1,160.11
14274,1063,1,160.11
11629,671,2,160.01
18046,1395,1,160.01
2607,885,2,160.0
12662,313,3,159.97
3000,685,1,159.95
16036,1362,1,159.91
19933,990,1,159.84
9865,1162,1,159.82
14875,523,3,159.8
15469,1116,4,159.78
8184,565,1,159.75
16930,522,2,159.74
4428,1034,2,159.63
15330,1240,1,159.59
19531,547,3,159.55
18522,326,2,159.52
6346,201,3,159.46
15299,1535,2,159.44
9476,951,2,159.42
3338,173,2,159.29
10238,125,2,159.28
6664,789,3,159.26
235,1902,1,159.25
2091,1164,3,159.25
9088,706,2,159.23
18099,568,3,159.21
3196,27,3,159.2
4254,167,2,159.2
8765,2077,1,159.19
13178,995,2,159.15
1978,582,2,159.14
16311,236,1,159.1
920,1497,1,159.09
19429,65,3,159.08
7191,2040,1,159.07
18491,409,1,159.07
14139,1339,1,159.07
1972,297,1,159.05
7684,487,2,159.03
17514,372,1,158.99
3318,456,2,158.97
14570,1615,2,158.97
10598,554,1,158.96
14296,1851,1,158.96
16337,377,1,158.96
4550,167,2,158.93
1173,996,1,158.85
2440,169,3,158.85
11722,512,1,158.84
9558,31,2,158.75
15645,998,2,158.72
12059,1341,1,158.7
8325,517,2,158.61
11571,418,3,158.57
13760,304,2,158.57
13439,1358,3,158.56
1642,293,2,158.52
11708,593,2,158.51
5867,634,2,158.51
1621,168,2,158.49
3891,687,1,158.49
5369,797,2,158.47
19180,935,2,158.46
6030,308,2,158.45
11053,1140,1,158.32
18669,717,2,158.31
1491,444,2,158.3
1761,230,3,158.29
13721,1832,1,158.23
16878,1971,2,158.22
18970,1929,1,158.19
11566,332,2,158.18
13228,1879,1,158.18
12863,771,1,158.15
12020,1319,3,158.14
13299,1540,3,158.03
15738,610,2,158.01
2739,1938,1,158.0
3307,103,2,157.94
17046,215,2,157.91
7911,1268,1,157.9
10129,374,1,157.88
18914,1483,2,157.87
3990,1520,2,157.87
19961,159,2,157.83
2775,177,3,157.78
6228,1037,2,157.65
19171,87,4,157.61
12084,17,3,157.58
9503,678,1,157.53
11137,729,1,157.49
16636,1979,1,157.46
5681,626,1,157.46
5763,332,3,157.38
2293,497,2,157.38
1657,55,1,157.34
3727,653,2,157.28
5650,1044,2,157.25
16516,177,2,157.23
3625,502,2,157.09
1566,1962,1,157.03
6238,1431,2,157.01
5615,903,2,156.96
10521,170,2,156.94
3554,236,3,156.88
7305,882,1,156.8
15676,480,1,156.8
13580,1536,1,156.8
10978,225,3,156.78
16910,1534,1,156.62
16876,1709,1,156.61
14781,418,1,156.54
14728,1069,2,156.51
9189,925,2,156.48
2740,1352,1,156.48
16209,857,2,156.48
8215,327,1,156.36
19424,287,1,156.31
15120,534,2,156.3
4233,599,1,156.29
6837,23,2,156.21
4222,1372,2,156.1
3822,632,1,156.05
17575,292,3,156.03
18084,1689,2,156.01
3659,2053,1,155.97
11314,306,2,155.94
8289,151,2,155.92
5626,419,3,155.91
13184,438,3,155.91
18588,552,3,155.87
14622,423,3,155.84
19344,52,1,155.81
3385,514,2,155.76
13950,757,2,155.71
8256,232,2,155.67
5956,945,3,155.64
12696,333,2,155.64
15818,1280,1,155.61
12913,1643,1,155.59
285,743,2,155.57
5727,24,3,155.5
10870,344,3,155.45
11299,601,2,155.44
12703,1858,1,155.41
8312,1673,1,155.37
9553,1363,2,155.33
12261,1739,2,155.29
18468,287,4,155.24
19547,698,2,155.2
12276,453,3,155.11
12437,70,3,155.04
19141,409,2,155.0
8963,2026,1,154.99
9508,567,2,154.98
18758,172,1,154.89
16974,635,2,154.87
9597,1177,1,154.83
215,1025,1,154.8
804,264,2,154.8
19206,282,2,154.72
14319,72,2,154.71
1369,848,1,154.71
9781,5,2,154.63
13315,309,1,154.62
13442,995,1,154.58
5493,700,3,154.58
5436,969,1,154.57
895,65,3,154.56
11820,869,1,154.56
13318,1493,2,154.56
11286,137,2,154.48
13217,1464,2,154.41
10096,544,3,154.37
784,1297,3,154.36
14512,198,2,154.35
9067,963,1,154.33
6457,102,2,154.32
11291,562,2,154.32
14914,1746,1,154.31
19366,1939,1,154.31
8656,530,1,154.31
5833,160,2,154.24
8439,1888,1,154.24
3168,522,3,154.21
3272,856,1,154.2
13781,415,2,154.16
19426,2061,1,154.14
6480,1177,2,154.11
4538,368,1,154.03
5855,522,3,153.96
16795,695,1,153.96
10872,1134,2,153.94
11867,1660,1,153.94
8264,760,1,153.93
15557,891,1,153.88
15925,366,1,153.88
16275,226,3,153.88
889,1357,2,153.83
7947,343,2,153.76
12591,218,2,153.73
1520,1387,2,153.72
7752,322,2,153.61
3691,108,2,153.6
154,372,3,153.5
9825,7,2,153.49
9272,746,1,153.47
15219,644,1,153.45
19857,391,1,153.42
6923,811,2,153.38
11419,850,2,153.28
4904,477,1,153.25
15662,93,3,153.24
16349,726,2,153.23
11764,1876,1,153.23
14635,214,3,153.22
8824,940,1,153.22
19722,431,1,153.22
12585,1544,1,153.13
3606,2055,1,153.08
7590,1531,1,153.07
1175,659,1,153.04
14842,43,2,153.0
10861,1502,1,152.95
7108,1086,1,152.94
17721,696,2,152.93
14120,1474,2,152.88
8096,1074,2,152.85
19626,189,2,152.82
104,1164,2,152.81
17429,64,2,152.8
19727,239,2,152.75
2736,18,2,152.67
13612,233,2,152.61
15048,1852,1,152.59
19245,120,1,152.59
10121,776,2,152.55
19508,821,2,152.54
1840,1529,1,152.52
8313,900,1,152.46
6373,744,2,152.44
2368,1817,2,152.39
13070,1708,1,152.32
19408,898,2,152.3
5989,675,1,152.28
5948,799,2,152.21
9690,590,2,152.21
9871,575,1,152.21
10683,144,2,152.19
14184,1347,2,152.12
7718,506,3,152.12
9321,106,2,152.12
16922,95,1,152.07
15822,87,1,152.05
19089,1323,1,152.05
19735,311,1,152.05
2709,1638,1,152.05
1940,3,1,152.03
10961,582,2,152.03
10540,1156,1,151.97
11891,645,1,151.97
6775,1475,1,151.97
13537,770,1,151.93
13234,110,1,151.9
13840,1006,1,151.87
15381,287,3,151.84
9746,1495,1,151.84
8622,1575,2,151.82
949,1082,2,151.8
4108,1385,1,151.79
12929,965,2,151.77
13247,689,1,151.74
4819,1621,1,151.66
9669,263,2,151.64
15926,133,2,151.64
17931,202,2,151.64
3218,111,3,151.63
12160,49,2,151.5
8893,256,2,151.47
18259,960,1,151.46
11489,13,3,151.45
14249,217,3,151.44
10450,240,1,151.42
7396,75,1,151.4
6889,915,1,151.37
10667,725,2,151.35
4437,966,2,151.32
5134,1624,1,151.32
4520,321,2,151.27
9383,1714,1,151.25
11108,742,2,151.24
14130,1686,1,151.22
7106,1939,1,151.22
7605,10,1,151.22
9162,464,3,151.22
9569,136,1,151.2
11929,603,1,151.2
2017,1142,1,151.2
17337,48,2,151.16
8370,0,1,151.14
17803,1377,1,151.12
9962,338,1,151.03
9143,1494,1,151.01
3927,1645,2,150.98
7337,188,3,150.96
3152,49,2,150.95
584,602,2,150.92
19886,903,2,150.92
10692,525,3,150.89
8025,104,2,150.88
15936,816,3,150.86
12879,147,2,150.84
10710,1074,3,150.81
11550,450,2,150.81
1439,1201,2,150.78
2985,1060,2,150.76
7431,4,2,150.75
14162,530,2,150.72
10189,1623,1,150.7
10864,461,3,150.7
2570,443,2,150.66
3550,37,3,150.63
7610,112,2,150.59
10737,379,2,150.56
2643,346,2,150.53
16021,385,1,150.53
17241,272,3,150.53
17411,1029,1,150.53
12481,54,2,150.52
14517,1175,2,150.52
1904,1279,2,150.48
15476,1576,1,150.4
11544,1061,1,150.39
470,463,1,150.37
15864,160,2,150.28
6846,84,2,150.25
7856,1116,1,150.24
18910,894,2,150.23
15256,1784,1,150.16
17533,218,2,150.14
5246,332,2,150.12
13870,1878,1,150.1
14397,289,3,150.1
5602,229,3,150.07
17231,749,2,150.07
8710,82,2,150.06
8113,703,1,150.05
7828,174,2,150.03
7470,4,2,150.02
6266,154,1,150.0
1692,124,3,149.96
11503,322,2,149.95
13418,320,4,149.86
13512,1690,2,149.86
10602,1155,2,149.8
18747,2009,1,149.77
17137,202,2,149.7
10718,1192,2,149.64
4325,1160,2,149.64
9312,707,2,149.62
12212,1442,1,149.58
18907,546,2,149.56
16579,596,2,149.52
14595,67,1,149.48
14280,1152,2,149.47
3679,1290,1,149.42
1372,1104,1,149.4
5911,2004,1,149.4
17483,587,2,149.37
2337,902,2,149.32
1474,938,1,149.23
2036,298,1,149.21
3452,583,2,149.2
2803,414,1,149.16
9815,114,4,148.94
19409,665,3,148.93
5161,1760,1,148.88
3795,349,1,148.83
11327,30,1,148.83
19500,715,2,148.71
2680,382,1,148.69
3032,1569,2,148.68
11754,1607,1,148.64
8300,857,2,148.64
4505,1224,1,148.62
6987,795,1,148.59
3607,677,1,148.57
10398,1439,1,148.57
10500,42,1,148.57
14190,99,1,148.54
1846,1802,1,148.54
15097,327,1,148.54
16497,687,1,148.54
10438,1755,2,148.51
15049,1271,2,148.43
18518,809,2,148.43
9698,662,2,148.34
15179,75,2,148.33
2298,829,2,148.31
17758,233,3,148.27
11934,526,1,148.21
12260,931,1,148.18
13743,822,2,148.14
2612,2113,1,148.14
10712,1342,1,148.12
10366,553,3,148.08
11802,1455,1,148.08
18387,790,2,148.02
453,1077,2,148.01
6808,1063,2,147.95
1352,711,1,147.94
12267,376,1,147.91
12909,764,2,147.88
13639,1115,1,147.87
14773,94,1,147.81
8742,1610,2,147.8
11740,1633,1,147.78
12257,1943,2,147.69
7926,60,3,147.69
7037,644,2,147.67
6111,701,2,147.63
8124,62,3,147.6
149,1282,1,147.56
1982,812,3,147.53
1822,2073,1,147.52
6026,318,1,147.52
7446,7,1,147.52
17670,777,1,147.52
4506,501,2,147.5
259,1827,1,147.49
2086,688,1,147.49
16461,123,3,147.45
16309,672,4,147.41
14414,790,2,147.4
1290,2129,1,147.39
15249,1645,1,147.37
13276,1284,3,147.26
14655,1717,1,147.22
17837,553,1,147.17
15221,1102,1,147.16
19686,1339,3,147.14
11836,88,1,147.12
1366,1570,1,147.06
5195,1504,1,146.96
6194,330,1,146.88
4686,1599,1,146.84
7786,917,1,146.82
17729,176,2,146.81
4104,641,2,146.72
18707,1570,1,146.71
15641,804,2,146.67
11436,51,3,146.66
6037,123,2,146.66
9440,857,1,146.65
4419,372,2,146.65
12220,1885,1,146.65
823,1606,2,146.63
15385,228,2,146.58
6861,10,2,146.57
9829,365,1,146.54
2385,1537,1,146.53
12655,811,2,146.5
8247,1049,2,146.49
14503,735,2,146.46
6443,341,4,146.44
13063,576,1,146.34
5637,1429,3,146.33
1886,1585,1,146.3
15101,911,2,146.28
11962,542,2,146.25
5893,841,3,146.25
19102,66,2,146.21
6916,1701,2,146.19
12158,787,1,146.11
17409,202,2,146.07
18461,809,2,146.07
2584,1204,1,146.02
14767,58,1,145.99
2432,1997,1,145.97
456,664,2,145.96
3594,1542,2,145.91
1958,1988,1,145.9
16093,576,2,145.88
19750,167,4,145.75
9475,984,1,145.72
14320,420,4,145.6
3670,834,2,145.57
18894,933,2,145.56
4026,245,2,145.48
8585,353,2,145.48
14881,339,1,145.47
17956,707,3,145.4
1135,2088,1,145.39
8371,619,2,145.33
18566,147,3,145.24
4898,185,3,145.21
10498,346,1,145.18
1991,974,2,145.16
2478,1979,1,145.13
8899,106,2,145.12
7152,739,1,145.06
19716,745,1,145.06
13856,112,2,145.0
5114,750,2,144.97
15277,1599,1,144.97
7327,94,2,144.97
3592,1436,2,144.89
12626,564,3,144.88
14775,67,1,144.82
17599,309,2,144.75
18020,1361,2,144.74
17875,243,1,144.73
10571,1648,1,144.72
5997,65,3,144.69
7727,334,3,144.66
9447,531,2,144.65
3382,1870,1,144.61
14513,1591,1,144.6
6947,1534,2,144.59
15265,532,1,144.43
13348,73,3,144.4
7176,297,3,144.4
4578,380,1,144.39
15271,273,2,144.36
17399,923,2,144.33
3884,934,1,144.27
9246,1476,1,144.24
7181,160,2,144.19
7583,471,1,144.19
9866,1572,1,144.19
4049,1554,1,144.19
5122,917,1,144.19
16365,1675,1,144.19
15373,141,1,144.16
17234,1414,1,144.15
6020,575,1,144.15
17596,594,2,144.08
6589,112,2,144.06
11888,469,1,143.97
10535,730,1,143.95
6018,1607,1,143.95
10255,1371,3,143.92
4160,652,2,143.83
15653,10,2,143.82
12641,277,2,143.79
16354,435,3,143.78
11643,1894,3,143.77
9550,172,2,143.76
16799,1334,2,143.67
4908,129,3,143.66
4088,631,2,143.63
4912,1676,1,143.62
16193,998,2,143.62
19201,532,2,143.6
15968,292,1,143.56
13105,1874,1,143.56
5748,1545,1,143.55
2287,839,1,143.52
12751,128,1,143.47
18718,1589,1,143.4
8512,365,3,143.36
10033,1424,1,143.35
6081,638,2,143.34
16804,1074,3,143.31
2708,318,3,143.3
13221,725,1,143.3
19252,1835,1,143.27
15184,1496,1,143.22
9873,1663,1,143.21
348,1952,1,143.19
18413,178,2,143.1
16456,940,1,143.0
14097,291,2,142.99
11911,747,1,142.96
6294,1181,1,142.96
7044,1057,1,142.92
16683,617,1,142.92
2742,1234,1,142.92
7784,774,2,142.91
8188,458,2,142.85
9585,475,4,142.8
1888,1568,2,142.73
15133,1862,1,142.7
10766,653,3,142.68
7408,435,2,142.67
9469,1520,1,142.62
2662,481,2,142.62
4130,894,1,142.62
17490,675,1,142.62
16907,1055,2,142.61
3503,66,2,142.55
8332,181,2,142.54
19776,443,3,142.54
2771,1322,2,142.48
10435,1058,1,142.46
19138,1099,2,142.44
6102,736,2,142.43
3465,282,2,142.42
14405,146,1,142.41
9702,305,2,142.39
549,1461,2,142.38
4754,1244,2,142.29
4886,401,1,142.26
12926,933,1,142.26
13805,1253,1,142.26
10316,1559,1,142.24
2826,1652,1,142.24
3906,1637,1,142.24
15635,144,1,142.24
5879,679,1,142.24
6265,36,2,142.22
15367,1819,1,142.15
14990,1234,2,142.13
16059,696,2,142.13
9434,2,3,142.13
9717,1457,1,142.09
12906,357,3,142.05
11583,1364,3,141.98
9843,245,1,141.94
14442,1434,1,141.92
16669,2036,1,141.92
8075,201,2,141.91
9163,655,2,141.87
16483,340,1,141.81
4294,1539,1,141.72
14587,1354,2,141.71
16332,1554,1,141.69
308,1822,2,141.68
5198,209,3,141.66
750,453,1,141.65
3174,556,3,141.61
5073,497,4,141.61
2766,480,3,141.57
19830,149,2,141.52
8462,1849,2,141.51
5857,254,3,141.46
1265,718,3,141.46
17860,24,2,141.46
11366,378,1,141.41
18809,969,1,141.33
13797,901,1,141.32
70,992,3,141.27
4808,1832,1,141.18
16573,1979,1,141.18
11178,1081,2,141.17
13191,896,1,141.12
14579,1954,1,141.12
672,1724,1,141.12
19633,489,1,141.12
11142,64,2,141.1
2044,1472,2,141.07
5141,1004,1,141.05
12910,390,3,141.04
17844,842,2,141.01
9279,1365,1,140.98
892,883,2,140.94
13858,1222,1,140.93
15162,1392,2,140.88
9769,677,3,140.87
4522,782,2,140.82
16149,268,3,140.78
10358,1550,1,140.78
10862,196,1,140.77
8597,169,1,140.77
17248,1944,1,140.74
299,1643,1,140.74
1114,765,1,140.74
13530,227,1,140.74
14782,2029,1,140.73
10234,782,4,140.72
14648,144,2,140.71
3461,207,2,140.71
7020,716,2,140.7
9543,726,2,140.66
18992,202,3,140.55
5047,375,3,140.53
2498,939,2,140.48
14586,1388,1,140.48
5609,256,3,140.44
13994,1205,2,140.41
18932,1955,1,140.41
17356,1911,1,140.4
11723,1779,1,140.4
17573,419,1,140.38
17654,1567,1,140.38
19685,794,1,140.38
2022,1636,2,140.36
7989,328,1,140.35
8698,413,1,140.34
2824,922,1,140.29
18193,1307,1,140.29
12756,1289,1,140.29
3804,552,5,140.26
13385,1611,1,140.25
3249,651,3,140.21
6526,1120,1,140.19
8618,1583,1,140.18
1702,1164,3,140.11
18675,112,3,140.07
2331,380,2,139.98
9448,1143,2,139.96
6376,1689,2,139.94
14563,3,2,139.87
12410,1151,1,139.81
14432,511,2,139.74
2422,188,2,139.74
12195,20,3,139.7
5385,124,3,139.68
11460,302,1,139.6
3273,1822,2,139.5
16627,1237,2,139.49
6905,234,1,139.48
9606,388,1,139.48
14205,1638,2,139.46
6008,571,2,139.4
7694,367,2,139.4
1361,808,1,139.35
9822,1095,2,139.3
3887,1720,1,139.25
8455,34,1,139.22
13651,973,1,139.22
6389,749,2,139.16
9384,1090,2,139.15
9705,1907,1,139.09
14806,280,2,139.08
5397,106,3,139.03
9178,973,2,139.0
4787,1239,2,139.0
7356,595,1,138.99
11577,359,4,138.93
14216,675,1,138.92
11940,1545,1,138.9
16236,1519,2,138.88
4513,517,2,138.83
3061,1861,1,138.7
19236,1020,1,138.7
5562,1539,1,138.66
12123,510,2,138.66
8452,1225,2,138.65
12875,340,2,138.63
9330,692,2,138.58
5511,804,2,138.57
17316,195,2,138.57
12699,1111,3,138.56
8274,344,2,138.53
2275,1031,2,138.51
6306,1878,1,138.46
13799,272,2,138.41
18982,1181,4,138.38
15436,593,1,138.36
1056,707,1,138.36
3614,372,2,138.36
5433,571,1,138.36
7019,607,1,138.36
7817,19,1,138.36
17624,602,3,138.35
14730,444,2,138.23
201,1741,1,138.19
2391,674,1,138.19
4971,37,2,138.15
9008,904,2,138.15
12251,14,1,138.14
16929,1738,1,138.12
4510,60,3,138.11
6147,848,1,138.11
17980,565,1,138.09
13454,807,1,138.07
7010,1082,2,138.06
19503,1008,3,138.06
10672,1263,2,138.03
5880,763,2,138.02
15542,1049,2,137.92
13761,1084,1,137.91
1516,701,2,137.88
17560,603,2,137.88
17178,895,2,137.82
4102,83,2,137.81
17256,711,2,137.8
11060,1090,1,137.79
10833,1284,1,137.7
17598,322,3,137.7
19607,296,3,137.68
3707,1125,1,137.66
1235,812,3,137.65
673,579,2,137.63
3576,974,2,137.61
7735,232,1,137.59
1414,1270,2,137.58
553,231,1,137.54
2730,2000,1,137.53
8320,1457,1,137.52
12297,979,1,137.49
160,163,3,137.47
18271,329,2,137.44
7736,440,1,137.42
3359,1924,1,137.39
6049,2126,1,137.36
6236,918,1,137.33
10400,315,2,137.32
1413,721,1,137.31
11830,780,2,137.3
13491,961,2,137.19
14182,1513,1,137.16
14888,68,2,137.16
7728,2054,1,137.12
229,757,1,137.1
13006,1425,1,137.1
8855,473,2,137.01
7708,743,1,136.97
8436,735,1,136.96
9095,296,2,136.96
15013,1404,1,136.92
17232,1647,2,136.91
19669,866,3,136.91
12693,1306,1,136.82
1274,1597,1,136.8
14999,1300,1,136.79
588,845,1,136.67
8335,1821,1,136.63
7880,1094,1,136.59
3749,1697,2,136.56
16154,855,2,136.5
19352,1872,2,136.46
1295,676,2,136.41
19269,1251,1,136.22
12851,133,1,136.19
6751,1931,2,136.16
10164,96,1,136.14
14822,345,2,136.13
5675,1101,1,136.1
12289,1757,1,136.08
17203,1602,2,136.06
17581,764,1,136.01
14967,1057,1,135.97
16616,629,1,135.97
5216,1401,1,135.97
1482,545,1,135.97
2418,353,2,135.95
6283,137,2,135.92
19976,209,1,135.86
5018,625,3,135.82
16695,961,1,135.81
17883,1156,1,135.81
16729,788,3,135.8
18660,1833,1,135.8
3505,145,2,135.8
523,463,2,135.76
15655,948,2,135.73
7461,768,2,135.68
17673,1411,2,135.65
11468,423,1,135.63
19879,910,2,135.61
7282,1508,3,135.59
666,699,3,135.51
10955,1288,3,135.42
2935,2041,1,135.4
13694,83,1,135.38
9290,341,2,135.36
10114,1573,1,135.36
5972,248,1,135.34
19060,279,1,135.34
7393,442,1,135.26
11866,971,2,135.26
11129,957,1,135.25
7695,406,1,135.24
18034,1156,1,135.24
17048,245,3,135.22
9572,696,2,135.18
10017,501,3,135.17
7624,2028,1,135.12
4457,355,3,135.1
7280,1149,1,135.09
8095,947,2,135.05
17090,352,3,135.04
3856,1465,1,135.04
15805,1366,1,135.03
2860,14,2,135.02
15438,758,1,134.91
7379,334,1,134.86
6010,930,2,134.85
7429,983,2,134.8
8203,1601,1,134.74
6207,1559,1,134.73
16280,563,1,134.72
17266,812,2,134.71
5242,1034,2,134.7
7628,888,2,134.67
5519,20,2,134.65
19523,517,2,134.65
14117,1987,1,134.53
12921,313,2,134.52
17921,328,2,134.47
8186,147,2,134.36
3662,529,2,134.34
5841,1381,2,134.31
14079,1554,1,134.29
4239,1093,1,134.27
6518,1145,3,134.26
9081,2037,1,134.26
19376,1709,1,134.25
18808,492,3,134.22
5556,331,2,134.21
8157,1624,2,134.17
13486,99,2,134.06
19810,1721,2,134.04
14146,747,1,134.03
4972,167,2,134.03
14479,968,1,134.01
11267,986,2,133.98
11948,1422,1,133.98
14128,210,2,133.97
19139,1598,1,133.95
2075,108,2,133.92
18980,1019,1,133.87
740,35,2,133.86
4532,91,2,133.83
10812,413,1,133.83
7144,693,1,133.8
15010,440,1,133.73
18442,604,1,133.72
13025,1287,2,133.7
19562,836,3,133.64
4540,565,2,133.61
3377,324,3,133.6
18736,1822,1,133.48
7353,1820,1,133.41
4825,288,3,133.4
1351,1449,1,133.38
9161,1561,1,133.26
9733,2073,1,133.26
5919,823,1,133.22
6769,155,3,133.19
7877,145,1,133.19
19072,1027,1,133.17
6156,115,1,133.11
1776,430,2,133.11
8408,262,2,133.1
8885,606,1,133.1
7438,2116,1,133.07
14098,1292,1,133.03
14939,27,1,133.02
8276,19,3,132.95
12882,875,3,132.93
11878,134,1,132.91
873,1171,2,132.88
13434,610,3,132.87
11954,453,2,132.79
13898,1338,1,132.74
9598,2107,1,132.74
4031,351,1,132.74
16489,1528,1,132.7
16654,1433,2,132.68
5612,1732,1,132.65
6628,472,2,132.65
7502,18,3,132.63
2876,173,2,132.63
12050,420,2,132.62
9125,462,4,132.58
19955,463,1,132.57
18350,207,3,132.57
5476,1285,1,132.54
9616,1860,1,132.53
8074,1444,2,132.45
12514,1638,1,132.43
19692,41,1,132.42
17871,653,2,132.41
4189,137,4,132.39
10518,1092,1,132.39
11079,690,1,132.38
11467,1170,1,132.38
7383,2006,1,132.38
19210,919,2,132.35
2350,823,2,132.35
10479,76,1,132.34
13269,941,1,132.32
8126,661,2,132.32
15958,1273,2,132.32
12440,807,3,132.31
19254,253,2,132.26
17568,653,2,132.24
7522,419,2,132.24
10163,1218,2,132.23
13090,157,1,132.16
13407,1186,2,132.15
13551,1715,2,132.14
13635,1119,1,132.12
15192,216,2,132.1
5736,575,3,132.07
7292,37,1,132.06
17477,50,1,132.06
1907,352,1,132.06
11246,462,3,132.06
13227,973,1,131.98
7514,586,2,131.95
519,820,3,131.94
18772,1608,1,131.87
5824,1400,1,131.84
9285,1134,2,131.83
16406,234,1,131.81
19432,782,1,131.76
10967,2007,1,131.7
4036,21,1,131.7
17339,393,3,131.68
269,285,2,131.65
5537,933,1,131.58
8730,1080,2,131.57
19002,373,2,131.56
1438,67,2,131.52
3838,697,3,131.49
19592,652,2,131.46
1962,189,3,131.4
4345,1481,1,131.39
10008,856,3,131.37
16555,1443,3,131.2
18776,245,2,131.17
4913,739,1,131.17
17463,669,2,131.01
13888,388,1,131.0
11710,1303,1,130.98
11318,1109,1,130.96
668,442,2,130.9
7385,1435,1,130.85
12782,834,2,130.8
17510,1177,2,130.79
18493,1206,1,130.78
3914,613,2,130.72
994,1485,2,130.71
13107,667,2,130.69
5774,971,1,130.65
6344,82,2,130.58
14264,1696,1,130.58
12627,119,2,130.5
12691,288,2,130.5
2964,1419,3,130.49
11599,763,1,130.47
3393,1154,2,130.38
16147,403,2,130.29
16916,1285,1,130.29
19458,550,3,130.23
1838,91,2,130.22
13733,1284,2,130.17
2713,1234,2,130.16
5850,1432,2,130.11
9540,329,1,130.11
7276,1069,3,130.03
7904,55,1,130.03
332,1280,1,130.03
2823,673,1,130.03
14848,327,1,130.03
18405,729,2,129.94
16789,1133,1,129.92
4694,183,2,129.91
4802,618,2,129.9
3156,20,1,129.85
15694,859,1,129.85
11711,2079,1,129.85
6763,1610,1,129.85
8008,175,2,129.84
17899,645,1,129.81
7394,95,2,129.8
3290,1560,2,129.72
130,259,2,129.7
13136,1826,1,129.69
12643,1247,1,129.66
14995,997,2,129.66
15047,699,2,129.65
14267,2034,1,129.65
16544,473,1,129.62
1445,286,2,129.59
11680,662,2,129.57
7531,130,2,129.47
93,1588,2,129.46
2204,1624,2,129.46
4998,775,1,129.37
18998,287,1,129.28
14072,255,2,129.25
17030,398,2,129.22
16619,988,2,129.19
5088,1583,2,129.18
14338,1986,1,129.17
12339,582,2,129.09
8540,1455,1,129.03
17507,288,1,129.03
12783,610,2,129.02
14396,738,1,128.97
17072,807,1,128.97
768,838,1,128.97
8696,2079,1,128.91
12344,1627,2,128.9
16779,382,2,128.87
14876,1552,2,128.86
18953,388,2,128.84
12709,728,2,128.83
10489,1207,1,128.81
15251,861,2,128.78
5599,336,1,128.69
13663,1347,2,128.63
5795,184,1,128.62
6391,1113,1,128.62
8993,210,1,128.62
18261,2065,1,128.62
18771,791,1,128.61
8589,992,1,128.61
9096,434,1,128.61
18705,762,2,128.59
13684,1901,2,128.58
12066,373,1,128.54
11858,1455,1,128.43
13455,1120,4,128.42
7971,1852,2,128.39
11520,1668,1,128.33
16853,325,2,128.33
5276,2087,1,128.31
200,884,2,128.3
3280,1103,2,128.3
1862,123,2,128.26
10027,886,2,128.26
16807,687,2,128.24
2055,725,2,128.23
5533,637,2,128.19
5378,1291,1,128.1
12600,1007,2,128.08
3569,155,2,128.04
13826,742,2,127.97
18274,526,1,127.97
4511,47,3,127.95
222,32,2,127.93
2210,1091,2,127.92
8537,1727,1,127.92
15847,607,2,127.9
1240,176,2,127.86
18888,261,3,127.83
5070,188,2,127.79
4336,6,1,127.75
17613,566,2,127.75
5776,702,1,127.72
15826,1871,1,127.7
3983,1162,2,127.63
17893,382,2,127.61
8260,493,2,127.6
15183,720,1,127.56
14709,251,1,127.56
18956,522,1,127.53
4289,1258,1,127.51
8654,965,2,127.47
1391,932,1,127.38
658,1302,1,127.32
7532,252,2,127.29
14793,297,1,127.26
16082,1879,1,127.26
18177,1191,1,127.26
8793,143,2,127.24
5909,147,3,127.23
10011,451,2,127.19
1487,1890,1,127.17
11567,1745,1,127.17
19520,683,2,127.17
19474,1757,2,127.15
17819,145,2,127.12
7753,455,3,127.08
478,1780,2,127.07
3412,820,2,127.06
3628,55,2,127.04
15790,2127,1,127.03
17098,159,2,126.98
9911,1915,1,126.96
3507,954,1,126.93
13169,261,4,126.93
2186,1299,1,126.9
6668,1203,1,126.88
2052,1769,1,126.78
425,1076,3,126.73
1442,654,1,126.73
18374,1176,2,126.7
10184,121,1,126.68
9531,346,2,126.67
14167,578,2,126.56
13783,1589,1,126.52
4023,112,2,126.47
9902,207,1,126.45
13285,1042,2,126.4
10422,667,1,126.39
10630,1662,2,126.38
7712,743,2,126.38
14821,133,1,126.34
15163,187,1,126.28
13619,151,2,126.28
13445,437,2,126.2
10158,579,2,126.19
15808,163,3,126.18
11908,280,2,126.15
11627,465,1,126.14
9453,1199,1,126.14
2092,1470,1,126.13
8556,1894,1,126.11
6100,1562,1,126.03
18840,1755,1,126.01
17319,343,3,126.0
1,128,2,126.0
1285,1268,1,125.96
19672,1667,2,125.94
4733,371,1,125.91
4991,1526,1,125.85
8588,1044,2,125.84
9691,284,2,125.84
12814,1311,2,125.84
14034,324,1,125.78
8534,230,3,125.76
4468,265,2,125.72
16419,1652,1,125.72
7698,821,2,125.67
19505,1427,1,125.66
4417,399,2,125.63
8726,1637,1,125.6
16537,449,1,125.59
15242,213,1,125.53
5478,225,2,125.49
2322,783,2,125.4
11025,277,2,125.39
12559,509,2,125.39
13100,427,2,125.38
10074,987,2,125.38
1423,238,3,125.35
686,1266,2,125.33
18280,34,2,125.31
11510,753,1,125.26
14520,358,2,125.17
12890,599,2,125.11
18514,1000,1,125.08
5341,702,2,125.03
4476,151,1,125.0
6834,904,3,124.98
13290,2061,1,124.96
13736,295,2,124.96
18954,1416,1,124.96
8019,121,1,124.92
4911,1869,1,124.88
1708,1135,2,124.83
1333,345,1,124.82
8820,1455,2,124.78
1718,1790,1,124.75
18323,541,2,124.68
3666,1271,2,124.67
8103,495,2,124.65
8595,820,2,124.64
18269,1441,2,124.64
3366,81,2,124.63
9129,1026,1,124.56
5689,251,1,124.55
12485,1296,2,124.38
6007,754,1,124.33
1141,124,3,124.31
12800,1422,1,124.3
12940,635,2,124.3
19459,507,2,124.26
14026,1368,1,124.25
17792,149,3,124.21
16828,84,2,124.11
7692,185,3,124.09
3478,2074,1,124.09
10646,1349,3,124.05
11930,594,1,124.01
13774,211,2,124.01
18967,137,3,123.99
17112,340,2,123.98
13884,1637,1,123.98
11984,1111,1,123.94
12024,1069,1,123.94
4938,978,1,123.94
7447,28,1,123.94
3414,252,2,123.93
3617,561,2,123.93
4206,798,2,123.91
4330,1096,1,123.89
12740,464,1,123.88
569,1436,2,123.84
12941,32,2,123.83
13028,740,3,123.83
18226,640,1,123.82
7891,349,1,123.8
5751,503,2,123.74
9677,10,2,123.73
16112,1721,1,123.67
16055,837,3,123.66
13125,745,1,123.64
14329,449,1,123.64
4182,46,2,123.64
6507,1339,1,123.64
7258,833,1,123.63
7734,1548,2,123.63
13399,1028,1,123.63
19668,557,1,123.63
9655,766,3,123.56
15370,1191,2,123.54
4883,1518,1,123.54
8282,1664,1,123.51
4607,1004,2,123.42
6000,196,2,123.41
6823,1451,1,123.41
11191,897,3,123.39
204,132,1,123.35
17350,806,2,123.32
19856,746,1,123.2
14561,1814,2,123.19
14486,605,3,123.16
3558,472,1,123.14
10570,1526,2,123.13
17530,1124,2,123.12
912,922,4,123.09
5205,930,2,123.08
10868,4,1,123.07
11435,783,2,123.07
12099,1949,1,123.05
8541,1946,1,123.05
17130,2042,1,123.05
16839,806,1,122.99
2441,1252,2,122.97
10363,1687,2,122.93
4214,424,2,122.88
959,1453,2,122.84
17086,1066,2,122.83
2290,297,2,122.78
7059,34,2,122.77
52,834,2,122.74
7273,276,1,122.71
9409,1075,2,122.7
2502,555,2,122.67
3401,1229,1,122.67
7465,994,1,122.64
9269,664,2,122.54
9921,696,2,122.54
10877,1380,1,122.52
297,1827,2,122.52
9,528,1,122.51
2664,898,1,122.51
6361,30,1,122.51
10150,1562,1,122.51
16889,998,2,122.47
403,111,2,122.44
422,212,1,122.43
5005,1162,1,122.42
10252,503,2,122.42
13106,1398,1,122.42
19815,172,1,122.42
6860,1582,1,122.42
10834,715,2,122.33
6590,2025,1,122.32
6288,2078,1,122.26
2404,16,1,122.26
4423,1610,1,122.26
18499,1668,2,122.25
6383,74,2,122.23
13963,376,1,122.23
17431,1656,1,122.2
6076,667,2,122.16
6920,338,3,122.16
17100,784,2,122.13
1586,1443,1,122.1
17221,1955,1,122.04
1837,381,2,122.01
18523,549,2,121.96
479,1384,1,121.85
4966,825,2,121.82
18126,42,2,121.79
6762,2066,1,121.75
3028,1817,2,121.74
19910,9,1,121.74
12479,48,1,121.73
2245,1723,1,121.72
3997,1843,1,121.67
5974,1012,1,121.67
9867,526,1,121.59
7720,1180,1,121.58
3597,31,2,121.52
4201,171,2,121.42
16063,322,1,121.42
10488,242,1,121.42
7840,384,3,121.39
2701,691,2,121.37
10542,337,2,121.36
14074,922,2,121.35
4969,111,3,121.34
11329,59,2,121.32
12957,467,2,121.27
3102,521,3,121.27
8414,1616,2,121.24
7493,212,1,121.23
5885,1440,1,121.13
14151,1334,1,121.13
15726,1029,1,121.13
16857,1351,1,121.13
18922,206,2,121.07
13804,1095,1,121.06
699,709,2,121.05
12016,567,1,121.0
6200,1519,2,121.0
5365,206,2,120.97
11315,357,2,120.97
390,1506,1,120.95
14755,8,2,120.94
13741,38,2,120.93
4139,1016,2,120.89
15983,1277,3,120.88
1861,1423,2,120.83
12818,547,3,120.79
3259,1112,2,120.76
7463,1488,1,120.76
8121,1523,1,120.76
15504,134,2,120.7
17139,350,1,120.67
19593,1148,2,120.67
12241,117,2,120.64
1825,968,2,120.63
5184,1008,1,120.6
9707,576,2,120.6
10515,288,3,120.57
8774,1823,2,120.56
18111,320,3,120.56
6554,932,2,120.54
13961,324,2,120.5
16723,1162,2,120.48
3089,722,2,120.43
6012,640,3,120.35
7683,1879,1,120.34
12657,380,2,120.33
6533,2020,1,120.26
19728,1205,2,120.26
9765,411,3,120.24
19186,51,3,120.24
14624,885,2,120.11
4651,1606,2,120.08
1893,787,1,120.07
15015,842,3,120.07
2218,199,3,120.01
5186,772,1,120.0
15451,566,3,119.99
17110,172,3,119.98
15342,1552,1,119.96
16333,56,2,119.93
19539,250,2,119.93
16270,155,1,119.89
12934,1193,1,119.89
6725,318,1,119.88
7388,994,2,119.83
15040,502,2,119.83
16926,576,2,119.83
5315,1723,1,119.82
803,1518,2,119.82
18432,1868,1,119.78
3404,1220,1,119.76
585,364,3,119.72
2506,650,2,119.68
19658,72,2,119.65
18728,1426,2,119.64
4605,559,2,119.63
9147,530,2,119.63
13499,1834,1,119.57
408,1802,1,119.56
3762,1323,1,119.56
9134,1483,1,119.56
7334,222,2,119.53
9323,135,2,119.53
7659,1255,1,119.52
12335,678,2,119.52
6128,218,2,119.42
3984,221,3,119.37
3113,691,1,119.34
3145,1810,1,119.34
11424,89,2,119.34
7929,1334,2,119.32
14119,595,2,119.25
7440,822,2,119.24
8804,1977,1,119.2
9763,0,1,119.2
13394,1362,1,119.2
12712,1579,2,119.17
10320,276,1,119.14
10946,816,1,119.13
10875,535,2,119.12
8218,108,3,119.11
14435,1074,2,119.07
3701,1340,1,119.02
3968,845,2,118.98
16703,783,2,118.97
15775,1678,1,118.89
15735,1075,1,118.88
12113,1228,1,118.88
16079,1030,1,118.86
197,1331,2,118.83
4910,874,1,118.78
16587,117,2,118.77
12764,358,2,118.77
17600,612,2,118.72
9935,1526,1,118.71
4569,720,1,118.7
17585,63,2,118.7
19940,401,2,118.68
1216,539,1,118.68
3402,1483,1,118.68
3704,39,2,118.68
18984,275,3,118.66
13641,1354,2,118.66
12721,475,2,118.63
14688,194,3,118.58
14259,1541,1,118.56
15748,1377,2,118.53
10335,1546,1,118.52
3571,1104,2,118.52
3224,2121,1,118.48
1066,829,2,118.46
12482,184,1,118.46
9017,245,3,118.42
12187,2038,1,118.38
12483,1081,2,118.37
6123,28,3,118.36
11494,170,3,118.34
17182,211,1,118.3
1753,179,2,118.29
16933,2043,2,118.26
278,577,2,118.25
1166,1311,1,118.21
11350,1234,1,118.21
5649,548,2,118.17
14694,839,1,118.16
6595,1296,2,118.15
6512,1419,1,118.14
15096,1601,1,118.14
15312,666,1,118.14
2675,91,1,118.14
2509,121,1,118.12
14108,664,1,118.09
924,1581,2,118.08
2598,1722,1,117.99
13510,657,2,117.99
1540,1063,1,117.98
14832,832,3,117.98
19480,187,2,117.91
7843,295,3,117.82
18311,461,1,117.82
14972,257,2,117.79
12039,1728,1,117.79
171,102,3,117.79
3253,419,1,117.79
2859,890,2,117.77
7223,532,1,117.76
11887,1928,1,117.75
10116,628,3,117.7
3357,82,2,117.7
13789,448,3,117.67
7309,1803,2,117.67
10906,206,1,117.64
371,831,1,117.47
7093,576,1,117.47
1323,2021,1,117.41
16016,51,2,117.4
944,1318,2,117.36
11397,423,2,117.26
5583,2061,1,117.24
6465,726,4,117.24
8428,1607,1,117.24
14720,835,3,117.21
5398,956,1,117.19
5713,838,1,117.16
2718,9,2,117.16
5831,878,2,117.15
945,576,1,117.1
18006,1804,1,117.1
11199,1288,2,117.06
11461,893,2,117.05
12323,390,2,117.05
9741,1823,2,117.03
10101,195,2,116.96
2687,1732,1,116.94
17683,785,1,116.94
5140,1303,3,116.88
7307,458,2,116.79
8634,639,1,116.77
5535,1663,1,116.75
13103,291,2,116.75
12744,330,2,116.74
3954,344,1,116.69
13860,1339,1,116.63
16035,337,3,116.63
8658,997,1,116.62
11451,731,1,116.62
4183,1876,1,116.58
6778,266,1,116.48
8996,1269,2,116.45
12166,1407,1,116.44
9142,1240,1,116.42
15768,863,1,116.37
4008,67,1,116.36
5921,19,2,116.33
9229,345,1,116.31
10580,274,2,116.29
12504,781,1,116.26
18246,1785,1,116.25
19132,77,3,116.24
15626,1622,1,116.15
17718,2,1,116.15
7348,464,1,116.15
19967,900,1,116.15
5214,779,1,116.13
6690,640,2,116.13
19273,196,1,116.09
12981,916,1,116.04
3773,1945,1,116.02
16065,319,1,115.99
14335,1762,1,115.95
13134,314,1,115.93
2910,1697,2,115.85
19031,2114,1,115.83
18797,428,2,115.79
2729,1096,2,115.76
6981,575,2,115.71
10611,488,2,115.7
2625,913,1,115.67
17990,1999,1,115.67
6971,1699,1,115.67
10440,679,2,115.66
19515,397,2,115.65
960,847,2,115.64
19040,1014,1,115.57
19036,535,2,115.54
2377,515,2,115.53
1555,1103,1,115.52
15020,1725,1,115.51
17228,88,2,115.5
7229,703,2,115.47
14862,387,2,115.44
10311,1653,1,115.44
17272,514,2,115.43
3354,223,1,115.41
7274,236,2,115.4
9257,956,1,115.39
6009,1185,1,115.34
18123,1336,2,115.34
4952,720,2,115.33
10678,351,2,115.33
11306,705,2,115.28
5338,656,2,115.26
16482,1468,1,115.25
6233,1540,1,115.24
15474,417,2,115.23
1283,476,1,115.21
16542,1584,1,115.2
17166,1184,1,115.2
9528,1423,1,115.2
8543,1317,1,115.18
4766,2009,1,115.16
7298,645,2,115.15
7958,581,1,115.14
16814,1629,2,115.14
13376,1718,1,115.11
12379,1558,1,115.06
190,1179,1,115.06
1232,196,1,115.06
19567,529,2,115.04
16181,2025,1,115.03
3831,175,2,114.98
8502,358,1,114.98
11785,1352,2,114.96
681,737,1,114.93
19033,134,2,114.92
5004,1722,1,114.87
16408,986,2,114.79
2209,631,1,114.78
12049,436,2,114.77
3744,62,2,114.75
14661,827,2,114.7
10763,919,1,114.67
7781,174,1,114.67
11673,1936,2,114.66
4215,243,2,114.65
2112,195,2,114.63
15971,8,3,114.63
4688,302,1,114.58
18043,830,2,114.54
10314,1031,1,114.54
13984,1771,1,114.54
19828,1481,1,114.54
13979,470,1,114.44
8572,876,2,114.4
3278,758,1,114.39
8359,23,2,114.35
6596,1273,1,114.31
3238,980,1,114.29
11189,866,1,114.25
2353,1091,2,114.24
19968,445,2,114.24
10019,993,1,114.23
12389,80,1,114.2
9771,821,3,114.19
7166,412,1,114.18
14518,933,2,114.18
5128,193,3,114.16
8004,1801,2,114.09
19316,658,3,114.03
15276,37,3,113.99
19380,875,2,113.98
17167,234,2,113.97
18671,640,1,113.95
911,626,1,113.93
2659,42,2,113.93
9085,337,1,113.82
18715,1487,2,113.81
4368,1019,2,113.79
8432,1349,1,113.77
11466,978,2,113.77
11869,765,2,113.77
1035,1270,2,113.72
17294,52,2,113.72
2984,620,2,113.61
13566,1251,1,113.6
13727,1266,1,113.56
7773,1388,1,113.56
8503,1792,1,113.56
18622,357,3,113.55
19345,1196,2,113.55
2813,1238,1,113.43
10143,1954,1,113.43
13981,1159,1,113.31
17081,2050,1,113.27
18557,330,1,113.27
711,1618,1,113.27
15203,468,1,113.24
10563,2070,1,113.21
11440,1006,2,113.2
6120,822,2,113.19
7177,27,3,113.15
5425,248,1,113.12
12021,336,1,113.12
3969,1856,3,113.12
5698,930,1,113.07
9090,364,1,112.97
6227,1723,1,112.95
17858,370,2,112.95
10528,777,2,112.83
2579,1645,2,112.79
827,469,2,112.7
11682,911,2,112.62
19763,1966,1,112.55
3191,1376,1,112.48
4609,385,2,112.47
13798,846,2,112.43
15577,989,1,112.43
17886,813,1,112.4
3965,2109,1,112.38
4587,595,1,112.34
10117,4,3,112.29
2497,604,1,112.21
3200,471,1,112.18
16659,744,2,112.13
12506,1505,1,112.12
15445,1154,1,112.1
990,553,2,112.07
11047,986,2,112.07
13236,1857,3,112.01
16304,631,2,112.01
7376,1029,2,112.01
16585,857,1,112.0
192,1691,1,112.0
8464,529,3,111.98
602,933,1,111.97
1219,507,2,111.97
15802,1931,1,111.97
7768,787,3,111.95
1899,1102,1,111.95
18656,633,2,111.92
10258,205,4,111.92
11063,1358,1,111.92
14067,1679,2,111.88
18532,775,2,111.85
7475,665,2,111.84
3457,1432,1,111.81
17438,1304,2,111.79
13559,357,3,111.76
2342,1868,1,111.75
2894,885,1,111.75
1598,182,2,111.74
13545,1310,1,111.74
2241,1917,1,111.71
3947,713,2,111.68
1118,1451,1,111.59
1849,522,2,111.58
18258,112,3,111.56
11705,607,3,111.56
16872,352,2,111.54
2882,82,2,111.46
16992,2102,1,111.42
6853,1384,1,111.42
1832,629,1,111.41
4197,337,1,111.38
18391,225,1,111.38
17896,480,3,111.35
1939,1460,2,111.3
10661,184,2,111.17
782,37,2,111.16
6686,943,1,111.09
13211,1616,1,111.07
3302,1495,1,111.06
4862,62,3,111.06
3686,869,2,111.05
1992,1210,1,111.03
6309,596,3,111.03
2128,157,2,111.02
9044,911,2,111.01
19231,1349,1,110.99
4425,1217,2,110.97
9605,480,1,110.88
6331,593,1,110.84
2858,379,1,110.84
3894,309,1,110.84
10905,2083,1,110.84
14334,1027,1,110.84
17488,1452,1,110.84
14577,211,1,110.79
11672,588,2,110.77
5678,1661,1,110.74
2045,267,2,110.72
15720,1544,2,110.72
7555,1765,1,110.69
13081,1655,2,110.69
2340,463,1,110.69
16519,12,2,110.68
13216,55,2,110.66
17695,691,2,110.64
527,1414,2,110.59
7672,1085,1,110.57
17465,809,2,110.55
19211,1666,1,110.51
2351,975,2,110.48
2551,640,2,110.48
17668,2103,1,110.46
8734,1029,1,110.41
16586,1685,1,110.4
17175,446,1,110.36
7369,1003,2,110.36
373,251,1,110.36
15506,20,3,110.32
16545,145,2,110.26
10040,1037,1,110.25
19623,428,1,110.22
4402,789,1,110.16
9046,1253,2,110.15
8016,606,1,110.14
9978,775,2,110.12
16344,1594,1,110.08
3450,73,1,110.04
4331,1613,1,110.04
9318,677,2,110.02
9645,909,2,110.02
1711,551,2,110.0
12102,480,2,109.96
11821,435,2,109.95
2549,1225,2,109.95
1473,432,3,109.92
1858,1455,1,109.92
13706,1416,1,109.92
7655,241,1,109.91
13550,1346,2,109.89
1462,1690,1,109.86
17105,1208,1,109.8
14894,1313,2,109.78
16066,714,2,109.78
9452,173,1,109.78
1788,1469,1,109.77
3365,203,3,109.77
13286,1257,1,109.76
1248,1932,1,109.74
18456,265,2,109.72
18989,102,1,109.71
3725,754,2,109.65
4171,371,3,109.63
2113,1021,2,109.61
4250,477,2,109.59
4170,46,2,109.52
3905,1844,1,109.49
18203,160,3,109.49
6995,1336,1,109.49
8735,544,1,109.49
15186,2108,1,109.48
10940,1550,1,109.44
13018,940,2,109.44
16294,499,1,109.41
16099,1849,2,109.37
4556,45,2,109.34
2411,1642,1,109.33
11017,391,1,109.33
9019,38,2,109.31
6825,762,2,109.27
14537,408,1,109.25
1641,1307,1,109.25
7324,449,1,109.17
9803,910,1,109.17
7787,64,1,109.16
2761,1638,1,109.16
11495,1935,1,109.16
4255,1205,2,109.1
6203,1397,2,109.08
18513,684,2,109.08
682,272,1,109.01
1179,1536,1,109.01
18843,472,2,108.98
18806,1703,1,108.95
5452,930,1,108.94
1124,713,2,108.89
14106,605,1,108.88
6225,597,2,108.87
8509,1919,1,108.82
14746,406,1,108.81
2651,892,2,108.8
1701,1440,1,108.71
1777,6,2,108.71
18693,2014,1,108.7
16437,1917,1,108.64
13128,499,2,108.56
4738,9,3,108.54
7962,716,2,108.52
11926,249,2,108.51
10160,55,1,108.41
1960,1964,2,108.41
17061,712,3,108.41
4071,1391,1,108.34
2524,1774,2,108.3
5025,1174,1,108.24
8086,838,2,108.2
15261,1142,1,108.19
15966,450,1,108.17
16216,419,1,108.17
16243,1969,1,108.17
18959,1117,1,108.17
879,1005,1,108.17
4502,760,1,108.17
11746,953,1,108.17
3199,1169,2,108.16
4646,869,1,108.09
10956,151,2,108.07
18172,250,1,108.06
3721,2038,1,108.05
13066,26,1,108.0
16730,836,2,107.99
13037,918,2,107.93
10883,249,2,107.83
13851,1143,2,107.78
12745,1928,2,107.67
15091,1246,2,107.66
19017,1158,3,107.65
8767,1094,2,107.64
3500,847,2,107.6
12125,728,2,107.59
16376,132,4,107.57
16125,1761,1,107.56
16881,280,1,107.54
922,1872,1,107.54
1158,526,1,107.54
8928,1592,1,107.54
9248,1048,1,107.54
15181,1924,1,107.5
8259,104,2,107.49
5593,758,1,107.42
7124,1530,1,107.31
16927,1308,2,107.31
8131,2104,2,107.3
6934,122,2,107.28
2636,1,2,107.27
12917,181,2,107.2
6796,2062,1,107.18
9474,191,1,107.15
13917,273,1,107.15
18219,1271,1,107.15
1511,1674,1,107.15
3023,1275,1,107.09
11324,690,1,107.06
9620,44,3,107.01
12619,1348,1,106.96
2890,1779,1,106.94
15521,1724,1,106.94
13053,719,2,106.92
4490,1667,2,106.92
8319,293,2,106.86
11217,339,2,106.85
5051,720,1,106.83
9840,594,2,106.82
6286,1442,2,106.79
3797,660,2,106.78
13078,130,2,106.69
5729,110,1,106.69
19823,1157,1,106.64
13198,772,2,106.63
11730,203,2,106.62
1983,459,3,106.61
17382,716,2,106.6
6811,86,2,106.58
13605,987,2,106.48
6221,167,2,106.46
17439,725,2,106.44
18977,1293,2,106.43
6285,1663,1,106.43
15336,1828,1,106.41
10360,406,2,106.37
5119,83,3,106.36
14973,1577,2,106.33
9831,935,2,106.31
2479,547,1,106.28
3058,379,3,106.27
16140,2103,1,106.24
11812,923,1,106.21
14558,1098,2,106.21
17939,567,2,106.16
15755,77,2,106.15
16484,1198,1,106.08
12773,212,3,106.08
1726,479,1,106.02
3564,1204,1,106.02
1245,567,2,106.01
17555,429,2,105.98
3792,100,2,105.93
13410,376,2,105.93
7636,2111,1,105.93
5552,525,2,105.92
7060,1149,2,105.88
7528,1409,2,105.82
8393,637,2,105.81
19504,906,2,105.77
512,887,1,105.76
9983,838,1,105.76
3878,1981,1,105.73
3356,624,1,105.68
14174,392,2,105.68
5387,882,1,105.68
6199,2112,1,105.68
7061,1364,1,105.68
14580,471,2,105.66
17708,2090,2,105.65
11273,835,2,105.54
14651,1903,1,105.52
7052,1407,3,105.51
15497,1049,1,105.49
10623,1080,2,105.38
9930,1761,1,105.35
7658,719,2,105.34
14367,239,1,105.32
13931,67,1,105.31
10958,88,2,105.2
16229,1885,1,105.17
18937,206,1,105.15
6870,630,1,105.13
14073,2030,1,105.12
225,368,2,105.11
16898,332,2,105.1
2743,1212,1,105.08
13516,1328,1,105.07
14406,212,1,104.97
106,733,2,104.95
11751,1079,2,104.93
5009,491,1,104.91
2465,1053,1,104.87
2822,89,2,104.87
5788,103,2,104.86
6962,216,2,104.86
6139,252,2,104.85
15405,448,2,104.84
9156,742,2,104.76
18738,203,1,104.75
18913,528,1,104.72
6197,1334,2,104.72
11024,1233,1,104.72
19898,498,2,104.69
4702,1114,1,104.66
17562,443,1,104.63
19225,354,2,104.6
2704,327,1,104.6
4948,410,1,104.6
8495,343,1,104.58
13337,1887,1,104.55
2814,1135,2,104.54
15852,1999,1,104.47
13072,523,3,104.44
8701,1064,1,104.42
6441,515,2,104.41
15817,1808,1,104.4
16513,2066,1,104.4
6289,1065,2,104.38
13075,506,2,104.31
10230,399,3,104.29
3910,237,2,104.29
19787,1733,1,104.25
18725,1209,1,104.23
7630,1362,1,104.23
8797,1458,1,104.22
14527,907,2,104.12
8566,357,1,104.07
19058,74,2,104.04
3847,1184,1,104.04
5483,1828,1,104.0
9274,945,1,103.99
6544,750,2,103.94
13586,1358,1,103.91
5878,1301,2,103.82
11102,113,3,103.81
15691,514,2,103.78
7587,762,3,103.7
18897,809,2,103.69
13496,1531,1,103.69
18702,327,2,103.67
6175,968,1,103.66
5682,538,1,103.65
11774,1360,1,103.65
12225,712,1,103.62
4154,1767,1,103.62
19405,1037,1,103.62
17115,1099,1,103.53
2019,950,2,103.51
4293,975,2,103.45
19110,279,2,103.41
576,1694,1,103.4
4175,629,3,103.35
2998,357,2,103.3
16056,1002,2,103.3
19216,153,1,103.27
4943,1284,2,103.27
13572,1444,1,103.14
18655,703,2,103.12
17854,608,1,103.04
13119,1132,1,103.04
13182,1071,1,103.04
13484,2112,1,103.04
8489,1261,2,103.04
8620,704,1,103.03
17586,623,2,102.99
3819,16,1,102.97
7112,754,1,102.92
6088,1879,1,102.9
12569,532,2,102.86
8458,7,2,102.84
2486,402,2,102.8
16908,8,2,102.78
8624,937,3,102.75
11968,1473,1,102.7
17870,624,2,102.68
4387,663,1,102.67
18057,1183,1,102.66
10800,103,2,102.59
9549,459,1,102.58
17738,1050,1,102.53
4956,316,1,102.5
10418,1492,1,102.48
7568,2082,1,102.45
6420,83,1,102.4
8219,412,2,102.39
4037,463,1,102.3
17617,647,1,102.26
17807,2064,1,102.24
4815,631,1,102.13
712,762,1,102.08
15587,420,1,102.08
14242,1274,2,102.04
1346,1626,1,102.01
9851,1443,1,102.01
7185,707,3,102.0
9349,705,2,101.98
15308,1897,1,101.89
18559,1708,1,101.89
1528,1777,1,101.89
6061,215,2,101.88
2107,352,2,101.87
19136,707,1,101.8
7565,1658,2,101.76
16937,209,3,101.74
9374,2123,1,101.72
18010,1925,1,101.71
19330,960,1,101.67
8711,904,1,101.67
14387,1728,1,101.67
11845,463,1,101.63
1589,584,2,101.6
3189,730,1,101.56
5722,21,1,101.54
17297,952,1,101.54
577,1019,1,101.52
9917,1571,2,101.5
9376,1876,1,101.48
16873,1764,1,101.45
19230,847,2,101.44
7,1146,2,101.4
4946,2011,1,101.37
14644,1259,1,101.37
8859,149,2,101.26
9204,869,2,101.26
2043,1608,1,101.26
15392,1782,1,101.21
18160,332,1,101.16
14844,1896,1,101.14
3907,323,2,101.14
2455,364,1,101.12
18804,1264,2,101.12
133,1266,1,101.1
3029,981,3,101.05
6290,837,1,101.03
17245,896,1,100.95
10720,293,3,100.89
11354,1688,1,100.88
1203,14,1,100.88
3897,1034,1,100.88
2879,921,2,100.84
12978,1921,2,100.84
2533,1108,1,100.72
7716,1110,1,100.67
3959,894,1,100.6
4551,322,1,100.6
13615,1393,2,100.57
6367,219,2,100.54
13609,873,1,100.53
10682,473,3,100.45
15252,1013,2,100.38
15675,1399,1,100.37
3184,1393,1,100.37
2195,1336,2,100.32
16015,1852,1,100.3
16363,904,1,100.3
12668,78,2,100.27
8026,1247,1,100.23
6723,1360,3,100.22
1365,10,1,100.17
14104,353,2,100.14
13339,673,1,100.11
4483,1019,2,100.11
13970,1045,1,100.08
224,36,1,100.07
17237,2095,1,100.07
1420,1678,1,100.05
2777,1624,1,100.05
10306,1335,1,100.05
1524,366,1,100.04
1669,1055,1,100.04
8125,1843,1,99.96
16375,419,3,99.92
8648,1425,2,99.88
8956,561,1,99.87
12202,1912,1,99.82
14313,2042,1,99.82
9410,1433,1,99.79
13876,673,2,99.76
3312,1602,1,99.76
3844,582,2,99.74
18708,1321,1,99.72
16443,955,1,99.7
12590,1180,2,99.66
10343,1183,1,99.64
17362,1285,1,99.62
11152,512,2,99.6
7427,1749,2,99.59
17116,1461,1,99.51
7008,441,3,99.5
575,1427,1,99.48
19799,1764,2,99.46
18462,787,2,99.46
8388,180,3,99.42
16248,172,2,99.41
10586,1115,2,99.4
12449,1076,2,99.38
6399,1531,1,99.35
19537,1923,1,99.34
796,1693,2,99.18
2292,1140,2,99.17
2326,1120,1,99.14
17649,1830,1,99.14
16383,400,3,99.13
17195,69,2,99.13
4486,1408,1,99.12
15159,1736,1,99.09
16503,1031,2,99.09
5688,1428,2,99.09
8430,0,1,99.02
7574,1554,2,99.01
6178,382,1,98.99
10919,1571,1,98.99
15514,682,1,98.99
17420,858,1,98.99
2070,168,3,98.95
17475,687,1,98.93
10793,1681,2,98.92
2466,98,4,98.9
9034,1690,1,98.9
13972,661,1,98.84
16557,967,1,98.79
15772,1073,2,98.77
17707,361,2,98.75
10579,1538,1,98.75
8105,2110,1,98.74
6650,197,1,98.68
13498,1209,2,98.68
8299,824,3,98.6
18309,1063,1,98.6
4121,649,2,98.54
17623,1213,1,98.5
5676,1877,2,98.4
5982,1263,1,98.34
1882,1965,1,98.34
8302,1749,2,98.33
2676,248,2,98.22
10210,1482,1,98.21
12302,615,1,98.19
16400,837,2,98.16
19622,140,2,98.15
17797,610,1,98.09
3021,1299,2,98.08
4579,974,1,98.01
12663,269,3,98.0
16215,968,1,97.95
9512,620,1,97.95
19797,1921,1,97.95
1441,852,1,97.95
11033,1331,2,97.92
13699,133,1,97.91
356,1469,1,97.89
2400,1550,1,97.86
8357,459,1,97.86
13647,803,2,97.83
19327,1040,1,97.81
11703,526,1,97.78
16106,705,2,97.69
7445,561,2,97.69
6406,1980,1,97.68
13827,954,1,97.68
2595,2127,1,97.67
5298,90,2,97.62
6059,839,1,97.62
13094,1332,2,97.6
271,571,2,97.51
14483,807,2,97.49
11405,130,2,97.48
10960,146,2,97.47
2702,1011,2,97.46
18474,276,2,97.45
715,327,1,97.43
19174,586,1,97.41
13478,896,2,97.39
18891,981,1,97.38
57,803,1,97.38
1273,2046,1,97.38
4995,765,1,97.38
4769,1851,1,97.33
3643,36,1,97.31
466,480,2,97.3
19584,754,1,97.3
19753,1154,2,97.27
2867,502,3,97.25
8275,1515,2,97.21
8911,34,3,97.17
10224,1433,1,97.12
18502,1448,1,97.05
12035,147,2,97.04
4299,960,2,97.04
14895,12,2,97.03
14222,566,2,97.02
15111,527,1,96.96
5828,2130,1,96.96
9315,761,1,96.96
3653,789,1,96.96
10915,91,2,96.89
11975,479,1,96.87
5568,816,1,96.87
17787,1195,2,96.86
3570,1497,1,96.81
3106,280,2,96.78
10726,1597,1,96.78
4113,319,2,96.74
4221,2043,1,96.72
5413,1284,1,96.67
17913,1473,1,96.57
2425,1318,1,96.56
1403,626,1,96.53
9635,550,1,96.53
15876,1261,2,96.52
18153,597,1,96.51
248,69,1,96.51
17877,1597,1,96.48
8907,944,2,96.48
16526,89,3,96.47
7838,665,1,96.42
11317,825,1,96.35
18417,1156,1,96.34
16510,566,1,96.3
14889,949,1,96.29
10501,1362,3,96.28
10480,743,1,96.21
6501,978,1,96.21
8827,2097,1,96.18
1721,1761,2,96.09
3778,122,2,96.06
11602,814,1,96.06
10786,379,1,96.04
16190,1094,2,96.04
7014,1485,1,96.03
1269,1719,2,96.01
16345,1305,1,96.0
5546,717,1,95.95
2940,1504,2,95.93
11119,1193,2,95.9
1781,1562,1,95.83
13450,639,3,95.8
10296,1995,1,95.79
7467,252,1,95.77
11310,146,3,95.75
12017,586,1,95.69
13388,692,2,95.66
871,80,1,95.66
979,656,2,95.6
12553,1791,1,95.6
11407,32,2,95.58
12081,1232,1,95.58
16205,842,1,95.56
17416,307,3,95.49
14160,706,2,95.46
1356,1594,1,95.46
12153,1077,2,95.42
12758,1294,1,95.39
3216,1852,1,95.36
3928,762,2,95.31
18601,1510,2,95.28
15149,1095,1,95.23
17716,348,1,95.23
19702,277,2,95.23
11646,112,1,95.19
14818,1463,1,95.09
2789,1045,2,95.08
9790,11,2,95.08
6840,1173,1,95.07
8222,330,2,95.04
11938,770,1,95.03
4741,924,2,95.02
10206,1057,1,94.97
10741,430,1,94.97
19166,1288,1,94.97
15230,891,1,94.95
11361,179,4,94.95
726,1746,1,94.91
5295,1747,1,94.91
12279,838,1,94.9
18724,401,2,94.87
18503,1827,1,94.83
11527,324,2,94.8
3086,240,1,94.8
4046,1101,1,94.79
11449,499,2,94.79
2228,1429,1,94.77
14830,529,1,94.76
8120,1109,2,94.71
2100,783,1,94.7
17762,1164,2,94.69
19338,1582,1,94.68
6880,132,1,94.68
14349,2107,1,94.68
7882,630,1,94.64
1929,1152,3,94.58
17594,316,1,94.57
12771,1909,1,94.56
8728,1549,1,94.53
15752,2061,1,94.49
450,1396,1,94.48
17944,871,2,94.44
5717,690,1,94.4
5996,251,2,94.33
1985,827,1,94.32
4005,1002,1,94.32
19065,99,2,94.32
7867,12,1,94.31
10790,123,1,94.29
12829,1372,4,94.29
1224,1880,1,94.29
930,1232,1,94.24
13340,1086,1,94.2
8262,995,1,94.14
16039,1860,1,94.14
7548,296,2,94.13
9414,561,2,94.11
7577,62,2,94.1
8271,234,2,94.09
13335,221,2,94.06
5749,1610,2,94.03
6963,667,2,94.03
12704,793,1,94.01
2928,1165,2,93.94
2678,246,1,93.93
3454,317,1,93.93
19589,1541,1,93.93
4067,1582,1,93.9
4689,1913,1,93.9
12079,1444,1,93.9
8762,1089,2,93.88
789,600,2,93.88
7226,119,3,93.87
10036,1848,1,93.84
6952,1200,1,93.76
13267,607,1,93.74
4107,1522,2,93.71
6153,313,1,93.68
7814,650,2,93.63
582,969,1,93.61
13021,213,1,93.6
12069,1738,1,93.58
9430,2039,1,93.58
18883,1117,2,93.46
11732,1927,1,93.45
3890,1017,1,93.45
1325,1045,2,93.44
6016,667,2,93.33
14791,299,2,93.31
15204,1898,1,93.31
17441,174,2,93.3
2630,33,3,93.3
4498,864,1,93.29
16130,44,2,93.29
11691,827,2,93.26
13156,1062,2,93.26
1041,1006,1,93.25
16559,1445,2,93.23
13939,1862,2,93.22
8190,954,2,93.22
6735,1649,1,93.2
7213,520,1,93.2
16390,1072,1,93.18
17557,674,1,93.17
6599,676,2,93.17
18496,1293,1,93.13
18508,299,1,93.13
11264,1988,1,93.13
7730,1562,1,93.07
12864,498,2,92.98
2977,135,1,92.95
307,702,1,92.93
11893,398,3,92.9
3698,413,2,92.89
7915,1097,1,92.85
7200,1739,1,92.82
16715,357,3,92.82
13893,1966,2,92.81
5381,1585,2,92.79
10190,631,3,92.76
4660,1625,3,92.76
4459,1162,1,92.73
2792,687,1,92.65
3624,617,2,92.63
17370,1464,1,92.6
19284,1753,1,92.6
9613,1743,1,92.56
9537,867,1,92.53
6488,315,1,92.51
9026,1243,1,92.51
16225,1882,2,92.51
1225,199,3,92.5
788,204,2,92.48
6575,612,2,92.43
17471,1679,2,92.42
7350,722,1,92.31
7034,477,1,92.3
8887,1089,1,92.3
11270,1235,2,92.3
5613,1265,2,92.28
5287,27,2,92.26
13243,2060,1,92.22
13049,1587,1,92.2
10004,166,2,92.2
15352,339,1,92.16
19291,390,2,92.14
16521,883,1,92.13
13104,350,1,92.13
3100,850,2,92.12
1605,25,1,92.11
13116,1034,1,92.11
18877,644,1,92.11
5636,461,3,92.1
16704,2102,1,92.01
14981,170,1,91.99
9821,1860,1,91.99
7428,1159,2,91.95
18048,1337,1,91.95
19304,1084,1,91.93
12955,142,2,91.88
3063,610,2,91.86
18445,1701,2,91.77
15021,90,1,91.76
18137,1827,1,91.76
4719,526,1,91.76
6574,920,1,91.76
17430,1685,1,91.74
13705,1293,1,91.74
11363,112,2,91.69
2138,1694,2,91.68
3508,900,1,91.68
4412,1064,2,91.65
4466,862,1,91.63
4504,1837,1,91.63
6478,1665,1,91.56
6113,308,1,91.52
14038,696,1,91.52
10310,320,1,91.51
4957,933,1,91.41
9158,937,2,91.38
11545,1968,2,91.36
3080,781,2,91.31
14176,404,2,91.24
15865,647,1,91.21
9898,1739,1,91.19
10849,795,2,91.18
11331,144,2,91.18
12320,1857,1,91.16
12422,133,3,91.15
751,1841,1,91.14
4837,1294,1,91.12
6354,2109,1,91.09
18552,150,3,91.07
3828,562,2,91.05
59,1341,1,91.02
1121,501,2,91.0
15031,1353,1,91.0
10768,1042,1,90.99
2273,608,2,90.96
19521,201,1,90.96
9909,1099,1,90.91
15439,606,1,90.91
2371,1493,2,90.89
5847,50,2,90.87
1289,1015,1,90.81
151,1373,1,90.75
12610,646,2,90.74
13330,791,2,90.74
14309,1321,1,90.74
9420,984,1,90.74
12086,999,1,90.72
16798,37,2,90.71
11266,1723,1,90.67
11425,1010,2,90.58
13594,2039,1,90.58
16296,580,1,90.58
7362,1979,1,90.58
8360,1425,1,90.53
4518,508,1,90.53
13590,1245,2,90.48
272,722,1,90.44
9054,436,1,90.39
14585,1821,1,90.38
12617,1972,1,90.36
2871,1199,1,90.36
17388,876,1,90.33
3767,6,2,90.32
6379,1892,1,90.31
12823,1647,1,90.3
8815,819,2,90.29
17528,76,2,90.27
2488,250,2,90.21
4720,281,2,90.2
10910,1686,1,90.16
5844,1357,1,90.16
16569,1571,1,90.15
10949,1019,1,90.15
8167,1538,1,90.13
3087,478,2,90.13
8060,103,2,90.08
3726,729,3,90.05
10468,63,2,90.05
2307,1068,1,90.02
2274,1591,2,89.89
17066,1585,2,89.89
10573,1800,1,89.88
13425,1957,1,89.86
9633,992,2,89.77
2833,465,2,89.75
15380,572,1,89.62
7179,239,2,89.58
12350,120,1,89.57
1029,282,1,89.53
2535,492,1,89.52
3240,1332,1,89.51
4683,353,2,89.51
5770,227,1,89.51
8180,91,2,89.51
17657,363,2,89.5
11982,1829,1,89.47
16584,1067,3,89.37
14970,1493,1,89.33
19354,43,1,89.26
10951,981,2,89.26
7704,60,2,89.25
7272,1980,1,89.21
9416,1247,2,89.2
9342,192,2,89.16
3159,1145,2,89.14
10964,1078,2,89.11
14703,68,2,89.04
19947,714,1,89.04
312,335,2,89.04
2840,405,2,89.02
8586,568,1,88.95
6669,206,2,88.94
7367,667,2,88.92
15886,645,3,88.87
14472,1954,1,88.87
15637,251,2,88.84
3407,1352,1,88.82
2522,1149,1,88.79
3712,2119,1,88.78
1815,754,1,88.74
18308,1237,1,88.74
11905,126,1,88.74
7361,723,1,88.74
1161,1538,2,88.73
6477,256,2,88.69
14753,805,2,88.67
18369,205,2,88.64
18299,587,3,88.63
18757,894,1,88.62
11633,1083,2,88.61
19449,90,2,88.6
16445,1889,1,88.59
9934,1268,1,88.59
7638,129,1,88.54
10393,357,1,88.54
8193,1770,1,88.52
14794,379,1,88.46
12916,1461,1,88.46
837,1332,2,88.42
4545,2054,1,88.38
12901,1642,1,88.35
15354,27,2,88.34
323,947,2,88.31
18406,630,1,88.29
15432,411,1,88.21
4487,348,2,88.2
14673,517,2,88.18
17855,943,2,88.15
19746,164,1,88.07
15301,535,2,88.06
7931,998,3,88.05
16217,309,2,88.04
1505,1739,2,88.0
14707,1601,1,87.99
4268,709,1,87.96
17340,1052,1,87.93
16392,616,1,87.89
1446,722,2,87.87
9217,382,3,87.85
8931,250,1,87.84
14465,1497,1,87.84
9463,275,2,87.81
15592,1151,2,87.81
3598,583,3,87.8
3374,474,1,87.77
4739,101,2,87.75
5197,489,1,87.71
8245,308,2,87.71
10212,1742,1,87.7
10451,828,1,87.59
8752,2035,1,87.56
13579,285,2,87.54
11463,1584,1,87.53
17688,386,1,87.51
8646,542,2,87.46
4777,1648,1,87.46
298,221,2,87.45
1008,455,1,87.31
3180,280,1,87.31
3573,1651,1,87.31
17455,1196,1,87.26
5368,1321,1,87.26
6015,75,1,87.24
10083,319,2,87.24
5933,98,2,87.22
306,1318,1,87.06
5185,1076,1,87.06
19846,1928,1,87.06
10530,1588,2,87.06
11613,203,2,87.06
17324,52,2,87.04
15156,530,1,87.03
18948,1289,1,86.99
14636,367,2,86.98
6058,1887,1,86.95
1281,1037,2,86.95
7871,1379,1,86.88
6498,916,2,86.85
3981,206,2,86.84
670,347,2,86.82
19870,1396,2,86.82
14226,455,3,86.8
9444,1473,1,86.79
2979,709,1,86.69
1039,1651,3,86.62
14777,791,2,86.61
6408,1606,1,86.58
5586,71,4,86.52
6937,647,2,86.48
8207,481,1,86.46
12280,518,2,86.43
15071,309,2,86.41
13697,742,1,86.37
5228,856,1,86.36
2364,1560,2,86.35
4080,674,2,86.23
5975,1180,2,86.17
8424,847,1,86.16
12972,1047,1,86.15
18536,652,2,86.13
16602,538,2,86.04
14993,2050,1,85.97
7879,193,1,85.96
13695,1830,1,85.93
14289,515,3,85.91
18001,267,1,85.89
15716,927,3,85.83
10243,198,1,85.79
13458,33,2,85.76
13744,1948,1,85.72
16290,1563,1,85.68
5804,440,1,85.68
11499,126,2,85.67
17894,1701,1,85.66
12033,1192,1,85.63
6360,845,1,85.63
4398,159,2,85.58
12632,1326,1,85.55
13001,1531,1,85.54
13935,1907,1,85.54
6665,384,1,85.51
15496,671,1,85.49
16436,2082,1,85.49
17188,1530,1,85.49
9700,917,2,85.48
18721,1314,2,85.44
19881,445,2,85.32
11763,1754,1,85.32
16014,169,1,85.28
27,683,2,85.27
16817,331,2,85.2
8447,763,2,85.19
10085,491,3,85.17
8686,249,1,85.16
16373,1694,1,85.16
9071,380,1,85.14
14278,104,3,85.13
19628,60,2,85.13
12128,1159,1,85.11
12425,1869,2,85.11
3886,767,1,85.09
16947,842,1,85.09
19221,219,1,85.09
15780,589,2,85.05
4947,1274,2,85.01
8165,1322,2,84.99
3336,1439,1,84.94
9823,97,2,84.9
400,507,1,84.89
16759,617,2,84.84
16590,1994,1,84.83
18598,168,2,84.78
5325,547,2,84.7
18415,811,1,84.68
18450,104,1,84.67
5303,362,2,84.6
6680,575,2,84.55
16860,806,1,84.54
16894,1,1,84.52
2051,1101,2,84.47
9390,1007,1,84.46
9703,610,2,84.45
4597,1963,1,84.45
9994,1620,2,84.4
14426,976,1,84.4
928,173,3,84.36
11560,428,1,84.34
538,2073,1,84.31
11800,1508,1,84.29
2978,1029,2,84.27
10232,133,2,84.25
19738,597,1,84.23
19796,1643,2,84.2
7549,1411,1,84.1
2295,317,1,84.08
15633,600,3,84.05
2748,105,2,84.03
3474,1662,2,84.03
1017,38,2,84.02
6534,774,2,84.01
13997,840,2,83.89
2423,1797,2,83.86
5139,790,1,83.82
9200,248,1,83.8
6588,1193,1,83.75
5417,558,1,83.73
7723,166,1,83.73
15685,219,1,83.73
5113,1738,1,83.73
17169,254,2,83.67
5913,1914,1,83.63
6863,1395,1,83.62
18224,1046,2,83.62
6117,876,2,83.61
9631,1739,2,83.59
9387,1849,1,83.56
14237,367,1,83.52
6196,1927,1,83.49
14831,1124,2,83.43
5534,1492,1,83.38
14607,668,1,83.38
17474,61,2,83.36
10650,1208,1,83.31
3248,1072,1,83.31
10577,80,2,83.27
6141,801,1,83.26
13859,1781,1,83.11
12597,599,1,83.1
12137,188,1,83.08
15346,417,2,83.08
2424,970,1,83.07
11252,1312,1,83.06
7069,1534,1,83.06
17873,1410,1,83.01
11809,449,1,82.92
19453,996,1,82.92
13519,948,1,82.91
14042,1692,1,82.91
465,183,2,82.91
6802,1276,1,82.91
2944,1615,1,82.89
5196,134,2,82.86
15699,943,2,82.81
9784,1618,1,82.74
19706,281,2,82.7
6069,1987,2,82.67
8488,44,2,82.63
12312,44,1,82.61
14838,833,1,82.48
15594,771,1,82.47
17035,925,1,82.47
227,2017,1,82.47
7242,1054,3,82.45
13384,537,1,82.42
3081,979,1,82.41
18447,1175,1,82.41
18464,1192,1,82.39
12510,153,1,82.39
13710,1890,1,82.39
9328,575,1,82.39
5464,564,2,82.29
9819,767,1,82.29
12070,142,3,82.29
12518,1171,2,82.29
15369,1216,2,82.27
18828,661,1,82.27
15003,170,3,82.26
7746,1144,1,82.25
19233,252,3,82.24
1694,698,2,82.23
14256,399,2,82.09
14743,752,1,82.08
16422,358,1,82.08
11186,1366,1,82.05
8635,276,1,82.03
6956,484,2,82.02
15055,762,1,82.02
12367,1721,1,82.0
8664,573,1,82.0
15455,1171,1,81.98
19693,1626,1,81.98
11430,2007,1,81.98
2652,1996,1,81.92
3531,115,1,81.92
14589,2013,1,81.88
5386,458,1,81.88
8542,671,1,81.87
16764,1395,1,81.87
3341,1837,1,81.87
1729,1263,1,81.86
18362,1634,1,81.84
9004,352,3,81.84
14639,355,3,81.82
5631,859,1,81.79
16477,1814,1,81.79
4016,1532,1,81.79
15491,948,1,81.76
179,1034,1,81.7
17102,58,2,81.66
3655,841,1,81.63
14392,1635,1,81.58
2201,522,1,81.56
1425,1950,1,81.5
258,2130,1,81.48
6689,807,2,81.42
3658,368,2,81.41
7975,170,2,81.35
19548,717,2,81.3
4528,1267,1,81.26
10039,1993,1,81.23
6716,2006,1,81.22
18838,886,2,81.18
13506,197,3,81.16
3225,223,2,81.15
2588,1542,1,81.14
5705,370,1,81.14
9402,436,1,81.14
5935,2077,1,81.13
8524,1108,1,81.13
9546,172,1,81.13
9665,218,1,81.13
18459,1476,1,81.13
11491,1236,1,81.12
3194,208,1,81.1
10677,16,1,81.09
10297,1396,2,80.99
4327,1086,2,80.97
13238,525,1,80.96
5558,924,2,80.86
9708,1218,1,80.86
6561,751,1,80.85
9239,1141,2,80.84
3683,323,3,80.77
7844,537,2,80.76
5238,1317,2,80.71
4415,1074,1,80.62
19183,289,1,80.61
18347,1186,1,80.59
18756,41,1,80.58
5611,117,2,80.57
10018,2106,1,80.54
10632,1190,1,80.54
1981,733,1,80.54
8741,2127,1,80.49
14394,836,1,80.49
14393,472,1,80.47
5817,896,2,80.31
5591,415,1,80.28
16983,757,1,80.25
6385,592,2,80.24
4335,1898,1,80.22
14413,1394,1,80.2
15924,599,1,80.15
15957,410,1,80.11
978,1112,1,80.11
2619,1328,1,80.11
6758,1622,1,80.09
7087,1794,1,80.06
9977,1764,1,80.04
12667,52,1,79.98
11089,1004,1,79.83
11382,518,1,79.83
19908,1658,1,79.83
15037,1315,1,79.83
15082,2038,1,79.83
18752,2049,1,79.83
2220,570,2,79.81
15967,31,1,79.77
7868,1121,1,79.74
2179,2021,1,79.72
8864,1130,1,79.7
12752,196,3,79.7
19627,208,2,79.67
14538,749,2,79.65
6645,309,2,79.62
650,1658,1,79.62
2899,1251,1,79.62
15984,1236,2,79.55
6656,1091,1,79.52
7900,647,2,79.52
3743,941,2,79.47
3713,1076,2,79.45
4745,1137,1,79.45
9903,6,1,79.45
10192,196,1,79.45
12551,711,1,79.45
14451,35,1,79.45
5265,403,2,79.4
6305,1220,1,79.37
19867,2095,1,79.32
10109,1609,2,79.28
19900,1811,1,79.26
16742,1792,1,79.25
6674,936,3,79.23
6842,2042,1,79.2
176,205,1,79.2
6712,1560,1,79.19
3739,1148,2,79.16
6450,577,1,79.11
19603,64,2,79.1
5336,456,3,79.08
7156,1459,1,79.06
9526,2046,1,79.06
19205,659,1,79.06
15017,450,1,79.05
12708,1700,1,79.05
1569,164,2,79.05
16831,1842,1,79.04
8337,622,1,79.04
9121,1310,2,79.02
15125,816,1,79.02
15930,1211,1,79.01
3852,760,2,78.97
11737,1823,1,78.93
12396,534,1,78.93
13849,713,2,78.93
9368,204,1,78.93
1171,1974,1,78.92
17349,594,2,78.92
2278,1643,1,78.91
12962,449,2,78.89
6401,656,2,78.85
7198,405,1,78.84
1775,1874,1,78.83
3169,997,1,78.8
13625,336,2,78.8
15118,697,1,78.8
13226,1031,1,78.78
9579,1878,1,78.78
15200,884,1,78.77
15166,392,2,78.74
1637,1105,2,78.73
5069,993,2,78.69
11343,1710,1,78.63
1699,597,3,78.6
8177,660,1,78.58
9621,693,1,78.56
2251,1319,1,78.56
18460,1504,1,78.56
17500,1345,1,78.5
17614,1472,1,78.5
3,1945,1,78.5
951,1949,1,78.5
11735,1613,1,78.5
11813,317,1,78.5
14469,1236,1,78.5
18690,1844,1,78.43
1241,494,2,78.42
8410,1091,1,78.4
13806,620,1,78.32
18790,1641,2,78.31
14009,533,2,78.3
14418,71,3,78.27
10601,1391,2,78.26
3596,962,1,78.24
9230,745,1,78.23
8435,479,2,78.21
10621,576,2,78.19
4061,990,2,78.17
10369,1740,1,78.15
13089,281,1,78.14
14590,963,1,78.14
9001,1327,1,78.14
8892,638,1,78.12
13954,2,1,78.12
13624,800,2,78.1
2366,1998,1,78.1
7338,669,2,78.08
6873,1240,2,78.05
16601,384,1,78.04
9522,236,1,78.01
12001,555,1,77.93
12490,192,1,77.91
7500,2054,1,77.91
8073,926,1,77.91
9671,1554,1,77.91
975,1522,1,77.91
2136,690,1,77.91
16727,48,1,77.91
12107,674,2,77.88
962,360,2,77.87
8823,396,2,77.85
14482,995,2,77.84
3542,308,1,77.81
18895,554,2,77.8
7269,121,2,77.8
9172,1006,1,77.78
8547,483,1,77.72
8867,309,1,77.72
2030,626,1,77.72
3978,1510,1,77.72
12598,1489,1,77.72
17219,334,2,77.69
397,400,2,77.66
3999,862,1,77.63
4105,347,1,77.63
15337,406,1,77.63
18068,1272,1,77.63
14566,206,1,77.63
11105,1744,1,77.58
12337,799,1,77.58
894,1267,1,77.58
9547,417,1,77.58
16496,1853,1,77.58
16812,281,1,77.58
19268,1312,1,77.58
11686,865,2,77.56
13511,608,1,77.5
14824,801,1,77.5
1744,642,1,77.5
6777,476,1,77.45
2586,1212,1,77.4
12902,1069,1,77.38
10920,1586,1,77.37
14744,1071,2,77.37
18484,2108,1,77.36
14840,62,1,77.31
16920,1624,1,77.31
4750,1471,1,77.31
19420,1836,1,77.3
14603,149,1,77.3
11294,313,1,77.27
10566,1352,1,77.26
11918,384,1,77.26
12262,102,1,77.26
12990,232,1,77.26
18037,1177,1,77.26
18079,1415,1,77.26
1107,241,1,77.26
2744,392,1,77.26
6959,1433,3,77.26
14927,601,1,77.25
17799,675,1,77.21
18825,1489,1,77.21
7640,466,1,77.21
6301,191,1,77.2
19779,687,1,77.2
8030,566,2,77.15
11282,250,2,77.15
9736,158,1,77.14
19842,1827,1,77.13
11013,27,2,77.12
19996,1308,1,77.1
932,387,1,77.1
18378,343,1,77.09
19964,1137,2,77.04
14207,260,2,76.95
4267,1972,1,76.9
15838,390,2,76.87
11086,319,1,76.82
8562,0,2,76.8
5495,2071,1,76.71
6567,1626,1,76.66
13677,1573,1,76.66
17627,1180,1,76.66
1337,1663,1,76.66
11008,691,1,76.65
19466,472,1,76.63
5026,1232,3,76.61
10733,226,1,76.6
12015,1173,1,76.6
11790,231,2,76.56
2875,1132,1,76.46
3976,892,1,76.45
4989,1176,1,76.45
17285,1487,2,76.43
7699,1739,1,76.32
17522,1695,1,76.3
13925,1983,1,76.3
18227,939,2,76.29
12919,1288,2,76.22
5204,726,1,76.2
1091,177,3,76.19
3019,474,3,76.18
1108,1258,2,76.16
1908,1027,2,76.15
15975,483,2,76.15
65,721,1,76.11
19083,2127,1,76.08
212,1107,1,76.07
12106,1131,1,76.04
9728,792,2,76.04
3274,345,2,76.02
903,228,2,75.97
3689,312,1,75.95
16136,1851,2,75.95
16775,494,1,75.95
14415,147,1,75.95
10551,801,1,75.93
19227,1383,1,75.93
18088,624,1,75.92
19339,2105,1,75.92
10373,1914,1,75.92
10911,307,1,75.91
13117,492,1,75.91
14191,787,1,75.91
293,1437,1,75.91
1659,55,1,75.91
3362,80,1,75.89
10218,58,2,75.88
4984,1185,1,75.86
16424,1597,2,75.86
17935,1457,2,75.85
16379,599,2,75.84
7739,923,1,75.81
15578,1125,1,75.77
10307,956,2,75.7
19979,777,2,75.65
17377,1040,1,75.61
19167,1886,1,75.61
2809,596,2,75.57
7553,366,1,75.55
4881,511,2,75.49
9837,689,2,75.48
4461,1891,1,75.47
18546,315,1,75.47
12731,1440,2,75.37
3486,240,2,75.37
405,348,1,75.36
14611,1925,1,75.36
5621,108,1,75.35
6830,507,1,75.35
19563,401,1,75.35
15539,1431,2,75.34
12488,229,2,75.33
5520,214,4,75.27
17685,2100,1,75.26
15365,1365,1,75.24
1946,955,1,75.24
15324,1637,1,75.22
6610,880,1,75.1
5734,2123,1,75.09
11094,723,2,75.09
10716,2039,1,75.05
6157,566,1,75.05
32,893,1,75.05
85,1349,1,75.05
2415,902,2,75.04
11637,200,1,75.04
12719,1309,1,75.03
5155,186,2,74.99
2647,909,1,74.95
13704,1555,1,74.95
15430,90,1,74.95
18279,968,1,74.95
1610,1390,1,74.92
4260,1362,2,74.92
11225,661,1,74.89
9366,36,1,74.8
5985,1592,1,74.77
1162,1392,3,74.75
19048,328,2,74.59
11882,1693,1,74.57
10814,1783,1,74.55
13016,1118,1,74.55
12895,553,2,74.53
13259,1291,1,74.49
1830,1036,1,74.34
17756,688,1,74.32
19350,1283,1,74.27
10430,157,2,74.25
7623,617,2,74.22
6472,787,2,74.21
5095,141,2,74.19
18530,1693,1,74.17
2072,2013,1,74.16
2464,1995,1,74.16
10376,243,1,74.16
11334,706,1,74.16
12152,182,1,74.16
14398,1178,1,74.16
14403,2060,1,74.16
4661,131,1,74.14
15970,1320,1,74.14
18697,1423,1,74.14
18966,7,1,74.14
8303,1180,2,74.14
9481,1466,1,74.14
13788,492,1,74.13
16671,831,1,74.13
6955,958,1,74.12
5986,1968,1,74.03
13409,1852,1,74.03
10188,1638,1,74.0
11207,187,1,74.0
1404,513,1,73.93
7035,814,2,73.79
13717,1218,1,73.71
11645,1309,1,73.66
12772,967,2,73.64
14641,527,2,73.64
18635,1109,1,73.63
14602,1704,1,73.55
19710,1188,1,73.5
2309,447,1,73.5
15023,1212,2,73.49
12995,477,2,73.48
1666,268,1,73.46
511,1344,1,73.44
3157,1392,2,73.44
11120,183,2,73.44
2,302,2,73.41
14204,382,2,73.39
7747,1130,2,73.31
13772,598,2,73.26
2483,175,2,73.24
18090,1554,2,73.14
7414,479,1,73.08
1424,531,2,72.92
6702,1429,1,72.91
5881,735,2,72.9
10015,1269,1,72.89
3146,659,1,72.89
12545,1214,2,72.89
12850,146,1,72.89
1353,697,3,72.87
6706,1013,1,72.84
19130,1257,1,72.76
2568,1330,2,72.72
9679,92,2,72.7
15916,1202,2,72.69
17646,569,2,72.69
12793,671,2,72.69
10412,959,2,72.68
19382,1665,1,72.65
2658,895,1,72.65
8003,1910,2,72.64
3527,1444,1,72.59
12871,19,2,72.59
18793,828,2,72.56
15400,1810,1,72.52
18233,891,1,72.52
8779,557,1,72.52
9947,1648,1,72.52
12224,1039,1,72.51
18145,448,2,72.49
14980,18,2,72.45
15302,824,1,72.45
3484,451,1,72.44
11211,79,2,72.4
16077,986,1,72.35
46,31,2,72.24
19324,2095,1,72.22
8613,1570,1,72.21
8270,1697,1,72.18
6975,2058,1,72.0
3162,1075,2,71.99
10006,1252,1,71.95
6634,1192,1,71.9
9347,679,1,71.9
9857,1086,1,71.9
3533,114,1,71.9
4706,1316,1,71.9
9180,1675,1,71.89
19601,121,2,71.84
10436,83,2,71.79
17772,145,1,71.77
19802,642,1,71.76
5130,834,1,71.73
13481,1143,2,71.7
1643,108,2,71.69
1447,1061,1,71.68
8389,565,1,71.67
3229,934,1,71.66
4445,425,1,71.64
15857,289,2,71.58
19482,420,1,71.53
7300,1339,1,71.52
18540,1563,1,71.48
12468,874,1,71.45
9956,1735,2,71.44
6403,853,1,71.41
15197,13,2,71.39
13927,1219,2,71.37
4869,1341,1,71.35
5116,1057,1,71.35
5165,1356,1,71.35
19598,1800,1,71.35
7360,251,1,71.31
15955,441,2,71.3
10025,660,1,71.26
5771,1083,2,71.21
15769,13,1,71.2
3340,871,2,71.17
17155,1541,1,71.16
2593,2111,1,71.13
14628,1010,2,71.12
16686,889,2,71.12
16166,375,1,71.09
219,1206,1,71.08
5079,322,1,71.07
15397,1679,1,71.07
6481,1713,1,71.07
7248,2080,1,71.07
6749,313,1,71.02
8678,1452,1,71.02
18796,307,1,71.02
9667,456,2,70.97
15415,887,2,70.94
5970,1442,2,70.9
4455,946,1,70.77
10346,87,1,70.77
6387,1231,1,70.76
6694,1455,2,70.68
10174,2004,1,70.59
13734,1545,1,70.59
16649,444,1,70.59
10897,899,2,70.54
14172,1757,1,70.5
6029,385,2,70.36
13428,1813,1,70.3
16256,1100,1,70.3
18553,1596,1,70.3
520,1597,1,70.3
3267,1088,1,70.25
14992,1465,1,70.21
19452,135,1,70.18
17713,107,2,70.16
15237,1112,1,70.15
19944,565,2,70.15
13040,501,2,70.15
10250,878,1,70.14
98,1393,1,70.02
1046,753,1,70.01
19583,97,1,70.01
8277,616,2,70.01
13646,1266,1,70.01
14384,1823,1,70.0
6353,1115,1,70.0
13043,640,2,69.98
6921,87,2,69.88
9524,510,1,69.83
14255,323,2,69.82
7744,1984,1,69.79
6345,839,1,69.77
6813,590,2,69.77
3166,646,1,69.74
14312,424,2,69.74
14427,523,2,69.74
9153,617,2,69.72
18749,445,2,69.72
16861,1712,1,69.69
19019,1366,1,69.68
7706,1131,2,69.65
15025,1565,1,69.64
4142,1779,1,69.64
19939,878,1,69.63
1296,771,1,69.62
14734,647,2,69.62
19018,37,1,69.59
7981,1005,1,69.57
18802,536,2,69.51
16110,1617,1,69.5
12556,107,2,69.49
11996,1078,2,69.47
4363,357,1,69.47
17570,1530,1,69.36
19463,389,1,69.35
1000,1458,1,69.35
363,518,1,69.32
2615,554,1,69.31
9069,136,2,69.29
8806,388,2,69.28
1378,2085,1,69.26
6298,958,3,69.2
5400,1111,1,69.19
18026,960,1,69.19
19932,1889,1,69.19
10472,149,1,69.16
5964,824,2,68.99
2949,610,2,68.99
13140,643,2,68.97
8230,762,1,68.96
13808,1883,1,68.89
3477,924,1,68.84
17526,2036,1,68.84
13896,701,1,68.76
18296,408,2,68.73
11693,103,1,68.69
12738,1271,1,68.69
14532,1382,1,68.68
10180,519,1,68.67
18167,137,1,68.66
2656,1077,2,68.63
9652,850,3,68.59
8525,90,1,68.58
8830,825,1,68.58
9097,1308,1,68.52
19087,819,3,68.51
18434,1301,1,68.5
13477,85,1,68.5
6584,1076,1,68.5
7241,1161,1,68.5
7260,5,2,68.48
18429,1201,1,68.47
18526,373,2,68.46
7701,759,2,68.39
4103,431,1,68.36
4583,720,2,68.35
12460,27,1,68.34
1315,2021,1,68.3
3460,247,2,68.29
6720,1627,2,68.04
2490,72,1,68.0
1470,920,1,67.97
4451,168,1,67.97
5300,1468,1,67.97
5500,411,1,67.97
9467,1326,1,67.97
16530,1742,1,67.97
15742,788,2,67.95
7788,101,1,67.95
16409,1426,1,67.91
8250,247,1,67.84
1133,645,1,67.78
3832,1183,1,67.75
17679,971,1,67.75
17846,490,1,67.75
11689,1506,1,67.75
7812,52,2,67.72
5669,1259,1,67.67
5876,226,1,67.67
11959,1648,1,67.67
12293,1285,1,67.67
3151,1044,1,67.67
17885,1798,1,67.67
11204,1211,2,67.63
6184,421,2,67.6
3172,28,3,67.57
16631,151,3,67.5
11784,1559,1,67.45
13262,1430,1,67.39
5663,1915,1,67.39
9928,1212,1,67.39
7933,1672,1,67.35
5622,2012,1,67.28
13408,1274,1,67.26
12943,1072,1,67.23
19454,330,1,67.23
2161,393,2,67.13
2548,1982,1,67.11
5201,908,1,67.11
9834,453,1,67.11
360,412,1,67.07
4180,702,2,67.07
18141,324,1,67.02
10379,459,1,67.01
6698,435,1,66.92
19313,494,1,66.86
10490,1732,2,66.78
15011,1398,2,66.75
18689,686,2,66.73
17386,596,2,66.7
5666,700,1,66.64
3774,1093,1,66.63
6883,105,3,66.59
850,388,1,66.56
42,939,2,66.54
4696,580,1,66.53
9233,1490,1,66.53
16593,1487,1,66.53
13284,1080,1,66.53
11590,1716,1,66.51
12189,501,2,66.43
12311,1309,2,66.42
9302,513,1,66.39
15702,47,1,66.35
7686,1696,1,66.34
8412,1550,1,66.34
9014,1422,1,66.32
10943,841,1,66.28
4303,357,2,66.19
5066,1235,2,66.17
7632,1058,1,66.1
15263,1120,1,66.06
1680,546,1,66.05
2162,117,1,66.04
8304,1880,1,66.04
9772,1699,1,66.04
18887,1126,1,66.01
18975,1670,1,66.01
10882,563,1,66.01
2637,1908,1,66.0
6655,283,1,65.96
2104,284,1,65.94
9427,1490,2,65.93
18042,112,3,65.93
8641,441,2,65.87
6078,604,2,65.79
8128,50,2,65.78
9678,1972,1,65.77
10063,1615,1,65.69
10869,572,1,65.69
17290,854,1,65.64
1153,35,1,65.6
9688,1199,1,65.59
17782,42,1,65.58
15456,1222,1,65.56
7154,404,1,65.56
10131,147,1,65.56
12838,1663,1,65.56
13273,1984,1,65.56
12088,1245,1,65.48
12640,1175,1,65.48
13087,759,1,65.48
13769,1054,1,65.48
13973,1462,1,65.48
6786,1256,1,65.48
9070,1600,1,65.48
15054,644,1,65.48
1760,2009,1,65.48
2146,1862,1,65.48
3898,797,1,65.47
11381,1084,1,65.47
16816,557,1,65.47
15948,1034,1,65.42
18942,1329,1,65.42
19748,633,1,65.42
5856,947,1,65.42
11872,1108,2,65.42
6549,1908,2,65.26
9559,114,3,65.25
7026,418,1,65.21
16144,1674,1,65.21
18170,136,1,65.21
6835,1417,1,65.17
7697,628,1,65.17
1176,523,1,65.09
812,320,1,65.07
9388,950,1,65.07
16255,2061,1,65.07
18384,1766,1,65.07
18900,1677,1,65.07
13142,1476,1,65.07
5617,1860,1,65.05
6918,1809,1,64.99
7778,391,1,64.99
8876,1467,1,64.99
943,1688,1,64.99
3865,741,1,64.99
15412,478,1,64.99
6458,1511,2,64.96
4385,1131,1,64.96
15227,917,2,64.9
9901,452,2,64.87
8483,1134,1,64.86
1650,993,1,64.84
2407,1510,1,64.76
6776,208,1,64.73
14754,12,1,64.73
10745,847,2,64.72
1205,402,1,64.72
13673,1338,1,64.69
13558,1830,1,64.68
902,1679,1,64.68
9223,13,1,64.62
10657,1566,1,64.37
19051,1924,1,64.37
277,584,1,64.32
7170,1138,1,64.31
9563,281,2,64.28
1577,199,1,64.28
17165,1190,2,64.27
4602,919,2,64.26
9571,704,2,64.26
17156,1499,1,64.23
13223,1805,1,64.17
9758,1200,1,64.16
490,77,1,64.13
8707,987,1,64.06
19533,684,2,64.02
5796,1801,1,64.01
3722,1084,2,64.0
13212,1370,1,63.92
5099,1318,2,63.85
14351,203,2,63.84
8020,897,2,63.84
17376,1653,1,63.8
15551,1837,1,63.74
9343,1400,2,63.71
7589,1428,1,63.69
18835,44,1,63.69
18044,215,2,63.65
1573,613,3,63.62
3506,2006,1,63.61
3069,154,1,63.55
18814,1723,1,63.55
12258,1911,1,63.55
12435,1370,1,63.55
18673,623,2,63.49
17608,617,2,63.42
8109,477,2,63.4
985,806,1,63.39
19938,1160,1,63.39
12541,598,1,63.38
13571,1161,1,63.38
1879,72,1,63.32
13709,2059,1,63.27
9966,2033,1,63.25
1513,552,1,63.23
12880,1589,1,63.18
6272,878,1,63.17
9422,1164,1,63.15
13203,1205,1,63.06
6767,1430,1,62.98
15965,515,2,62.96
16769,1000,1,62.93
10902,1748,1,62.93
7996,1357,1,62.93
6999,1964,1,62.91
19511,2004,1,62.86
15487,108,1,62.78
7715,1516,1,62.74
6555,954,1,62.7
7580,452,2,62.62
9692,2113,1,62.59
17244,551,1,62.56
9853,184,2,62.55
19999,351,2,62.52
15077,390,2,62.46
17479,183,3,62.45
19499,2080,1,62.41
14087,823,1,62.39
14719,323,2,62.32
7936,1853,1,62.3
9561,1285,1,62.27
13194,510,1,62.27
17280,1926,1,62.27
1332,587,1,62.27
16640,606,1,62.2
13957,847,1,62.19
15654,1351,1,62.17
15008,1623,1,62.09
11074,415,1,62.09
8093,2071,1,62.08
2191,648,2,62.06
3161,421,2,62.03
10226,802,1,61.92
3167,1947,1,61.85
9298,319,2,61.84
19250,234,1,61.77
14576,865,1,61.75
6033,922,2,61.7
7418,238,1,61.68
9073,615,2,61.62
3372,2083,1,61.62
13992,2118,1,61.61
9676,22,1,61.55
15611,1762,1,61.55
4634,1013,1,61.54
1236,2091,1,61.51
1689,1025,1,61.51
2893,849,1,61.51
4593,546,1,61.51
6249,980,2,61.51
11322,1075,1,61.51
14571,308,1,61.51
4707,1868,1,61.5
7789,453,3,61.41
1976,780,2,61.4
4272,264,1,61.38
17211,816,1,61.38
19022,1074,1,61.38
11462,1719,1,61.38
14524,39,1,61.33
1297,142,1,61.33
1492,1144,2,61.26
11210,686,2,61.26
3621,878,2,61.25
16639,313,2,61.22
17579,2025,1,61.22
18579,1337,2,61.17
5406,803,2,61.15
12061,117,2,61.15
19970,61,2,61.15
16834,504,3,61.14
15270,1926,1,61.13
16178,1019,1,61.13
18722,1721,1,61.13
1389,46,1,61.13
11927,464,1,61.13
13245,1867,1,61.13
14515,1406,1,61.13
1854,738,2,61.1
18779,449,1,61.07
16829,197,2,61.05
16999,683,2,61.05
1244,1252,1,61.04
3755,1005,1,61.04
7984,1531,1,61.01
8749,326,2,60.99
14909,841,2,60.96
11716,548,1,60.88
6964,1663,1,60.79
16324,926,1,60.72
13023,961,1,60.68
2767,837,1,60.68
7100,175,1,60.68
6895,1442,1,60.64
8954,1322,1,60.64
9082,1878,1,60.64
18713,1718,1,60.64
6108,278,3,60.61
17126,83,1,60.56
2594,940,1,60.51
14676,1737,1,60.5
14261,1517,1,60.48
3188,653,1,60.48
9392,1094,2,60.48
14813,540,1,60.48
14787,174,2,60.45
15146,1330,1,60.44
3035,863,1,60.44
4161,435,1,60.44
10151,722,1,60.44
6253,1902,1,60.44
7122,1792,1,60.44
7239,1014,1,60.43
4284,112,2,60.42
9022,314,2,60.34
12159,117,1,60.28
16617,1062,2,60.27
17950,1430,1,60.26
13791,397,2,60.22
1271,441,1,60.06
11083,777,1,60.04
10125,1545,1,60.03
231,1932,1,60.03
5657,1513,1,60.03
4125,1934,2,60.02
8980,1058,3,60.0
17186,1705,1,59.99
18238,1793,1,59.94
10382,43,1,59.94
727,70,2,59.91
12811,670,1,59.87
10588,1504,1,59.85
8331,1763,1,59.85
9186,773,1,59.77
14521,2037,1,59.77
521,1976,1,59.77
14096,1409,2,59.76
6349,430,1,59.75
16936,898,1,59.67
9310,500,2,59.66
19358,525,2,59.51
5487,1919,1,59.49
4495,223,2,59.44
17170,633,2,59.43
16990,913,2,59.33
8472,636,1,59.31
10051,478,2,59.29
5468,1096,1,59.27
158,34,1,59.27
12513,532,1,59.26
10336,1543,1,59.24
12683,1908,1,59.24
1452,1230,1,59.24
19821,1841,1,59.24
5577,561,1,59.24
5290,1430,2,59.21
869,1631,1,59.19
16849,861,2,59.19
17132,361,2,59.16
15829,1345,1,59.13
2305,1979,1,59.08
16397,882,1,59.05
9306,960,2,59.04
14069,426,1,59.04
1552,194,2,59.01
2983,692,1,58.99
3203,530,1,58.99
5567,74,1,58.99
8602,2130,1,58.99
15045,1833,1,58.99
18403,404,1,58.99
11177,806,1,58.99
11473,2036,1,58.99
9089,1816,1,58.95
5008,773,2,58.91
1448,481,1,58.9
16194,474,3,58.9
3054,11,2,58.84
12747,225,1,58.83
12174,1340,1,58.82
1136,33,1,58.82
3295,308,1,58.82
7985,414,2,58.78
7564,670,1,58.77
641,223,1,58.77
4507,1153,2,58.77
17495,14,1,58.77
3924,1187,1,58.75
11356,404,2,58.73
14193,1303,2,58.71
11162,216,2,58.7
18520,318,1,58.6
3308,298,2,58.52
14508,401,1,58.5
9441,801,1,58.44
18971,558,2,58.42
7959,1080,1,58.41
9426,91,2,58.4
6621,1282,1,58.26
8756,1771,1,58.26
15288,1723,1,58.26
16254,978,1,58.26
16306,1589,1,58.26
10179,114,1,58.26
5251,1350,2,58.25
8838,421,1,58.25
9355,1327,1,58.24
3728,1426,1,58.24
17571,957,2,58.22
9226,895,1,58.2
19703,1558,1,58.14
6713,449,2,57.92
4029,1564,1,57.87
15465,343,2,57.83
5661,738,1,57.76
9407,915,2,57.75
11213,966,1,57.75
14448,1303,2,57.69
5448,46,1,57.64
17887,458,2,57.64
10653,2023,1,57.63
8965,1986,1,57.62
12975,1987,1,57.57
9003,489,2,57.56
5890,60,2,57.49
9799,1162,1,57.49
17513,1983,1,57.46
15001,1412,1,57.45
17523,14,2,57.45
1417,241,2,57.42
12828,790,1,57.33
13637,1813,1,57.33
15178,1048,1,57.33
16600,1381,2,57.32
13129,646,2,57.32
11663,986,2,57.27
6454,164,2,57.25
16211,869,1,57.23
23,884,1,57.19
11121,1937,1,57.16
16955,381,1,57.15
12456,951,1,57.14
9574,1872,1,57.14
4264,414,1,57.11
17366,22,1,56.94
13841,450,1,56.92
13041,514,1,56.89
16415,109,1,56.86
15103,1874,1,56.8
7321,1355,1,56.78
9980,376,1,56.78
17038,1692,1,56.76
16163,35,2,56.74
263,43,3,56.74
17321,469,2,56.69
12416,278,2,56.67
19460,1506,2,56.66
4929,967,1,56.64
8653,1651,2,56.63
9473,1498,1,56.6
17314,1740,1,56.6
113,210,1,56.54
1707,1907,1,56.54
10724,24,1,56.54
6942,11,1,56.54
4479,1335,1,56.49
15619,561,1,56.49
15482,738,1,56.47
13298,1970,1,56.47
1627,356,1,56.46
17880,1412,1,56.44
13596,825,1,56.42
8786,1298,1,56.26
3150,1494,2,56.24
14290,1709,1,56.23
4848,1985,1,56.22
18949,901,2,56.16
16322,1743,1,56.14
7119,249,2,56.13
178,90,1,56.09
4397,1865,1,56.08
15278,513,1,56.08
4440,1651,1,56.02
12333,1483,1,55.98
2260,1263,1,55.97
7854,437,1,55.97
15393,212,2,55.97
2438,676,1,55.94
4652,847,1,55.94
14434,1123,1,55.94
5646,1741,1,55.94
8461,1452,1,55.94
8224,1364,1,55.93
13883,1132,2,55.87
15026,813,1,55.73
14951,212,1,55.72
17079,907,1,55.71
3319,1688,1,55.71
8021,1919,1,55.71
17295,51,2,55.7
15560,267,1,55.68
3065,946,1,55.68
17764,506,1,55.67
9878,982,1,55.64
16452,1502,1,55.63
14932,269,2,55.59
17968,328,1,55.57
1264,131,1,55.57
3211,1389,1,55.56
6395,54,1,55.51
1798,1462,1,55.46
15669,479,1,55.46
16838,860,1,55.45
14235,478,1,55.45
1396,189,1,55.45
4003,1559,1,55.45
8164,850,1,55.44
15364,1877,1,55.39
15994,1955,1,55.39
3949,1852,1,55.38
11203,937,1,55.35
8828,1288,1,55.34
13891,1820,1,55.31
17898,724,1,55.31
5190,1867,1,55.29
8692,1537,1,55.29
1568,1348,1,55.29
2515,1510,1,55.29
15464,95,2,55.28
11487,1870,1,55.28
13728,429,1,55.28
13801,15,1,55.28
9462,968,1,55.28
16564,1475,1,55.18
3696,2126,1,55.18
4176,1087,1,55.18
13022,868,1,55.18
10223,1220,1,55.14
10558,1844,1,55.05
12707,1331,1,55.05
13438,284,1,55.05
14057,1840,1,55.05
17205,656,1,55.05
7250,1214,1,55.05
2601,1415,1,55.05
19761,350,1,55.02
10161,1801,1,55.02
13723,371,1,55.02
11383,1637,1,55.01
5223,1710,2,54.99
3006,438,1,54.98
14646,1491,1,54.95
12735,601,2,54.94
8324,1189,1,54.94
18152,1722,1,54.94
12602,26,1,54.93
19863,156,1,54.9
5421,1080,1,54.88
283,551,2,54.84
833,227,2,54.83
17981,390,1,54.77
4098,1306,1,54.73
10127,411,2,54.73
5058,370,2,54.72
247,1377,1,54.63
13138,494,1,54.63
14229,763,1,54.63
14381,1196,1,54.63
15143,1218,1,54.63
15199,1548,1,54.63
17161,1660,1,54.63
19112,806,1,54.63
5512,1288,1,54.63
19803,314,2,54.61
8605,1545,1,54.58
9872,563,1,54.58
729,651,1,54.58
16707,1461,1,54.58
6476,1109,2,54.47
3305,2055,1,54.45
12846,1790,1,54.43
5582,561,1,54.43
9484,104,1,54.43
5260,730,1,54.41
7374,474,1,54.41
11684,704,2,54.36
12795,45,1,54.35
10613,1822,1,54.28
6739,404,1,54.28
6991,919,1,54.13
1306,750,1,54.13
10647,456,2,54.09
3334,918,1,54.08
16462,1425,2,54.05
2861,62,2,53.97
1499,356,1,53.96
2726,1504,1,53.96
3925,1342,1,53.96
4746,1286,1,53.96
19524,1805,1,53.96
6341,1955,1,53.96
12076,615,2,53.93
5962,404,2,53.91
7755,89,1,53.84
1713,542,2,53.82
5816,236,2,53.75
16045,1317,1,53.71
17633,1293,1,53.71
18363,1003,1,53.71
19169,1491,2,53.71
10324,1556,1,53.71
19256,1356,3,53.69
15366,1177,1,53.67
6258,95,1,53.67
8365,2037,1,53.67
9304,115,1,53.67
4400,1551,1,53.67
244,345,1,53.6
2267,74,1,53.6
11278,1705,1,53.6
15382,351,2,53.57
9937,448,2,53.56
12110,606,1,53.53
10760,1337,1,53.51
7341,114,1,53.51
7097,1907,1,53.49
13905,233,1,53.49
18236,1897,1,53.49
6424,952,1,53.48
2911,1404,1,53.47
19296,1563,1,53.46
15123,1613,1,53.41
18305,1014,1,53.39
12092,83,1,53.39
13862,351,2,53.3
9124,1502,2,53.3
9286,1623,1,53.24
546,274,1,53.23
14045,632,2,53.2
6545,808,1,53.18
7017,322,1,53.18
11038,897,2,53.16
1450,1646,1,53.15
16976,75,2,53.1
19370,1819,1,52.98
17389,409,1,52.95
2933,257,1,52.92
1233,1888,1,52.91
435,340,1,52.87
18108,1353,1,52.87
1736,1359,2,52.68
16753,405,2,52.67
2114,1061,1,52.66
13133,1446,1,52.66
5106,19,1,52.64
445,1880,1,52.58
7793,2084,1,52.58
11352,1963,1,52.58
12091,398,2,52.54
4279,882,1,52.42
15513,495,1,52.42
7657,1243,1,52.41
3392,1080,1,52.4
11148,1142,1,52.39
9042,1304,2,52.35
6761,832,2,52.27
16427,1183,1,52.24
947,816,2,52.19
7901,678,1,52.08
8532,356,2,52.06
6869,87,2,52.03
5869,1011,1,52.01
9303,652,1,52.01
16746,1650,1,52.01
10855,887,1,52.01
28,1893,1,52.01
3473,602,1,51.92
8522,1597,1,51.88
10854,808,1,51.88
18640,1171,1,51.87
19713,1860,1,51.87
7031,942,1,51.87
7517,1593,1,51.87
3209,113,1,51.81
2206,1412,1,51.75
7641,1495,1,51.75
7974,173,1,51.75
10388,523,1,51.75
281,414,2,51.73
821,92,1,51.72
8872,486,2,51.66
13978,1391,1,51.64
7082,217,2,51.63
9040,706,1,51.63
4854,1166,1,51.63
15226,1193,1,51.57
15602,84,1,51.57
16965,999,1,51.57
16984,82,1,51.57
10419,388,1,51.57
13054,1574,1,51.57
11478,1626,1,51.43
14985,78,1,51.43
9639,120,1,51.43
1704,155,1,51.43
2755,946,2,51.43
14786,514,2,51.4
17667,231,2,51.31
10280,1832,1,51.31
13122,1141,1,51.31
14612,306,2,51.31
3720,66,1,51.26
19509,1070,2,51.25
10318,2041,1,51.24
5780,1692,2,51.24
7540,748,1,51.23
7603,1336,1,51.23
11799,971,1,51.23
14017,715,1,51.23
14027,140,1,51.23
1221,1142,1,51.22
331,1025,1,51.2
5321,1537,1,51.2
11219,282,1,51.2
11639,1138,2,51.19
15211,1377,1,51.19
13971,579,1,51.16
11373,1436,1,51.15
13225,1626,1,51.1
17288,253,2,51.03
14701,974,1,50.91
12176,413,1,50.87
15024,60,1,50.87
15287,1949,1,50.87
16101,175,1,50.87
19053,618,1,50.87
8055,1504,2,50.85
5680,237,2,50.84
1055,765,2,50.83
15764,1585,2,50.82
926,1945,2,50.81
6576,1939,1,50.79
3090,2082,1,50.76
14175,1188,1,50.76
14829,290,1,50.76
4151,1027,1,50.68
1504,943,2,50.66
7169,1622,1,50.57
11295,991,1,50.56
1192,1888,1,50.5
15241,1363,1,50.5
13885,1590,1,50.49
16273,2114,1,50.48
19149,928,1,50.46
11670,163,1,50.34
11709,106,1,50.34
13600,711,1,50.34
9357,1203,1,50.34
8575,453,1,50.29
5267,1754,1,50.28
16902,677,1,50.27
6371,2028,1,50.26
19357,36,1,50.23
18719,342,1,50.15
13752,290,1,50.15
10965,917,2,50.11
17710,633,2,50.07
379,2064,1,50.05
7909,291,1,50.04
4093,870,2,50.02
8070,1171,1,49.97
13535,1996,1,49.95
12620,670,1,49.94
12184,1277,1,49.92
13918,17,1,49.92
16731,851,1,49.92
7419,1418,1,49.92
6746,43,1,49.91
7137,1837,1,49.91
963,251,1,49.91
3288,1873,1,49.91
19860,1361,1,49.91
14129,540,2,49.89
5658,1192,2,49.89
8032,1258,1,49.86
1619,2058,1,49.81
17928,668,2,49.81
16681,61,2,49.79
18498,1234,1,49.69
6321,604,1,49.69
8868,1253,1,49.69
3873,918,1,49.69
421,1121,1,49.57
11049,1414,1,49.57
11410,1619,2,49.57
19899,152,1,49.57
19177,1071,2,49.55
16634,633,1,49.51
8989,1468,1,49.51
9382,1111,1,49.51
13815,1629,1,49.48
3310,1164,1,49.48
4521,45,1,49.48
11906,93,2,49.46
16429,911,2,49.44
7510,2045,1,49.37
9184,401,1,49.37
240,350,2,49.32
5028,73,2,49.31
7238,616,1,49.28
7690,1563,1,49.17
19472,1002,1,49.17
16372,1330,1,49.17
13193,685,1,49.17
12898,661,1,49.13
19571,235,1,49.13
2679,611,1,49.13
3971,804,1,49.13
18263,2013,1,49.13
8743,1734,1,49.12
5418,1245,1,49.06
15466,2101,1,49.06
12264,1970,1,49.06
4843,1045,1,49.02
7368,108,1,48.81
3469,1831,1,48.76
16037,221,1,48.76
2972,598,1,48.75
3485,2041,1,48.75
17946,1022,1,48.73
8246,1266,2,48.71
2046,1537,2,48.63
735,25,1,48.61
8208,1091,1,48.58
14945,43,1,48.55
12133,1209,1,48.55
4690,359,1,48.54
1961,171,1,48.51
2954,1790,1,48.51
11090,317,1,48.51
5252,1093,1,48.51
5834,309,1,48.51
6676,892,1,48.47
9721,817,1,48.47
12155,1114,1,48.47
14551,1948,1,48.47
1139,1533,1,48.47
17501,873,1,48.47
13712,707,2,48.39
11408,930,1,48.32
16859,697,1,48.32
19565,1535,1,48.32
4834,407,1,48.29
9985,1144,1,48.21
4591,1662,1,48.19
18390,839,1,48.19
11335,1097,1,48.19
12558,2052,1,48.19
15589,410,2,48.12
8929,236,2,48.1
17466,1060,1,48.07
11713,517,1,48.07
2289,339,1,48.07
19486,418,1,48.07
9472,220,1,48.02
1246,136,1,47.94
18314,778,1,47.85
6060,702,2,47.81
556,937,1,47.73
17369,20,2,47.71
18181,525,2,47.71
18186,201,2,47.68
8526,568,2,47.67
203,1397,1,47.62
3813,1146,1,47.58
4349,1167,1,47.57
14706,881,1,47.57
10714,122,2,47.55
10981,462,2,47.49
13132,730,2,47.48
11300,1184,1,47.45
13777,1637,1,47.42
1624,194,1,47.42
2192,1826,1,47.41
13079,951,1,47.32
14768,165,1,47.24
541,357,1,47.24
973,691,1,47.24
1063,183,1,47.24
1163,1553,1,47.24
15763,1737,1,47.24
17917,1370,1,47.24
19314,177,1,47.24
17134,746,1,47.19
10761,1614,2,47.19
12547,1568,1,47.19
7852,2002,1,47.19
2352,378,1,47.15
4087,967,1,47.14
4230,581,1,47.14
18096,1827,1,47.14
18670,220,1,47.14
13145,1561,1,47.14
15850,343,1,47.12
18807,1023,2,47.06
112,1157,1,47.06
4212,1109,1,47.06
6267,653,1,47.06
6660,1467,1,47.04
18241,1839,1,47.04
6028,1042,1,47.02
8065,1916,1,47.01
10287,993,1,47.0
11998,1091,1,47.0
10305,931,1,46.92
10446,1594,1,46.92
16850,1838,1,46.92
17197,296,1,46.92
18394,1468,1,46.92
3007,285,1,46.92
19561,1440,1,46.92
5707,461,1,46.92
6732,405,1,46.89
194,1957,1,46.87
2447,1807,1,46.82
3540,469,1,46.78
3702,697,1,46.78
8317,610,1,46.78
11223,372,1,46.78
13432,1427,1,46.78
14444,939,1,46.78
15070,666,1,46.78
19107,439,2,46.75
8758,313,2,46.75
15098,1324,1,46.71
15147,1915,1,46.64
9802,1481,2,46.63
15875,749,2,46.61
11715,1949,1,46.6
5245,280,2,46.57
5149,939,1,46.54
15078,25,2,46.51
16468,904,1,46.47
5034,1795,1,46.47
1191,1869,1,46.46
15119,1156,1,46.46
1183,1839,1,46.45
16567,1847,1,46.41
19038,1321,1,46.4
9925,257,1,46.4
688,1767,1,46.29
241,550,1,46.28
10112,1943,1,46.14
4849,1094,1,46.11
4678,285,2,46.07
3766,455,1,45.99
18510,677,1,45.92
15554,1235,2,45.9
2958,1529,1,45.88
3532,3,1,45.87
16523,1925,1,45.87
1662,302,1,45.85
3331,1689,1,45.85
11272,1473,1,45.74
17146,621,1,45.73
7654,1582,2,45.71
9955,955,1,45.7
14136,1200,1,45.7
12008,1383,2,45.64
5810,1812,1,45.61
15413,213,1,45.59
18146,798,1,45.56
14019,1221,1,45.54
4051,20,2,45.53
4544,906,2,45.51
6398,1210,1,45.5
4261,1622,2,45.48
15816,1054,1,45.42
16402,135,1,45.31
4539,418,1,45.31
11380,1895,1,45.31
13643,141,1,45.31
15293,2105,1,45.2
9332,1667,1,45.18
3780,1343,2,45.18
5711,350,1,45.17
18206,148,1,45.12
6057,1656,1,45.09
8433,919,1,45.09
4310,325,1,45.09
2235,1792,1,45.08
8682,1686,1,45.08
13687,1466,1,45.08
15627,803,1,45.08
16213,1461,1,45.08
19353,14,1,45.08
17726,1629,1,45.01
7116,444,1,45.01
14004,759,1,44.94
13598,501,1,44.93
7024,1001,1,44.93
7530,2015,1,44.85
12447,1894,1,44.85
13786,2021,1,44.85
6998,1704,1,44.8
7949,1905,1,44.8
1622,1727,1,44.8
8141,830,1,44.73
12542,823,1,44.73
17658,206,1,44.73
7696,1539,2,44.71
3323,1692,1,44.67
3534,1651,1,44.66
15581,974,1,44.65
5017,652,1,44.59
15231,993,2,44.56
1111,1324,1,44.53
6715,830,1,44.49
13400,1802,1,44.49
10738,864,1,44.46
14453,2074,1,44.46
7270,1712,1,44.46
9039,521,1,44.46
9682,698,1,44.46
18292,1540,1,44.46
8888,1012,1,44.44
9761,1252,1,44.44
12284,548,1,44.44
624,1390,1,44.44
914,952,1,44.44
1212,400,1,44.44
14462,1001,1,44.39
7103,1904,1,44.34
2406,162,1,44.31
7352,660,2,44.3
82,544,1,44.27
221,1456,1,44.27
14863,1556,1,44.27
18222,1561,1,44.26
18884,1348,1,44.26
8091,1445,2,44.26
5508,1267,1,44.2
5536,1815,1,44.2
10097,1178,1,44.2
18373,383,1,44.2
10460,1680,1,44.2
13281,663,1,44.18
13636,1418,1,44.18
17605,136,1,44.18
17676,538,1,44.18
17838,1608,1,44.18
280,159,1,44.18
986,734,1,44.18
6711,984,1,44.18
8047,362,1,44.18
9333,848,1,44.18
15498,1544,1,44.16
2567,73,1,44.11
843,1267,1,44.06
17694,1024,1,44.06
8599,976,1,44.06
10142,1227,1,44.05
18351,1360,1,44.02
8943,49,3,43.93
6388,657,1,43.9
16552,1048,1,43.9
897,1339,1,43.9
17440,8,1,43.89
2398,874,2,43.87
442,1679,1,43.85
386,523,1,43.79
2003,395,2,43.79
16628,385,1,43.79
8968,437,1,43.79
1549,1312,1,43.77
11547,762,2,43.75
17635,334,2,43.69
11658,1222,1,43.68
2388,1716,1,43.68
4670,627,1,43.66
6142,1667,1,43.66
9789,882,1,43.65
17843,92,1,43.65
6741,1631,1,43.63
2714,1229,1,43.63
10931,296,2,43.61
14077,54,1,43.6
4371,1380,2,43.6
7545,705,1,43.57
10107,140,1,43.48
2264,341,1,43.48
17154,955,1,43.48
16042,170,1,43.43
18931,114,1,43.43
1735,740,1,43.43
13471,660,1,43.43
9255,1593,1,43.43
3796,1164,2,43.31
12115,1677,1,43.29
3921,1558,1,43.28
4821,406,1,43.27
13186,688,1,43.27
10437,846,1,43.24
14362,873,1,43.21
13011,263,1,43.18
14685,1691,1,43.18
1700,1954,1,43.18
8285,506,1,43.18
7693,255,1,43.16
11572,476,1,43.16
11840,1010,1,43.09
18061,2036,1,43.08
14855,150,2,43.06
14936,1895,1,43.05
8719,1688,2,43.05
9058,489,1,43.05
2402,686,1,43.05
6644,2089,1,43.04
6394,1443,1,43.01
8401,2042,1,43.01
10078,795,1,43.01
1867,1945,1,43.01
4190,918,1,43.01
15327,1064,1,43.0
2126,315,2,42.98
3247,1178,1,42.96
6928,367,1,42.96
1341,815,1,42.89
9940,652,1,42.87
6638,1846,1,42.86
1831,790,1,42.86
2271,350,1,42.86
2606,2102,1,42.86
4954,283,1,42.86
12701,1445,1,42.86
19116,139,1,42.86
19677,410,1,42.82
10034,1809,1,42.81
10556,244,2,42.8
17771,259,2,42.73
18344,364,2,42.7
1917,926,2,42.66
15398,1178,1,42.6
16447,1584,1,42.57
9057,1130,2,42.47
3668,1179,1,42.35
10464,1356,1,42.32
6547,900,1,42.3
6318,1206,2,42.28
10517,1444,1,42.28
7927,162,1,42.25
11379,1746,1,42.2
15033,308,2,42.2
3379,1127,1,42.19
14882,1655,1,42.18
15,1276,2,42.17
13195,680,1,42.11
11647,2122,1,42.09
1345,2037,1,42.09
6006,1629,1,42.09
6847,806,2,42.09
7107,1563,1,42.09
15280,915,1,42.09
14851,1846,1,42.0
11313,2126,1,41.99
5954,1344,1,41.99
6495,1443,1,41.99
6731,327,1,41.99
8851,145,1,41.99
7206,1355,1,41.97
2818,1821,1,41.97
4604,1304,1,41.97
8265,48,2,41.91
7138,1477,1,41.84
9027,1403,1,41.84
17457,1710,1,41.84
7225,1810,2,41.78
14281,1464,1,41.74
14557,1050,1,41.7
18400,338,1,41.7
720,425,1,41.7
3254,1778,1,41.7
4806,276,1,41.67
2697,121,2,41.64
3101,827,1,41.63
14361,1521,1,41.61
6667,313,1,41.61
4857,135,2,41.55
16470,896,2,41.49
14859,119,1,41.42
11650,691,1,41.42
12573,306,1,41.37
12526,524,1,41.36
13606,910,1,41.36
10969,1450,1,41.35
18218,1037,1,41.28
17905,1958,1,41.24
3654,1972,1,41.24
3860,474,1,41.24
19966,1923,1,41.24
4944,27,1,41.2
10527,509,2,41.15
13074,225,1,41.14
13118,1965,1,41.13
2673,1725,1,41.13
19741,178,1,40.95
11349,1770,1,40.93
5319,2105,1,40.91
6400,1652,1,40.88
9278,1022,1,40.88
5203,1726,1,40.83
5071,169,2,40.83
5194,437,1,40.78
6295,1664,1,40.78
10642,1203,1,40.78
4338,627,1,40.76
3775,1553,1,40.69
12605,684,1,40.69
13991,493,1,40.69
13732,2074,1,40.68
8179,1536,1,40.68
18368,975,2,40.59
8311,596,1,40.47
12098,1538,1,40.47
12265,188,1,40.47
5237,214,2,40.46
2026,1059,1,40.43
2056,391,1,40.42
2556,1140,1,40.42
5031,1470,1,40.42
9100,656,1,40.34
9666,1329,1,40.34
9730,1314,1,40.31
16578,1829,1,40.31
10723,46,1,40.31
13270,1185,1,40.31
13669,849,1,40.31
14258,741,1,40.27
8889,1107,1,40.27
1911,325,2,40.25
14294,1490,1,40.23
2238,585,2,40.2
18359,1841,1,40.19
4577,873,1,40.17
8273,454,1,40.17
11591,836,1,40.17
16331,1063,1,40.09
5738,966,1,39.93
6317,339,2,39.92
10474,320,1,39.9
1532,974,1,39.87
13375,784,1,39.84
15102,2030,1,39.84
16592,805,1,39.84
17674,647,1,39.84
7948,1187,1,39.84
401,180,2,39.83
15765,1680,1,39.71
17028,1108,1,39.68
12636,681,1,39.67
16757,1576,1,39.6
18996,107,2,39.6
6864,1912,1,39.6
9726,116,1,39.6
618,1418,1,39.6
1014,1507,1,39.6
10028,1802,1,39.58
10338,0,1,39.58
16515,858,1,39.58
17306,1207,1,39.58
17919,300,2,39.56
13279,1313,1,39.56
12515,827,2,39.55
12857,78,2,39.54
18869,1499,1,39.52
11398,1430,1,39.5
7714,1970,1,39.49
7918,1277,1,39.47
14420,386,1,39.44
10012,1153,1,39.42
516,1946,1,39.42
18438,1265,1,39.42
9231,73,1,39.38
11683,451,2,39.3
16714,277,1,39.27
3612,1555,1,39.27
5187,232,1,39.27
9611,1202,1,39.26
14201,1706,1,39.23
10787,2086,1,39.16
4768,1980,2,39.16
10465,808,1,39.14
10633,586,1,39.14
13665,1348,1,39.14
14683,407,1,39.14
8147,1385,1,39.14
11098,797,1,39.12
17699,1122,1,39.11
5691,1721,1,39.1
15297,512,1,39.09
4916,1962,2,39.08
9714,821,1,39.07
155,1814,1,39.06
4523,1808,1,39.06
8308,356,1,38.98
16128,146,1,38.89
19011,1428,1,38.89
4874,445,1,38.88
617,1458,1,38.86
17309,1091,1,38.86
17984,612,1,38.86
18657,864,1,38.86
10938,257,1,38.86
11859,1411,1,38.86
7189,989,1,38.86
9443,567,2,38.81
5573,1257,2,38.75
6297,945,1,38.75
11966,39,1,38.75
12633,1520,1,38.75
1090,1869,1,38.75
3020,1114,1,38.75
16028,1703,1,38.75
16405,832,1,38.74
19226,1569,1,38.72
19294,382,2,38.71
2995,440,1,38.71
3538,2010,1,38.71
10194,946,1,38.71
13796,1886,1,38.71
9224,931,1,38.7
5695,1173,1,38.61
4780,1348,1,38.61
9120,41,1,38.54
11913,651,1,38.54
7563,1550,1,38.38
5282,443,2,38.33
191,1722,1,38.3
18229,1671,1,38.2
17341,1789,1,38.18
3190,440,1,38.18
2263,621,1,38.13
2301,1089,1,38.13
2852,1489,1,38.13
16113,1336,1,38.13
17346,934,1,38.13
18416,2101,1,38.13
14370,1249,1,38.13
14574,1287,1,38.13
7263,534,1,38.13
7349,1809,1,38.13
9314,1601,1,38.13
6115,50,2,38.02
1028,1619,1,37.88
1307,489,2,37.81
10799,1775,1,37.65
14808,1629,1,37.65
5222,1480,2,37.6
5293,746,2,37.59
7576,1008,1,37.57
8231,520,1,37.56
4249,777,1,37.52
10461,148,1,37.51
19634,1530,1,37.51
4123,540,2,37.46
18587,905,1,37.33
4389,1333,2,37.31
710,1887,1,37.29
3062,1037,1,37.29
3451,1364,1,37.29
3857,1968,1,37.23
18208,1716,1,37.23
5551,152,1,37.23
5765,393,1,37.23
10900,1753,1,37.23
13631,2045,1,37.2
13739,1600,1,37.17
438,462,1,37.17
8013,190,1,37.17
17680,1447,2,37.16
14245,694,2,37.13
8053,405,2,37.08
16815,1674,1,37.03
934,1132,1,37.01
2891,694,1,36.98
3629,0,1,36.98
8614,2042,1,36.98
19774,1928,1,36.98
17265,1410,1,36.98
17848,1423,2,36.95
14189,9,2,36.95
11795,1834,1,36.86
1342,1369,1,36.86
4496,1244,1,36.85
13190,878,2,36.85
13730,760,1,36.85
7818,861,1,36.85
342,1223,1,36.83
9216,913,1,36.81
17470,1937,1,36.81
15032,114,1,36.72
16032,379,1,36.68
19200,312,1,36.68
12954,1894,1,36.68
4099,760,1,36.68
1009,292,1,36.42
5330,1983,1,36.42
1856,1067,1,36.4
7890,75,1,36.38
10850,1626,1,36.38
2006,251,2,36.28
7404,289,1,36.26
7987,233,2,36.24
1558,491,1,36.22
4355,25,1,36.17
7318,624,1,36.17
16826,849,1,36.17
16549,719,1,36.15
17486,899,1,36.15
8426,1754,1,36.15
10014,1884,1,36.15
11667,301,1,36.15
3137,1449,1,36.15
1866,1947,1,36.14
11928,1026,1,36.13
12552,366,1,36.13
16988,266,1,36.13
9686,974,1,36.13
10693,785,2,36.12
8005,365,1,36.1
7140,1917,1,36.07
16647,2020,1,36.0
18653,168,1,36.0
12713,929,1,35.91
2762,291,1,35.86
6593,1547,1,35.83
12032,1606,1,35.82
11175,196,1,35.76
12474,561,1,35.76
10003,1185,1,35.76
16610,972,1,35.76
19302,1072,1,35.76
558,587,1,35.76
17629,1660,1,35.75
10934,667,1,35.75
14138,1582,1,35.75
11457,1941,1,35.74
11917,1191,1,35.74
15652,1562,1,35.74
7913,735,1,35.74
8163,1962,1,35.74
8544,1015,1,35.74
16630,33,2,35.72
5929,455,1,35.7
15131,581,2,35.69
4813,1171,2,35.62
1987,1958,1,35.6
3825,1766,1,35.6
15711,1438,1,35.6
15841,1641,1,35.6
15859,40,1,35.6
18533,1281,1,35.6
7466,1498,1,35.6
12121,231,1,35.58
16546,896,1,35.56
17238,456,2,35.54
15671,957,1,35.49
16091,1891,1,35.49
12221,94,1,35.49
12286,341,1,35.49
4664,1567,1,35.49
7254,188,1,35.49
8708,1913,1,35.49
11230,1503,1,35.48
14306,57,1,35.4
17049,1041,3,35.39
15094,1141,2,35.38
10208,565,2,35.3
15391,911,1,35.25
6623,274,1,35.2
5311,1568,1,35.16
8933,319,1,35.1
18239,212,1,35.1
19325,739,1,35.1
11081,1690,1,35.1
11195,1168,1,35.03
12723,462,1,35.03
15420,1269,1,35.03
17135,1891,1,35.03
10029,530,1,35.01
5172,761,1,35.01
8539,58,2,35.0
15869,1072,2,34.95
11164,1927,1,34.84
12652,1041,1,34.84
2631,663,2,34.83
12594,51,2,34.82
16736,1171,1,34.8
6460,1397,2,34.76
4667,929,1,34.74
11608,608,1,34.69
10300,1905,1,34.62
7903,1286,1,34.61
7823,501,1,34.55
8229,799,1,34.53
14759,270,1,34.53
15989,1055,1,34.53
2034,414,1,34.45
2862,764,1,34.38
16655,1211,1,34.38
6972,1502,1,34.38
7204,526,1,34.38
7480,119,1,34.38
19839,808,1,34.38
3228,1168,2,34.34
2821,1566,1,34.33
2905,1728,1,34.33
18225,1182,1,34.33
5396,1171,1,34.33
7850,59,1,34.33
8350,1010,1,34.24
19570,2110,1,34.22
19024,276,1,34.22
18703,1193,1,34.2
17638,1107,1,34.18
8961,42,1,34.18
10478,1691,1,34.18
14729,1099,1,34.18
3025,599,1,34.18
18401,1800,1,34.17
3400,192,2,34.15
6089,554,1,34.11
5936,607,1,34.03
8169,319,1,34.03
1795,2031,1,34.03
10825,2086,1,34.03
16986,1633,1,34.03
15042,136,1,34.02
17025,1883,1,34.02
10341,885,1,34.02
7323,1747,1,34.02
9425,29,1,34.02
8364,1748,1,34.0
10835,1691,1,34.0
15696,1383,1,33.97
18485,1305,1,33.97
64,760,1,33.97
11289,1196,1,33.91
11474,1979,1,33.91
14410,854,1,33.91
19385,545,1,33.91
1639,812,1,33.88
4725,439,1,33.8
18617,822,1,33.8
19070,221,1,33.8
983,6,1,33.76
4116,1791,1,33.76
5999,388,1,33.76
9110,2130,1,33.76
10844,1197,1,33.76
14102,1988,1,33.76
11972,452,1,33.75
16455,982,1,33.75
13398,964,2,33.7
5013,1012,1,33.7
6449,1411,1,33.63
7095,1405,1,33.63
11619,1203,1,33.6
15698,1520,1,33.6
15904,496,2,33.57
10840,740,1,33.54
16832,2097,1,33.52
19055,2016,1,33.35
918,358,1,33.27
15182,499,1,33.26
19675,287,2,33.16
17312,1217,1,33.14
18578,275,1,33.14
8296,1732,1,33.14
8721,446,1,33.14
10165,1508,1,33.14
12122,670,1,33.14
4924,750,1,33.14
11862,46,2,33.1
17660,509,2,32.89
10381,570,2,32.78
13787,623,2,32.68
18770,1457,1,32.67
16869,1417,1,32.6
8878,525,3,32.55
6055,354,1,32.54
7831,415,1,32.54
18213,983,1,32.54
19687,1466,1,32.54
4645,1319,1,32.54
19804,383,2,32.5
333,963,2,32.48
3963,1646,1,32.47
5718,18,1,32.47
11143,2109,1,32.47
14342,1745,1,32.47
19888,102,1,32.47
3908,149,1,32.24
8917,235,2,32.23
9716,1880,1,32.18
15500,1215,1,32.13
14691,424,1,32.08
13068,1918,1,32.05
5424,1264,1,32.05
7104,1374,1,32.05
9194,916,1,32.05
9914,1626,1,32.05
1180,680,1,32.05
17311,591,1,32.05
17407,1208,1,32.05
18376,391,1,31.86
8528,518,1,31.86
8778,1572,1,31.86
13601,653,1,31.86
647,1234,1,31.86
18000,1235,1,31.82
3335,1086,2,31.8
3551,21,2,31.78
3705,524,1,31.77
11384,629,1,31.77
12352,858,1,31.77
10391,1730,1,31.72
13379,1381,1,31.72
15339,94,1,31.72
296,1362,1,31.72
110,536,1,31.71
12217,825,1,31.71
18509,1172,1,31.71
12408,1705,1,31.66
19156,2077,1,31.64
17322,45,1,31.63
6541,1482,1,31.63
6772,347,1,31.63
8220,947,1,31.63
10293,1466,1,31.63
10998,2014,1,31.5
8411,733,1,31.38
8417,1483,2,31.37
5249,866,2,31.31
2458,1428,1,31.31
10332,1577,1,31.31
11036,1033,1,31.31
11501,762,1,31.31
12238,850,1,31.28
15127,1518,1,31.2
12087,1983,1,31.09
17437,551,2,31.07
1392,5,1,31.05
7597,1396,1,31.03
8451,1043,1,31.02
14012,281,1,30.97
2633,1496,1,30.95
1044,187,1,30.84
11657,1955,1,30.84
1002,1315,1,30.82
3945,1565,1,30.82
5086,609,1,30.82
6446,991,2,30.82
17785,1590,1,30.82
13633,92,1,30.8
11988,894,1,30.71
16352,1926,1,30.71
17671,609,1,30.71
1483,1082,1,30.71
2163,791,1,30.71
4426,849,1,30.71
19773,985,1,30.71
19988,513,1,30.71
6214,1523,1,30.71
6877,1901,1,30.71
9352,876,1,30.71
9608,1276,1,30.71
10068,1341,1,30.71
18008,1490,1,30.66
10067,968,2,30.62
7609,1076,1,30.61
14843,426,1,30.61
15950,1184,1,30.61
11933,1576,1,30.61
12529,732,1,30.61
13240,768,1,30.61
2173,1014,1,30.61
5159,1486,1,30.61
5147,119,1,30.58
10312,1190,1,30.58
11039,1403,1,30.58
156,497,1,30.56
2611,44,2,30.56
10512,1339,1,30.54
13153,283,1,30.44
1115,135,2,30.44
11834,1157,2,30.38
667,1612,2,30.33
10959,9,2,30.29
3408,1673,1,30.27
4028,100,1,30.27
5823,1718,1,30.27
9929,1961,1,30.27
19422,358,1,30.27
642,307,1,30.13
13802,2081,1,30.13
17230,1578,1,30.13
18857,1149,1,30.13
13206,2077,1,30.12
13373,384,1,30.12
5517,1889,1,30.12
9141,1556,1,30.1
429,114,1,30.1
3541,899,1,30.1
4762,1197,1,30.1
8092,622,1,29.99
15479,1968,1,29.99
19137,583,1,29.99
13448,802,1,29.99
12259,65,1,29.71
4257,1235,2,29.68
3567,203,2,29.6
1197,575,1,29.57
11528,663,1,29.56
14331,805,1,29.54
2856,69,1,29.54
1099,573,1,29.53
4263,76,1,29.53
11200,112,1,29.53
5502,1219,1,29.53
7705,1531,1,29.53
7923,513,1,29.52
8571,2074,1,29.51
10374,1023,1,29.51
341,539,1,29.51
1001,147,1,29.51
4555,468,1,29.44
5105,2097,1,29.44
15624,2120,1,29.44
4157,907,1,29.36
4460,963,1,29.29
16279,2000,1,29.29
13813,215,1,29.28
11004,915,1,29.23
3133,895,1,29.22
11483,1446,1,29.15
15140,113,1,29.12
19431,241,1,29.12
19518,340,1,29.12
4736,887,1,29.1
8001,671,1,28.98
10288,706,1,28.96
10901,2083,1,28.96
13038,87,1,28.96
14058,181,1,28.96
14142,1238,1,28.96
11307,1666,1,28.89
12983,1514,1,28.89
13366,737,1,28.89
6718,912,1,28.89
7114,477,1,28.89
8006,630,1,28.89
9005,1213,1,28.89
9250,1234,1,28.89
1268,1656,1,28.89
4616,166,1,28.89
4949,1696,1,28.89
15976,432,1,28.89
9105,135,2,28.85
18204,721,1,28.79
18604,294,1,28.79
579,1732,1,28.79
3096,676,1,28.79
3794,1718,1,28.79
19498,1775,1,28.79
13816,1144,1,28.71
12142,586,1,28.65
9122,701,1,28.64
4807,779,1,28.6
428,584,1,28.57
674,946,1,28.57
10375,545,1,28.57
10497,158,1,28.57
11651,1016,1,28.57
12397,943,1,28.57
12497,435,1,28.57
16380,1061,1,28.57
17993,1432,1,28.57
18564,589,1,28.57
5492,1399,1,28.57
7127,226,1,28.57
7303,582,1,28.57
7960,802,1,28.57
10183,18,1,28.53
16201,1431,1,28.53
15719,1462,1,28.5
17998,740,1,28.48
17849,292,1,28.44
18911,549,2,28.39
10404,1510,1,28.37
13565,1220,2,28.37
13341,135,1,28.32
10752,1615,1,28.23
3268,1680,1,28.23
4262,1391,1,28.23
19974,843,1,28.23
14807,159,1,28.23
18472,141,1,28.23
14920,53,1,28.17
4047,2044,1,28.17
6416,1108,1,28.17
15946,1527,1,28.14
18076,973,1,28.12
18427,1504,1,28.12
8581,292,1,28.12
4703,53,1,28.12
5055,529,1,28.12
5157,1227,1,28.12
12164,1442,1,28.12
13488,250,1,28.12
10454,630,1,28.04
10531,911,1,28.04
13756,1163,1,28.04
709,774,1,28.04
1137,1214,1,28.04
1705,859,1,28.04
14938,1864,1,27.91
19094,790,1,27.91
6370,1680,1,27.91
9960,1378,1,27.91
17545,1527,2,27.88
15158,661,1,27.84
19957,618,1,27.84
14246,1543,1,27.69
19835,370,1,27.68
981,1835,1,27.68
2379,492,1,27.68
15625,897,1,27.68
16359,2075,1,27.68
6494,1404,2,27.61
15827,1517,1,27.6
17163,177,1,27.6
10873,944,1,27.6
1800,1687,1,27.6
3462,738,1,27.6
3742,696,1,27.6
16722,24,2,27.57
3226,595,1,27.54
1034,1833,1,27.53
16509,703,1,27.53
17403,19,1,27.53
13189,1761,1,27.53
3252,88,1,27.51
3715,137,1,27.51
4240,532,1,27.51
5154,1377,1,27.51
19621,1982,1,27.51
17215,468,1,27.51
16305,1576,1,27.47
19080,660,1,27.47
2071,587,1,27.47
4196,310,1,27.47
6493,1994,1,27.47
9092,1302,1,27.47
4592,1243,2,27.44
1746,741,1,27.4
14251,914,2,27.33
12786,578,1,27.28
1287,1732,1,27.21
10086,2049,1,27.21
15803,1897,1,27.21
9437,1326,2,27.18
7953,315,2,27.17
10433,1795,1,27.15
17697,975,1,27.08
14924,215,1,27.05
18698,1417,1,27.05
13380,62,1,27.05
2270,1453,1,27.05
4069,1569,1,27.05
4311,362,1,27.05
13536,1517,1,26.99
7406,637,2,26.98
16034,897,1,26.98
16884,1325,2,26.91
19106,46,1,26.85
537,500,1,26.85
3122,1625,1,26.85
4298,1639,1,26.7
14330,1051,1,26.69
1204,1551,1,26.4
5045,1522,1,26.4
8297,954,1,26.4
17779,147,1,26.4
5829,107,1,26.38
9793,1303,1,26.38
10929,1543,1,26.38
3437,910,1,26.38
3064,1579,1,26.37
10417,565,1,26.35
7760,727,1,26.35
1250,653,2,26.32
10744,762,2,26.29
4863,1076,1,26.24
11110,108,1,25.94
19915,1365,1,25.94
2616,2079,1,25.79
4559,232,1,25.79
11865,568,1,25.79
2339,960,1,25.78
11521,1024,1,25.68
8380,237,2,25.67
822,1092,1,25.61
4691,2000,1,25.61
6671,54,2,25.58
5373,694,1,25.52
8947,1657,1,25.52
18618,1096,1,25.52
18748,800,1,25.52
16643,58,1,25.48
7780,562,1,25.48
18567,1403,1,25.47
11492,1475,1,25.46
13367,1541,1,25.45
4095,1250,1,25.25
6459,1426,1,25.17
8501,238,1,25.17
19975,623,1,25.14
15113,1429,1,25.08
15689,1703,1,25.08
18348,1623,1,25.08
589,1389,1,25.08
12108,221,1,25.08
4048,1023,1,24.98
13085,1242,1,24.89
17823,768,1,24.77
17957,994,1,24.77
18878,358,1,24.77
5708,327,1,24.77
15076,147,3,24.72
5915,721,1,24.71
5623,1351,1,24.63
8837,334,1,24.63
11375,1740,1,24.63
11386,581,2,24.63
12653,1897,1,24.63
14705,1424,1,24.63
2338,1499,1,24.63
13986,1108,2,24.51
8964,1509,1,24.47
12169,211,1,24.45
12848,1338,1,24.37
7386,1849,1,24.37
1415,420,1,24.37
2902,1191,1,24.37
3851,1455,1,24.33
4872,303,1,24.33
15272,952,1,24.33
11056,70,1,24.28
13541,81,1,24.28
14113,1721,1,24.28
19885,1853,1,24.28
7096,310,1,24.21
2623,156,1,24.04
1405,965,1,23.92
11788,1339,1,23.92
10175,324,1,23.9
12754,2056,1,23.76
12272,1647,1,23.75
2525,740,1,23.75
6836,1097,1,23.75
9253,1860,1,23.75
9654,1908,1,23.75
9750,1256,1,23.75
675,809,1,23.7
1920,1651,1,23.7
6974,895,1,23.61
14519,363,1,23.56
6649,846,2,23.39
10670,564,1,23.37
13352,517,2,23.36
4380,971,1,23.31
15985,1058,1,23.31
15710,1220,1,23.23
7976,478,1,23.23
19600,1596,1,23.23
15148,1043,1,23.14
18013,1294,1,23.14
5233,215,1,23.14
1698,954,1,23.08
2381,1298,1,22.96
12774,1046,1,22.96
18816,1933,1,22.96
4465,182,1,22.89
5627,298,1,22.89
9544,1323,1,22.89
10166,1674,1,22.89
5256,996,1,22.74
8666,671,1,22.71
6429,1125,1,22.41
3626,1525,1,22.41
3826,219,1,22.41
10826,1434,1,22.41
11323,1855,1,22.41
11877,2069,1,22.23
5859,1150,1,22.22
18370,379,1,22.22
6809,1686,1,22.19
10576,254,1,22.17
8527,101,1,22.16
1817,1357,1,22.16
867,1866,1,22.06
12193,1166,1,22.06
12535,262,1,22.01
6709,1599,1,22.01
19328,1070,2,22.0
18490,1352,1,21.9
1094,649,1,21.9
10824,1090,1,21.9
11441,1940,1,21.9
11623,974,1,21.9
10742,594,1,21.83
12606,1741,1,21.83
14564,1933,1,21.83
15030,1495,1,21.83
8369,731,1,21.83
1218,1846,1,21.83
1670,213,1,21.83
1826,138,1,21.77
3516,1841,1,21.77
16302,1662,1,21.77
10921,1730,1,21.77
14052,1269,1,21.77
8486,225,1,21.77
8775,1953,1,21.77
9150,390,1,21.77
3361,1090,1,21.72
8018,527,2,21.69
1560,1172,1,21.64
14401,723,1,21.64
11496,1358,1,21.61
8000,1129,1,21.61
15389,2001,1,21.61
5048,1486,1,21.54
1905,1339,1,21.48
4033,517,1,21.48
7091,60,1,21.48
10337,519,1,21.48
17645,1648,1,21.48
18015,710,1,21.48
13556,1917,1,21.44
5514,597,1,21.43
9849,416,1,21.39
8063,422,1,21.36
12304,1668,1,21.26
5349,667,2,21.25
18207,429,2,21.25
3283,1514,1,21.2
15107,1658,1,21.09
19292,758,1,21.09
12870,159,1,21.09
12986,1730,1,21.09
16307,739,1,21.08
1466,1862,1,21.08
6442,271,1,21.08
860,1008,1,20.88
5087,2103,1,20.86
6620,1649,1,20.86
12831,633,2,20.81
11066,1387,1,20.73
11818,927,1,20.73
12282,543,1,20.73
6800,604,1,20.73
15240,888,1,20.73
17755,874,1,20.73
18466,2101,1,20.73
910,1610,1,20.68
950,113,1,20.66
8660,848,1,20.66
19647,1367,1,20.6
11782,342,1,20.6
16362,484,1,20.6
18277,1838,1,20.57
13915,1294,1,20.57
346,671,1,20.55
10340,1104,1,20.42
9485,1351,1,20.38
7731,908,1,20.35
10948,1487,1,20.11
13758,804,1,20.11
14297,442,1,20.11
19437,1028,1,20.11
2741,409,1,20.02
19045,1416,1,20.02
19326,489,1,20.02
6717,365,1,19.94
9325,1436,1,19.89
11346,1340,1,19.89
12175,1003,1,19.89
12936,1143,1,19.89
13274,478,1,19.86
7497,702,1,19.86
16223,1076,1,19.86
1951,1227,1,19.86
138,734,1,19.83
4007,837,1,19.83
4092,289,1,19.83
10286,1399,1,19.83
10687,1869,1,19.76
29,1842,1,19.76
570,830,1,19.76
15067,1048,2,19.74
2304,75,2,19.6
4610,1369,1,19.58
10402,1086,1,19.58
18826,1529,1,19.58
15609,170,1,19.56
567,80,1,19.56
4350,1604,1,19.56
19470,230,1,19.5
5773,2060,1,19.5
7199,1821,1,19.5
11431,73,1,19.5
17417,467,2,19.44
17757,1410,1,19.35
11445,92,1,19.35
12420,163,1,19.35
854,1145,1,19.35
4585,737,1,19.35
4606,729,1,19.35
12942,2094,1,19.2
11640,1292,1,19.15
1857,1725,1,19.15
19464,2043,1,19.15
9570,95,1,19.15
6978,705,1,19.05
8564,365,1,19.05
1584,601,1,19.05
3631,1172,1,19.05
11378,733,1,19.05
18113,800,1,19.05
4126,1297,1,18.99
3523,1610,1,18.98
3687,305,1,18.98
16476,2001,1,18.98
18075,1369,1,18.98
8056,2028,1,18.98
10058,979,1,18.98
5255,832,1,18.96
6114,1307,1,18.87
16157,1875,1,18.87
13569,100,1,18.87
10933,811,1,18.59
17044,838,1,18.59
18750,923,1,18.59
5278,354,1,18.5
7566,1953,1,18.5
11140,1512,1,18.43
7703,1509,1,18.4
16478,34,1,18.4
18924,394,1,18.4
19536,734,1,18.4
19875,364,1,18.39
8326,1747,1,18.39
1293,86,1,18.39
10645,1964,1,18.39
13688,1130,1,18.39
17012,1095,1,18.39
424,282,1,18.25
3483,1144,1,18.25
3688,2096,1,18.25
4223,775,1,18.25
4306,1319,1,18.25
7935,571,1,18.25
8862,1043,1,18.25
9532,101,1,18.25
10612,737,1,18.25
10664,1816,1,18.25
14239,1240,1,18.25
12567,1588,1,18.19
11892,162,1,17.91
4408,573,1,17.91
6034,1101,1,17.91
7886,1362,1,17.88
15541,921,1,17.88
15566,1556,1,17.88
564,445,1,17.88
2493,717,1,17.83
6993,776,1,17.83
17122,1490,1,17.82
18842,1192,1,17.6
1877,426,1,17.6
5129,1702,1,17.6
13287,1024,1,17.6
14214,550,1,17.6
16645,1956,1,17.58
8422,1016,1,17.46
8969,206,1,17.45
7423,1714,1,17.37
7442,1647,1,17.37
9354,142,1,17.37
14516,1884,1,17.37
18214,1872,1,17.37
15931,1578,1,17.33
19146,750,1,17.33
9011,1633,1,17.33
19541,868,1,17.33
1493,548,2,17.29
1774,549,1,17.26
6248,218,1,17.26
6439,61,1,17.26
12216,179,1,17.26
11438,597,1,17.19
15320,2075,1,17.19
5742,381,1,17.19
6264,1783,1,17.19
10047,1819,1,17.19
8239,793,1,17.1
11611,1170,1,17.1
3782,18,1,17.1
15923,1584,1,17.1
3994,218,1,17.06
17969,959,1,17.03
1965,486,2,16.96
13358,1637,1,16.94
13549,1055,1,16.94
19501,1584,1,16.94
18302,833,1,16.94
15565,1748,1,16.82
16003,1018,1,16.82
19351,1724,1,16.82
1475,1961,1,16.82
1538,234,1,16.82
16315,875,1,16.73
9068,1111,1,16.73
7516,1923,1,16.63
10330,1429,1,16.56
2088,669,1,16.5
4958,635,1,16.49
4962,1206,1,16.49
10846,1836,1,16.49
11437,1461,1,16.49
14095,1054,1,16.49
5348,35,2,16.32
16540,1079,1,16.32
19381,1924,1,16.32
2529,641,2,16.29
3801,1638,1,16.24
8209,116,1,16.24
4038,1992,1,16.2
9111,1802,1,16.16
15524,362,1,16.16
15599,907,1,16.16
17067,1528,1,16.16
17672,1496,1,16.16
16535,1531,1,16.04
8087,902,1,16.04
2774,1262,1,16.04
10759,846,1,16.04
14686,172,1,16.04
11855,2069,1,15.99
987,1757,1,15.99
2866,1924,1,15.99
17955,1544,1,15.99
16626,869,1,15.86
548,513,1,15.86
1312,34,1,15.86
4110,700,1,15.86
10627,1416,1,15.86
10769,1284,1,15.86
13526,1819,1,15.86
7102,1161,1,15.86
7907,484,1,15.86
3031,630,2,15.82
8643,479,1,15.72
6492,307,1,15.71
6527,514,1,15.64
3772,1035,1,15.64
13508,84,1,15.64
19300,1329,1,15.62
4169,2081,1,15.57
9028,1845,1,15.54
12698,1434,1,15.33
13321,1903,1,15.33
14667,734,1,15.33
15399,480,1,15.33
17850,1959,1,15.33
19542,2084,1,15.33
19912,534,1,15.33
10614,1533,1,15.18
705,272,1,15.18
2599,1390,1,15.18
6096,1811,1,15.18
8012,954,1,15.18
9584,654,1,15.18
17325,196,1,15.18
17892,994,1,15.18
18798,2094,1,15.18
1393,347,1,15.13
1844,2007,1,15.06
4346,27,1,15.06
16340,744,1,15.06
12253,62,1,15.06
7009,1106,1,15.06
5367,1039,1,15.01
8143,859,1,15.01
9858,1012,1,14.98
19525,1074,2,14.93
13495,206,1,14.88
10322,536,1,14.82
11814,1880,1,14.82
16791,1284,1,14.82
1740,1081,1,14.82
1954,1881,1,14.82
6609,1072,1,14.78
4165,994,2,14.56
15065,181,1,14.56
15246,259,1,14.56
12095,606,1,14.56
14717,174,1,14.55
15053,1120,1,14.55
16068,1918,1,14.55
17017,224,1,14.55
5871,1040,1,14.55
6314,291,1,14.55
103,879,1,14.55
640,1348,1,14.55
1320,454,1,14.55
4997,1524,1,14.52
3817,1404,1,14.42
18038,77,1,14.32
18342,2010,1,14.32
1322,542,1,14.24
13464,660,1,14.24
6535,625,1,14.24
8533,882,1,14.24
9215,649,1,14.24
6821,1959,1,14.22
1771,1966,1,14.22
1080,1559,1,14.05
5277,1159,1,14.04
5827,1050,1,14.03
2436,1141,1,14.03
17975,1390,1,14.03
11720,1812,1,14.03
10466,1512,1,14.02
12805,1585,1,14.02
13681,1256,1,14.02
2950,1972,1,14.02
4786,568,1,14.02
16637,1002,1,13.81
5861,1256,1,13.72
7123,595,1,13.71
7441,422,1,13.71
9880,1805,1,13.71
19265,45,1,13.71
13265,149,1,13.71
14449,849,1,13.71
14458,1112,1,13.71
19754,1825,1,13.71
15651,2080,1,13.68
3575,1764,1,13.68
3781,54,1,13.68
1453,609,1,13.67
9048,208,1,13.67
13357,2027,1,13.67
17747,1687,1,13.65
7998,941,1,13.65
13603,690,1,13.13
1812,151,1,13.13
4040,652,1,13.13
15820,1255,1,13.13
18463,100,1,13.13
11193,293,1,12.97
11337,982,1,12.97
12057,549,1,12.97
19718,1997,1,12.97
7359,1702,1,12.97
7373,757,1,12.97
8661,1509,1,12.97
309,414,1,12.97
649,129,1,12.97
755,1703,1,12.97
3434,1155,1,12.97
4860,406,1,12.97
9498,772,1,12.94
787,1565,1,12.8
2661,1086,1,12.73
3317,867,1,12.73
4594,676,1,12.73
4845,200,1,12.73
16044,1550,1,12.73
17277,1569,1,12.73
18734,365,1,12.73
10439,1298,1,12.73
14085,1458,1,12.72
17830,1567,1,12.72
2356,734,1,12.72
6243,113,1,12.72
6670,1444,1,12.72
9339,1598,1,12.72
9974,692,1,12.72
18628,1243,1,12.64
12476,584,1,12.64
443,1997,1,12.64
449,109,1,12.55
2182,1927,1,12.55
2365,37,1,12.55
19545,259,1,12.55
7089,993,1,12.55
7512,1886,1,12.55
10453,1739,1,12.55
12837,104,1,12.55
14457,1417,1,12.55
12383,400,1,12.51
13056,127,1,12.51
4120,431,1,12.51
3827,225,1,12.49
16064,1348,1,12.49
19309,148,1,12.49
16934,1932,1,12.44
4827,685,1,12.44
12101,1428,1,12.44
13200,854,1,12.44
13607,97,1,12.44
4878,785,1,12.41
18174,1580,1,12.41
6829,1897,1,12.41
14858,847,1,12.3
9943,1650,1,12.02
2397,1202,1,11.97
4148,1754,1,11.97
13415,436,1,11.97
13745,1434,1,11.97
14477,208,1,11.97
16750,636,1,11.97
18501,680,1,11.97
16277,1528,1,11.75
18041,1246,1,11.75
15443,751,1,11.74
15813,1396,1,11.72
17394,393,1,11.72
18176,1443,1,11.72
19218,1250,1,11.72
904,1908,1,11.72
967,2006,1,11.72
1583,293,1,11.72
3509,1552,1,11.72
5825,1164,1,11.72
6538,1266,1,11.72
8573,1206,1,11.72
5291,159,1,11.57
8633,1496,1,11.57
8715,957,1,11.57
16259,2054,1,11.57
18252,1281,1,11.57
18892,1024,1,11.57
19393,175,1,11.57
15902,238,1,11.39
16155,112,1,11.39
18024,1625,1,11.39
3130,781,1,11.39
4232,964,1,11.39
6986,1332,1,11.39
7670,1821,1,11.26
2321,1788,1,11.03
3966,1504,1,11.03
2288,271,1,10.91
6146,1115,1,10.91
19613,1288,1,10.91
16783,1319,1,10.91
17719,622,1,10.91
4308,155,1,10.64
12920,2057,1,10.64
11978,26,1,10.6
12071,1056,1,10.6
12436,1631,1,10.6
17119,1786,1,10.6
9920,502,1,10.6
2156,997,1,10.6
4211,2082,1,10.6
17094,1653,1,10.34
10789,1510,1,10.34
8232,1725,1,10.34
5269,797,1,10.23
15910,1946,1,10.23
1758,1071,1,10.23
1291,791,1,10.21
2583,1299,1,10.21
15761,495,1,10.21
18028,1531,1,10.21
19780,132,1,10.21
5524,1502,1,10.21
7209,1733,1,10.21
7878,1439,1,10.21
1336,1351,1,10.04
1431,590,1,10.04
4238,334,1,10.04
15569,214,1,10.04
11328,1156,1,10.04
13564,459,1,10.04
18184,966,1,10.03
15905,98,1,9.97
2976,297,1,9.97
5547,500,1,9.97
8058,1101,1,9.97
10755,1024,1,9.97
11248,1361,1,9.95
17270,1431,1,9.95
7271,1513,1,9.95
6618,1644,1,9.84
11534,473,1,9.84
9518,1508,1,9.79
19840,1867,1,9.79
15014,342,1,9.79
18886,2033,1,9.79
15672,1733,1,9.69
7006,1273,1,9.69
2830,1374,1,9.69
467,211,1,9.39
2076,1014,1,9.39
3601,236,1,9.39
6183,805,1,9.39
8748,1308,1,9.39
13910,933,1,9.39
19569,326,1,9.39
4358,1395,1,9.27
16752,1886,1,9.27
17537,163,1,9.27
15109,2109,1,9.25
15525,1002,1,9.25
18623,817,1,9.25
5808,346,1,9.25
6756,485,1,9.25
8811,1180,1,9.25
6070,1659,1,9.2
6965,1610,1,9.2
7054,888,1,9.2
7301,1734,1,9.2
7598,1435,1,9.2
8625,1131,1,9.2
135,1306,1,9.2
851,1448,1,9.2
1787,86,1,9.2
11614,696,1,9.2
13204,2105,1,9.03
16200,422,1,9.03
14892,1703,1,8.85
7157,897,1,8.85
19461,677,1,8.85
887,1079,1,8.85
3581,2079,1,8.85
3770,1720,1,8.82
13795,1689,1,8.82
12292,765,1,8.79
12763,2064,1,8.79
12826,1687,1,8.79
13183,1087,1,8.79
14429,402,1,8.79
6624,1004,1,8.79
7978,1422,1,8.79
8352,348,1,8.79
9373,245,1,8.79
16738,44,1,8.79
6917,709,1,8.68
8737,1573,1,8.68
742,1780,1,8.68
12727,1966,1,8.68
14536,1292,1,8.68
14143,347,1,8.66
529,1835,1,8.66
3519,402,1,8.66
19808,836,1,8.66
10289,1922,1,8.56
19082,1324,1,8.56
8396,577,1,8.56
2229,1851,1,8.56
4618,1454,1,8.55
18868,528,1,8.55
14156,1018,1,8.55
8700,124,1,8.55
758,1133,1,8.53
1969,309,1,8.53
3657,799,1,8.53
2614,1213,1,8.5
2837,1759,1,8.5
19877,1985,1,8.5
8508,943,1,8.39
8754,1675,1,8.39
17365,453,1,8.39
17303,1079,1,8.38
9168,344,1,8.38
3141,1793,1,8.38
3114,819,1,8.31
14825,1576,1,8.31
16186,784,1,8.31
11433,1629,1,8.31
13941,550,1,8.31
17268,887,1,8.3
779,886,1,8.28
2537,1125,1,8.28
3144,1159,1,8.28
4649,309,1,8.28
5126,186,1,8.28
19990,542,1,8.28
6611,2006,1,8.15
10387,244,1,8.15
11220,1818,1,8.15
12494,2120,1,8.15
234,184,1,8.07
2907,1985,1,8.07
4474,4,1,8.07
1778,1910,1,7.91
3566,1383,1,7.91
11233,1226,1,7.91
11961,1216,1,7.91
13082,1501,1,7.91
17580,1092,1,7.91
18398,286,1,7.91
17940,1354,1,7.9
12426,602,1,7.9
1767,339,1,7.9
6414,989,1,7.9
7807,1788,1,7.9
5607,1440,1,7.58
14121,191,1,7.58
1703,460,1,7.58
3622,1761,1,7.58
6926,1619,1,7.54
7173,1140,1,7.54
18963,1710,1,7.54
16418,323,1,7.41
18285,2020,1,7.41
6254,1625,1,7.41
19707,1675,1,7.41
26,907,1,7.41
396,1694,1,7.41
1542,131,1,7.39
4595,510,1,7.39
19872,1610,1,7.39
15851,830,1,7.39
15991,2125,1,7.39
7192,616,1,7.39
8942,2001,1,7.39
12357,800,1,7.39
10492,1984,1,7.35
11580,1055,1,7.35
15424,351,1,7.35
16291,1480,1,7.35
6722,2027,1,7.35
5944,534,1,7.24
11588,1280,1,7.24
11793,1477,1,7.24
12860,2032,1,7.24
4259,990,1,7.24
16900,1637,1,7.24
2372,1212,1,7.22
3108,1799,1,7.16
14364,1991,1,7.16
15035,148,1,7.16
15648,214,1,7.16
15295,1229,1,7.12
14504,1634,1,7.12
12706,1658,1,7.07
14461,1678,1,7.07
2469,299,1,7.07
2690,413,1,7.07
1016,484,1,6.96
3874,774,1,6.96
12023,627,1,6.96
6960,1744,1,6.96
14850,503,1,6.96
17643,1254,1,6.96
18824,194,1,6.96
786,1492,1,6.63
2778,379,1,6.63
6729,1355,1,6.63
18067,1536,1,6.54
18571,582,1,6.54
10229,1154,1,6.54
11014,1535,1,6.54
1147,1406,1,6.54
3432,1739,1,6.54
3747,979,1,6.54
4509,1007,1,6.51
14935,1777,1,6.51
6875,369,1,6.51
9997,30,1,6.51
5453,976,1,6.45
11979,840,1,6.45
12507,1412,1,6.45
14327,1289,1,6.43
15212,325,1,6.4
16612,1422,1,6.32
16662,1026,1,6.32
17397,113,1,6.32
19012,536,1,6.32
10323,518,1,6.32
14187,1554,1,6.32
2617,713,1,6.32
19923,1496,1,6.32
4228,1024,1,6.01
5316,1997,1,6.01
7210,713,1,5.63
9295,1279,1,5.63
11157,451,1,5.63
13326,116,1,5.63
13768,326,1,5.63
15670,48,1,5.63
17766,2066,1,5.63
18929,1434,1,5.63
18295,758,1,5.5
19145,1201,1,5.5
13812,629,1,5.5
14369,518,1,5.5
8939,2113,1,5.5
8530,1255,1,5.4
9451,556,1,5.4
11244,517,1,5.4
14272,1569,1,5.4
16506,2096,1,5.4
17087,869,1,5.4
19260,45,1,5.4
3993,1882,1,5.4
4091,1117,1,5.4
3952,94,1,5.25
4894,732,1,5.25
5914,443,1,5.25
7275,1202,1,5.25
19161,209,1,5.25
3378,1657,1,4.96
10315,797,1,4.96
14738,2047,1,4.96
6319,1974,1,4.96
8144,655,1,4.78
1075,248,1,4.78
16702,1753,1,4.78
17287,1366,1,4.78
18095,1721,1,4.78
12761,1566,1,4.78
14030,394,1,4.78
9455,1888,1,4.69
18912,1021,1,4.69
12041,1787,1,4.15
13164,1481,1,4.15
4060,117,1,4.15
5354,1790,1,4.15
7600,228,1,4.15
9739,1901,1,3.5
17988,1768,1,3.5
630,129,1,3.5
11660,356,1,3.5
11946,1187,1,3.5
